symbol,name,market,industry,llm_input
00400A.TW,主動國泰動能高息,上市,ETF,00400A.TW 主動國泰動能高息；市場：上市；官方產業別：ETF
00401A.TW,主動摩根台灣鑫收,上市,ETF,00401A.TW 主動摩根台灣鑫收；市場：上市；官方產業別：ETF
0050.TW,元大台灣50,上市,ETF,0050.TW 元大台灣50；市場：上市；官方產業別：ETF
0051.TW,元大中型100,上市,ETF,0051.TW 元大中型100；市場：上市；官方產業別：ETF
0052.TW,富邦科技,上市,ETF,0052.TW 富邦科技；市場：上市；官方產業別：ETF
0053.TW,元大電子,上市,ETF,0053.TW 元大電子；市場：上市；官方產業別：ETF
0055.TW,元大MSCI金融,上市,ETF,0055.TW 元大MSCI金融；市場：上市；官方產業別：ETF
0056.TW,元大高股息,上市,ETF,0056.TW 元大高股息；市場：上市；官方產業別：ETF
0057.TW,富邦摩台,上市,ETF,0057.TW 富邦摩台；市場：上市；官方產業別：ETF
0061.TW,元大寶滬深,上市,ETF,0061.TW 元大寶滬深；市場：上市；官方產業別：ETF
006201.TWO,元大富櫃50,上櫃,ETF,006201.TWO 元大富櫃50；市場：上櫃；官方產業別：ETF
006203.TW,元大MSCI台灣,上市,ETF,006203.TW 元大MSCI台灣；市場：上市；官方產業別：ETF
006204.TW,永豐臺灣加權,上市,ETF,006204.TW 永豐臺灣加權；市場：上市；官方產業別：ETF
006205.TW,富邦上証,上市,ETF,006205.TW 富邦上証；市場：上市；官方產業別：ETF
006206.TW,元大上證50,上市,ETF,006206.TW 元大上證50；市場：上市；官方產業別：ETF
006207.TW,復華滬深,上市,ETF,006207.TW 復華滬深；市場：上市；官方產業別：ETF
006208.TW,富邦台50,上市,ETF,006208.TW 富邦台50；市場：上市；官方產業別：ETF
00625K.TW,富邦上証+R,上市,ETF,00625K.TW 富邦上証+R；市場：上市；官方產業別：ETF
00631L.TW,元大台灣50正2,上市,ETF,00631L.TW 元大台灣50正2；市場：上市；官方產業別：ETF
00632R.TW,元大台灣50反1,上市,ETF,00632R.TW 元大台灣50反1；市場：上市；官方產業別：ETF
00633L.TW,富邦上証正2,上市,ETF,00633L.TW 富邦上証正2；市場：上市；官方產業別：ETF
00634R.TW,富邦上証反1,上市,ETF,00634R.TW 富邦上証反1；市場：上市；官方產業別：ETF
00635U.TW,期元大S&P黃金,上市,ETF,00635U.TW 期元大S&P黃金；市場：上市；官方產業別：ETF
00636.TW,國泰中國A50,上市,ETF,00636.TW 國泰中國A50；市場：上市；官方產業別：ETF
00636K.TW,國泰中國A50+U,上市,ETF,00636K.TW 國泰中國A50+U；市場：上市；官方產業別：ETF
00637L.TW,元大滬深300正2,上市,ETF,00637L.TW 元大滬深300正2；市場：上市；官方產業別：ETF
00638R.TW,元大滬深300反1,上市,ETF,00638R.TW 元大滬深300反1；市場：上市；官方產業別：ETF
00639.TW,富邦深100,上市,ETF,00639.TW 富邦深100；市場：上市；官方產業別：ETF
00640L.TW,富邦日本正2,上市,ETF,00640L.TW 富邦日本正2；市場：上市；官方產業別：ETF
00641R.TW,富邦日本反1,上市,ETF,00641R.TW 富邦日本反1；市場：上市；官方產業別：ETF
00642U.TW,期元大S&P石油,上市,ETF,00642U.TW 期元大S&P石油；市場：上市；官方產業別：ETF
00643.TW,群益深証中小,上市,ETF,00643.TW 群益深証中小；市場：上市；官方產業別：ETF
00643K.TW,群益深証中小+R,上市,ETF,00643K.TW 群益深証中小+R；市場：上市；官方產業別：ETF
00645.TW,富邦日本,上市,ETF,00645.TW 富邦日本；市場：上市；官方產業別：ETF
00646.TW,元大S&P500,上市,ETF,00646.TW 元大S&P500；市場：上市；官方產業別：ETF
00647L.TW,元大S&P500正2,上市,ETF,00647L.TW 元大S&P500正2；市場：上市；官方產業別：ETF
00648R.TW,元大S&P500反1,上市,ETF,00648R.TW 元大S&P500反1；市場：上市；官方產業別：ETF
00650L.TW,復華香港正2,上市,ETF,00650L.TW 復華香港正2；市場：上市；官方產業別：ETF
00651R.TW,復華香港反1,上市,ETF,00651R.TW 復華香港反1；市場：上市；官方產業別：ETF
00652.TW,富邦印度,上市,ETF,00652.TW 富邦印度；市場：上市；官方產業別：ETF
00653L.TW,富邦印度正2,上市,ETF,00653L.TW 富邦印度正2；市場：上市；官方產業別：ETF
00654R.TW,富邦印度反1,上市,ETF,00654R.TW 富邦印度反1；市場：上市；官方產業別：ETF
00655L.TW,國泰中國A50正2,上市,ETF,00655L.TW 國泰中國A50正2；市場：上市；官方產業別：ETF
00656R.TW,國泰中國A50反1,上市,ETF,00656R.TW 國泰中國A50反1；市場：上市；官方產業別：ETF
00657.TW,國泰日經225,上市,ETF,00657.TW 國泰日經225；市場：上市；官方產業別：ETF
00657K.TW,國泰日經225+U,上市,ETF,00657K.TW 國泰日經225+U；市場：上市；官方產業別：ETF
00660.TW,元大歐洲50,上市,ETF,00660.TW 元大歐洲50；市場：上市；官方產業別：ETF
00661.TW,元大日經225,上市,ETF,00661.TW 元大日經225；市場：上市；官方產業別：ETF
00662.TW,富邦NASDAQ,上市,ETF,00662.TW 富邦NASDAQ；市場：上市；官方產業別：ETF
00663L.TW,國泰臺灣加權正2,上市,ETF,00663L.TW 國泰臺灣加權正2；市場：上市；官方產業別：ETF
00664R.TW,國泰臺灣加權反1,上市,ETF,00664R.TW 國泰臺灣加權反1；市場：上市；官方產業別：ETF
00665L.TW,富邦恒生國企正2,上市,ETF,00665L.TW 富邦恒生國企正2；市場：上市；官方產業別：ETF
00666R.TW,富邦恒生國企反1,上市,ETF,00666R.TW 富邦恒生國企反1；市場：上市；官方產業別：ETF
00668.TW,國泰美國道瓊,上市,ETF,00668.TW 國泰美國道瓊；市場：上市；官方產業別：ETF
00668K.TW,國泰美國道瓊+U,上市,ETF,00668K.TW 國泰美國道瓊+U；市場：上市；官方產業別：ETF
00669R.TW,國泰美國道瓊反1,上市,ETF,00669R.TW 國泰美國道瓊反1；市場：上市；官方產業別：ETF
00670L.TW,富邦NASDAQ正2,上市,ETF,00670L.TW 富邦NASDAQ正2；市場：上市；官方產業別：ETF
00671R.TW,富邦NASDAQ反1,上市,ETF,00671R.TW 富邦NASDAQ反1；市場：上市；官方產業別：ETF
00673R.TW,期元大S&P原油反1,上市,ETF,00673R.TW 期元大S&P原油反1；市場：上市；官方產業別：ETF
00674R.TW,期元大S&P黃金反1,上市,ETF,00674R.TW 期元大S&P黃金反1；市場：上市；官方產業別：ETF
00675L.TW,富邦臺灣加權正2,上市,ETF,00675L.TW 富邦臺灣加權正2；市場：上市；官方產業別：ETF
00676R.TW,富邦臺灣加權反1,上市,ETF,00676R.TW 富邦臺灣加權反1；市場：上市；官方產業別：ETF
00678.TW,群益那斯達克生技,上市,ETF,00678.TW 群益那斯達克生技；市場：上市；官方產業別：ETF
00679B.TWO,元大美債20年,上櫃,ETF,00679B.TWO 元大美債20年；市場：上櫃；官方產業別：ETF
00680L.TW,元大美債20正2,上市,ETF,00680L.TW 元大美債20正2；市場：上市；官方產業別：ETF
00681R.TW,元大美債20反1,上市,ETF,00681R.TW 元大美債20反1；市場：上市；官方產業別：ETF
00682U.TW,期元大美元指數,上市,ETF,00682U.TW 期元大美元指數；市場：上市；官方產業別：ETF
00683L.TW,期元大美元指正2,上市,ETF,00683L.TW 期元大美元指正2；市場：上市；官方產業別：ETF
00684R.TW,期元大美元指反1,上市,ETF,00684R.TW 期元大美元指反1；市場：上市；官方產業別：ETF
00685L.TW,群益臺灣加權正2,上市,ETF,00685L.TW 群益臺灣加權正2；市場：上市；官方產業別：ETF
00686R.TW,群益臺灣加權反1,上市,ETF,00686R.TW 群益臺灣加權反1；市場：上市；官方產業別：ETF
00687B.TWO,國泰20年美債,上櫃,ETF,00687B.TWO 國泰20年美債；市場：上櫃；官方產業別：ETF
00687C.TWO,國泰20年美債+櫃U,上櫃,ETF,00687C.TWO 國泰20年美債+櫃U；市場：上櫃；官方產業別：ETF
00688L.TW,國泰20年美債正2,上市,ETF,00688L.TW 國泰20年美債正2；市場：上市；官方產業別：ETF
00689R.TW,國泰20年美債反1,上市,ETF,00689R.TW 國泰20年美債反1；市場：上市；官方產業別：ETF
00690.TW,兆豐藍籌30,上市,ETF,00690.TW 兆豐藍籌30；市場：上市；官方產業別：ETF
00692.TW,富邦公司治理,上市,ETF,00692.TW 富邦公司治理；市場：上市；官方產業別：ETF
00693U.TW,期街口S&P黃豆,上市,ETF,00693U.TW 期街口S&P黃豆；市場：上市；官方產業別：ETF
00694B.TWO,富邦美債1-3,上櫃,ETF,00694B.TWO 富邦美債1-3；市場：上櫃；官方產業別：ETF
00695B.TWO,富邦美債7-10,上櫃,ETF,00695B.TWO 富邦美債7-10；市場：上櫃；官方產業別：ETF
00696B.TWO,富邦美債20年,上櫃,ETF,00696B.TWO 富邦美債20年；市場：上櫃；官方產業別：ETF
00697B.TWO,元大美債7-10,上櫃,ETF,00697B.TWO 元大美債7-10；市場：上櫃；官方產業別：ETF
00700.TW,富邦恒生國企,上市,ETF,00700.TW 富邦恒生國企；市場：上市；官方產業別：ETF
00701.TW,國泰股利精選30,上市,ETF,00701.TW 國泰股利精選30；市場：上市；官方產業別：ETF
00702.TW,國泰標普低波高息,上市,ETF,00702.TW 國泰標普低波高息；市場：上市；官方產業別：ETF
00703.TW,台新MSCI中國,上市,ETF,00703.TW 台新MSCI中國；市場：上市；官方產業別：ETF
00706L.TW,期元大S&P日圓正2,上市,ETF,00706L.TW 期元大S&P日圓正2；市場：上市；官方產業別：ETF
00707R.TW,期元大S&P日圓反1,上市,ETF,00707R.TW 期元大S&P日圓反1；市場：上市；官方產業別：ETF
00708L.TW,期元大S&P黃金正2,上市,ETF,00708L.TW 期元大S&P黃金正2；市場：上市；官方產業別：ETF
00709.TW,富邦歐洲,上市,ETF,00709.TW 富邦歐洲；市場：上市；官方產業別：ETF
00710B.TW,復華彭博非投等債,上市,ETF,00710B.TW 復華彭博非投等債；市場：上市；官方產業別：ETF
00711B.TW,復華彭博新興債,上市,ETF,00711B.TW 復華彭博新興債；市場：上市；官方產業別：ETF
00712.TW,復華富時不動產,上市,ETF,00712.TW 復華富時不動產；市場：上市；官方產業別：ETF
00713.TW,元大台灣高息低波,上市,ETF,00713.TW 元大台灣高息低波；市場：上市；官方產業別：ETF
00714.TW,群益道瓊美國地產,上市,ETF,00714.TW 群益道瓊美國地產；市場：上市；官方產業別：ETF
00715L.TW,期街口布蘭特正2,上市,ETF,00715L.TW 期街口布蘭特正2；市場：上市；官方產業別：ETF
00717.TW,富邦美國特別股,上市,ETF,00717.TW 富邦美國特別股；市場：上市；官方產業別：ETF
00719B.TWO,元大美債1-3,上櫃,ETF,00719B.TWO 元大美債1-3；市場：上櫃；官方產業別：ETF
00720B.TWO,元大投資級公司債,上櫃,ETF,00720B.TWO 元大投資級公司債；市場：上櫃；官方產業別：ETF
00722B.TWO,群益投資級電信債,上櫃,ETF,00722B.TWO 群益投資級電信債；市場：上櫃；官方產業別：ETF
00723B.TWO,群益投資級科技債,上櫃,ETF,00723B.TWO 群益投資級科技債；市場：上櫃；官方產業別：ETF
00724B.TWO,群益投資級金融債,上櫃,ETF,00724B.TWO 群益投資級金融債；市場：上櫃；官方產業別：ETF
00725B.TWO,國泰投資級公司債,上櫃,ETF,00725B.TWO 國泰投資級公司債；市場：上櫃；官方產業別：ETF
00726B.TWO,國泰新興投等債,上櫃,ETF,00726B.TWO 國泰新興投等債；市場：上櫃；官方產業別：ETF
00727B.TWO,國泰優選非投等債,上櫃,ETF,00727B.TWO 國泰優選非投等債；市場：上櫃；官方產業別：ETF
00728.TW,第一金工業30,上市,ETF,00728.TW 第一金工業30；市場：上市；官方產業別：ETF
00730.TW,富邦臺灣優質高息,上市,ETF,00730.TW 富邦臺灣優質高息；市場：上市；官方產業別：ETF
00731.TW,復華富時高息低波,上市,ETF,00731.TW 復華富時高息低波；市場：上市；官方產業別：ETF
00733.TW,富邦臺灣中小,上市,ETF,00733.TW 富邦臺灣中小；市場：上市；官方產業別：ETF
00734B.TWO,台新JPM新興債,上櫃,ETF,00734B.TWO 台新JPM新興債；市場：上櫃；官方產業別：ETF
00735.TW,國泰臺韓科技,上市,ETF,00735.TW 國泰臺韓科技；市場：上市；官方產業別：ETF
00736.TW,國泰新興市場,上市,ETF,00736.TW 國泰新興市場；市場：上市；官方產業別：ETF
00737.TW,國泰AI機器人,上市,ETF,00737.TW 國泰AI機器人；市場：上市；官方產業別：ETF
00738U.TW,期元大道瓊白銀,上市,ETF,00738U.TW 期元大道瓊白銀；市場：上市；官方產業別：ETF
00739.TW,元大MSCI A股,上市,ETF,00739.TW 元大MSCI A股；市場：上市；官方產業別：ETF
00740B.TWO,富邦全球投等債,上櫃,ETF,00740B.TWO 富邦全球投等債；市場：上櫃；官方產業別：ETF
00741B.TWO,富邦全球非投等債,上櫃,ETF,00741B.TWO 富邦全球非投等債；市場：上櫃；官方產業別：ETF
00746B.TWO,富邦A級公司債,上櫃,ETF,00746B.TWO 富邦A級公司債；市場：上櫃；官方產業別：ETF
00749B.TWO,凱基新興債10+,上櫃,ETF,00749B.TWO 凱基新興債10+；市場：上櫃；官方產業別：ETF
00750B.TWO,凱基科技債10+,上櫃,ETF,00750B.TWO 凱基科技債10+；市場：上櫃；官方產業別：ETF
00751B.TWO,元大AAA至A公司債,上櫃,ETF,00751B.TWO 元大AAA至A公司債；市場：上櫃；官方產業別：ETF
00752.TW,中信中國50,上市,ETF,00752.TW 中信中國50；市場：上市；官方產業別：ETF
00753L.TW,中信中國50正2,上市,ETF,00753L.TW 中信中國50正2；市場：上市；官方產業別：ETF
00754B.TWO,群益AAA-AA公司債,上櫃,ETF,00754B.TWO 群益AAA-AA公司債；市場：上櫃；官方產業別：ETF
00755B.TWO,群益投資級公用債,上櫃,ETF,00755B.TWO 群益投資級公用債；市場：上櫃；官方產業別：ETF
00756B.TWO,群益投等新興公債,上櫃,ETF,00756B.TWO 群益投等新興公債；市場：上櫃；官方產業別：ETF
00757.TW,統一FANG+,上市,ETF,00757.TW 統一FANG+；市場：上市；官方產業別：ETF
00758B.TWO,復華能源債,上櫃,ETF,00758B.TWO 復華能源債；市場：上櫃；官方產業別：ETF
00759B.TWO,復華製藥債,上櫃,ETF,00759B.TWO 復華製藥債；市場：上櫃；官方產業別：ETF
00760B.TWO,復華新興企業債,上櫃,ETF,00760B.TWO 復華新興企業債；市場：上櫃；官方產業別：ETF
00761B.TWO,國泰A級公司債,上櫃,ETF,00761B.TWO 國泰A級公司債；市場：上櫃；官方產業別：ETF
00762.TW,元大全球AI,上市,ETF,00762.TW 元大全球AI；市場：上市；官方產業別：ETF
00763U.TW,期街口道瓊銅,上市,ETF,00763U.TW 期街口道瓊銅；市場：上市；官方產業別：ETF
00764B.TWO,群益25年美債,上櫃,ETF,00764B.TWO 群益25年美債；市場：上櫃；官方產業別：ETF
00768B.TWO,復華20年美債,上櫃,ETF,00768B.TWO 復華20年美債；市場：上櫃；官方產業別：ETF
00770.TW,國泰北美科技,上市,ETF,00770.TW 國泰北美科技；市場：上市；官方產業別：ETF
00771.TW,元大US高息特別股,上市,ETF,00771.TW 元大US高息特別股；市場：上市；官方產業別：ETF
00772B.TWO,中信高評級公司債,上櫃,ETF,00772B.TWO 中信高評級公司債；市場：上櫃；官方產業別：ETF
00773B.TWO,中信優先金融債,上櫃,ETF,00773B.TWO 中信優先金融債；市場：上櫃；官方產業別：ETF
00775B.TW,新光投等債15+,上市,ETF,00775B.TW 新光投等債15+；市場：上市；官方產業別：ETF
00777B.TWO,凱基AAA至A公司債,上櫃,ETF,00777B.TWO 凱基AAA至A公司債；市場：上櫃；官方產業別：ETF
00778B.TWO,凱基金融債20+,上櫃,ETF,00778B.TWO 凱基金融債20+；市場：上櫃；官方產業別：ETF
00779B.TWO,凱基美債25+,上櫃,ETF,00779B.TWO 凱基美債25+；市場：上櫃；官方產業別：ETF
00780B.TWO,國泰A級金融債,上櫃,ETF,00780B.TWO 國泰A級金融債；市場：上櫃；官方產業別：ETF
00781B.TWO,國泰A級科技債,上櫃,ETF,00781B.TWO 國泰A級科技債；市場：上櫃；官方產業別：ETF
00782B.TWO,國泰A級公用債,上櫃,ETF,00782B.TWO 國泰A級公用債；市場：上櫃；官方產業別：ETF
00783.TW,富邦中証500,上市,ETF,00783.TW 富邦中証500；市場：上市；官方產業別：ETF
00785B.TWO,富邦金融投等債,上櫃,ETF,00785B.TWO 富邦金融投等債；市場：上櫃；官方產業別：ETF
00786B.TWO,元大10年IG銀行債,上櫃,ETF,00786B.TWO 元大10年IG銀行債；市場：上櫃；官方產業別：ETF
00787B.TWO,元大10年IG醫療債,上櫃,ETF,00787B.TWO 元大10年IG醫療債；市場：上櫃；官方產業別：ETF
00788B.TWO,元大10年IG電能債,上櫃,ETF,00788B.TWO 元大10年IG電能債；市場：上櫃；官方產業別：ETF
00789B.TWO,復華公司債A3,上櫃,ETF,00789B.TWO 復華公司債A3；市場：上櫃；官方產業別：ETF
00791B.TWO,復華信用債1-5,上櫃,ETF,00791B.TWO 復華信用債1-5；市場：上櫃；官方產業別：ETF
00792B.TWO,群益A級公司債,上櫃,ETF,00792B.TWO 群益A級公司債；市場：上櫃；官方產業別：ETF
00793B.TWO,群益AAA-A醫療債,上櫃,ETF,00793B.TWO 群益AAA-A醫療債；市場：上櫃；官方產業別：ETF
00795B.TWO,中信美國公債20年,上櫃,ETF,00795B.TWO 中信美國公債20年；市場：上櫃；官方產業別：ETF
00799B.TWO,國泰A級醫療債,上櫃,ETF,00799B.TWO 國泰A級醫療債；市場：上櫃；官方產業別：ETF
00830.TW,國泰費城半導體,上市,ETF,00830.TW 國泰費城半導體；市場：上市；官方產業別：ETF
00834B.TWO,第一金金融債10+,上櫃,ETF,00834B.TWO 第一金金融債10+；市場：上櫃；官方產業別：ETF
00836B.TWO,永豐10年A公司債,上櫃,ETF,00836B.TWO 永豐10年A公司債；市場：上櫃；官方產業別：ETF
00840B.TWO,凱基IG精選15+,上櫃,ETF,00840B.TWO 凱基IG精選15+；市場：上櫃；官方產業別：ETF
00841B.TWO,凱基AAA-AA公司債,上櫃,ETF,00841B.TWO 凱基AAA-AA公司債；市場：上櫃；官方產業別：ETF
00842B.TWO,台新美元銀行債,上櫃,ETF,00842B.TWO 台新美元銀行債；市場：上櫃；官方產業別：ETF
00844B.TWO,新光15年IG金融債,上櫃,ETF,00844B.TWO 新光15年IG金融債；市場：上櫃；官方產業別：ETF
00845B.TWO,富邦新興投等債,上櫃,ETF,00845B.TWO 富邦新興投等債；市場：上櫃；官方產業別：ETF
00846B.TWO,富邦歐洲銀行債,上櫃,ETF,00846B.TWO 富邦歐洲銀行債；市場：上櫃；官方產業別：ETF
00847B.TWO,中信美國市政債,上櫃,ETF,00847B.TWO 中信美國市政債；市場：上櫃；官方產業別：ETF
00848B.TWO,中信新興亞洲債,上櫃,ETF,00848B.TWO 中信新興亞洲債；市場：上櫃；官方產業別：ETF
00849B.TWO,中信EM主權債0-5,上櫃,ETF,00849B.TWO 中信EM主權債0-5；市場：上櫃；官方產業別：ETF
00850.TW,元大臺灣ESG永續,上市,ETF,00850.TW 元大臺灣ESG永續；市場：上市；官方產業別：ETF
00851.TW,台新全球AI,上市,ETF,00851.TW 台新全球AI；市場：上市；官方產業別：ETF
00852L.TW,國泰美國道瓊正2,上市,ETF,00852L.TW 國泰美國道瓊正2；市場：上市；官方產業別：ETF
00853B.TWO,統一美債10年Aa-A,上櫃,ETF,00853B.TWO 統一美債10年Aa-A；市場：上櫃；官方產業別：ETF
00856B.TWO,永豐1-3年美公債,上櫃,ETF,00856B.TWO 永豐1-3年美公債；市場：上櫃；官方產業別：ETF
00857B.TWO,永豐20年美公債,上櫃,ETF,00857B.TWO 永豐20年美公債；市場：上櫃；官方產業別：ETF
00858.TWO,永豐美國500大,上櫃,ETF,00858.TWO 永豐美國500大；市場：上櫃；官方產業別：ETF
00859B.TWO,群益0-1年美債,上櫃,ETF,00859B.TWO 群益0-1年美債；市場：上櫃；官方產業別：ETF
00860B.TWO,群益1-5Y投資級債,上櫃,ETF,00860B.TWO 群益1-5Y投資級債；市場：上櫃；官方產業別：ETF
00861.TW,元大全球未來通訊,上市,ETF,00861.TW 元大全球未來通訊；市場：上市；官方產業別：ETF
00862B.TWO,中信投資級公司債,上櫃,ETF,00862B.TWO 中信投資級公司債；市場：上櫃；官方產業別：ETF
00863B.TWO,中信全球電信債,上櫃,ETF,00863B.TWO 中信全球電信債；市場：上櫃；官方產業別：ETF
00864B.TWO,中信美國公債0-1,上櫃,ETF,00864B.TWO 中信美國公債0-1；市場：上櫃；官方產業別：ETF
00865B.TW,國泰US短期公債,上市,ETF,00865B.TW 國泰US短期公債；市場：上市；官方產業別：ETF
00867B.TWO,新光A-BBB電信債,上櫃,ETF,00867B.TWO 新光A-BBB電信債；市場：上櫃；官方產業別：ETF
00870B.TWO,元大15年EM主權債,上櫃,ETF,00870B.TWO 元大15年EM主權債；市場：上櫃；官方產業別：ETF
00875.TW,國泰網路資安,上市,ETF,00875.TW 國泰網路資安；市場：上市；官方產業別：ETF
00876.TW,元大全球5G,上市,ETF,00876.TW 元大全球5G；市場：上市；官方產業別：ETF
00877.TWO,復華中國5G,上櫃,ETF,00877.TWO 復華中國5G；市場：上櫃；官方產業別：ETF
00878.TW,國泰永續高股息,上市,ETF,00878.TW 國泰永續高股息；市場：上市；官方產業別：ETF
00881.TW,國泰台灣科技龍頭,上市,ETF,00881.TW 國泰台灣科技龍頭；市場：上市；官方產業別：ETF
00882.TW,中信中國高股息,上市,ETF,00882.TW 中信中國高股息；市場：上市；官方產業別：ETF
00883B.TWO,中信ESG投資級債,上櫃,ETF,00883B.TWO 中信ESG投資級債；市場：上櫃；官方產業別：ETF
00884B.TWO,中信低碳新興債,上櫃,ETF,00884B.TWO 中信低碳新興債；市場：上櫃；官方產業別：ETF
00885.TW,富邦越南,上市,ETF,00885.TW 富邦越南；市場：上市；官方產業別：ETF
00886.TWO,永豐美國科技,上櫃,ETF,00886.TWO 永豐美國科技；市場：上櫃；官方產業別：ETF
00887.TWO,永豐中國科技50大,上櫃,ETF,00887.TWO 永豐中國科技50大；市場：上櫃；官方產業別：ETF
00888.TWO,永豐台灣ESG,上櫃,ETF,00888.TWO 永豐台灣ESG；市場：上櫃；官方產業別：ETF
00890B.TWO,凱基ESG BBB債15+,上櫃,ETF,00890B.TWO 凱基ESG BBB債15+；市場：上櫃；官方產業別：ETF
00891.TW,中信關鍵半導體,上市,ETF,00891.TW 中信關鍵半導體；市場：上市；官方產業別：ETF
00892.TW,富邦台灣半導體,上市,ETF,00892.TW 富邦台灣半導體；市場：上市；官方產業別：ETF
00893.TW,國泰智能電動車,上市,ETF,00893.TW 國泰智能電動車；市場：上市；官方產業別：ETF
00894.TW,中信小資高價30,上市,ETF,00894.TW 中信小資高價30；市場：上市；官方產業別：ETF
00895.TW,富邦未來車,上市,ETF,00895.TW 富邦未來車；市場：上市；官方產業別：ETF
00896.TW,中信綠能及電動車,上市,ETF,00896.TW 中信綠能及電動車；市場：上市；官方產業別：ETF
00897.TW,富邦基因免疫生技,上市,ETF,00897.TW 富邦基因免疫生技；市場：上市；官方產業別：ETF
00898.TW,國泰基因免疫革命,上市,ETF,00898.TW 國泰基因免疫革命；市場：上市；官方產業別：ETF
00899.TW,FT潔淨能源,上市,ETF,00899.TW FT潔淨能源；市場：上市；官方產業別：ETF
00900.TW,富邦特選高股息30,上市,ETF,00900.TW 富邦特選高股息30；市場：上市；官方產業別：ETF
00901.TW,永豐智能車供應鏈,上市,ETF,00901.TW 永豐智能車供應鏈；市場：上市；官方產業別：ETF
00902.TW,中信電池及儲能,上市,ETF,00902.TW 中信電池及儲能；市場：上市；官方產業別：ETF
00903.TW,富邦元宇宙,上市,ETF,00903.TW 富邦元宇宙；市場：上市；官方產業別：ETF
00904.TW,新光臺灣半導體30,上市,ETF,00904.TW 新光臺灣半導體30；市場：上市；官方產業別：ETF
00905.TW,FT臺灣Smart,上市,ETF,00905.TW FT臺灣Smart；市場：上市；官方產業別：ETF
00907.TW,永豐優息存股,上市,ETF,00907.TW 永豐優息存股；市場：上市；官方產業別：ETF
00908.TW,富邦入息REITs+,上市,ETF,00908.TW 富邦入息REITs+；市場：上市；官方產業別：ETF
00909.TW,國泰數位支付服務,上市,ETF,00909.TW 國泰數位支付服務；市場：上市；官方產業別：ETF
00910.TW,第一金太空衛星,上市,ETF,00910.TW 第一金太空衛星；市場：上市；官方產業別：ETF
00911.TW,兆豐洲際半導體,上市,ETF,00911.TW 兆豐洲際半導體；市場：上市；官方產業別：ETF
00912.TW,中信臺灣智慧50,上市,ETF,00912.TW 中信臺灣智慧50；市場：上市；官方產業別：ETF
00913.TW,兆豐台灣晶圓製造,上市,ETF,00913.TW 兆豐台灣晶圓製造；市場：上市；官方產業別：ETF
00915.TW,凱基優選高股息30,上市,ETF,00915.TW 凱基優選高股息30；市場：上市；官方產業別：ETF
00916.TW,國泰全球品牌50,上市,ETF,00916.TW 國泰全球品牌50；市場：上市；官方產業別：ETF
00917.TW,中信特選金融,上市,ETF,00917.TW 中信特選金融；市場：上市；官方產業別：ETF
00918.TW,大華優利高填息30,上市,ETF,00918.TW 大華優利高填息30；市場：上市；官方產業別：ETF
00919.TW,群益台灣精選高息,上市,ETF,00919.TW 群益台灣精選高息；市場：上市；官方產業別：ETF
00920.TW,富邦ESG綠色電力,上市,ETF,00920.TW 富邦ESG綠色電力；市場：上市；官方產業別：ETF
00921.TW,兆豐龍頭等權重,上市,ETF,00921.TW 兆豐龍頭等權重；市場：上市；官方產業別：ETF
00922.TW,國泰台灣領袖50,上市,ETF,00922.TW 國泰台灣領袖50；市場：上市；官方產業別：ETF
00923.TW,群益台ESG低碳50,上市,ETF,00923.TW 群益台ESG低碳50；市場：上市；官方產業別：ETF
00924.TW,復華S&P500成長,上市,ETF,00924.TW 復華S&P500成長；市場：上市；官方產業別：ETF
00926.TW,凱基全球菁英55,上市,ETF,00926.TW 凱基全球菁英55；市場：上市；官方產業別：ETF
00927.TW,群益半導體收益,上市,ETF,00927.TW 群益半導體收益；市場：上市；官方產業別：ETF
00928.TWO,中信上櫃ESG 30,上櫃,ETF,00928.TWO 中信上櫃ESG 30；市場：上櫃；官方產業別：ETF
00929.TW,復華台灣科技優息,上市,ETF,00929.TW 復華台灣科技優息；市場：上市；官方產業別：ETF
00930.TW,永豐ESG低碳高息,上市,ETF,00930.TW 永豐ESG低碳高息；市場：上市；官方產業別：ETF
00931B.TWO,統一美債20年,上櫃,ETF,00931B.TWO 統一美債20年；市場：上櫃；官方產業別：ETF
00932.TW,兆豐永續高息等權,上市,ETF,00932.TW 兆豐永續高息等權；市場：上市；官方產業別：ETF
00933B.TWO,國泰10Y+金融債,上櫃,ETF,00933B.TWO 國泰10Y+金融債；市場：上櫃；官方產業別：ETF
00934.TW,中信成長高股息,上市,ETF,00934.TW 中信成長高股息；市場：上市；官方產業別：ETF
00935.TW,野村臺灣新科技50,上市,ETF,00935.TW 野村臺灣新科技50；市場：上市；官方產業別：ETF
00936.TW,台新永續高息中小,上市,ETF,00936.TW 台新永續高息中小；市場：上市；官方產業別：ETF
00937B.TWO,群益ESG投等債20+,上櫃,ETF,00937B.TWO 群益ESG投等債20+；市場：上櫃；官方產業別：ETF
00938.TW,凱基優選30,上市,ETF,00938.TW 凱基優選30；市場：上市；官方產業別：ETF
00939.TW,統一台灣高息動能,上市,ETF,00939.TW 統一台灣高息動能；市場：上市；官方產業別：ETF
00940.TW,元大台灣價值高息,上市,ETF,00940.TW 元大台灣價值高息；市場：上市；官方產業別：ETF
00941.TW,中信上游半導體,上市,ETF,00941.TW 中信上游半導體；市場：上市；官方產業別：ETF
00942B.TWO,台新美A公司債20+,上櫃,ETF,00942B.TWO 台新美A公司債20+；市場：上櫃；官方產業別：ETF
00943.TW,兆豐電子高息等權,上市,ETF,00943.TW 兆豐電子高息等權；市場：上市；官方產業別：ETF
00944.TW,野村趨勢動能高息,上市,ETF,00944.TW 野村趨勢動能高息；市場：上市；官方產業別：ETF
00945B.TW,凱基美國非投等債,上市,ETF,00945B.TW 凱基美國非投等債；市場：上市；官方產業別：ETF
00946.TW,群益科技高息成長,上市,ETF,00946.TW 群益科技高息成長；市場：上市；官方產業別：ETF
00947.TW,台新臺灣IC設計,上市,ETF,00947.TW 台新臺灣IC設計；市場：上市；官方產業別：ETF
00948B.TWO,中信優息投資級債,上櫃,ETF,00948B.TWO 中信優息投資級債；市場：上櫃；官方產業別：ETF
00949.TW,復華日本龍頭,上市,ETF,00949.TW 復華日本龍頭；市場：上市；官方產業別：ETF
00950B.TWO,凱基A級公司債,上櫃,ETF,00950B.TWO 凱基A級公司債；市場：上櫃；官方產業別：ETF
00951.TW,台新日本半導體,上市,ETF,00951.TW 台新日本半導體；市場：上市；官方產業別：ETF
00952.TW,凱基台灣AI50,上市,ETF,00952.TW 凱基台灣AI50；市場：上市；官方產業別：ETF
00953B.TW,群益優選非投等債,上市,ETF,00953B.TW 群益優選非投等債；市場：上市；官方產業別：ETF
00954.TW,中信日本半導體,上市,ETF,00954.TW 中信日本半導體；市場：上市；官方產業別：ETF
00955.TWO,中信日本商社,上櫃,ETF,00955.TWO 中信日本商社；市場：上櫃；官方產業別：ETF
00956.TW,中信日經高股息,上市,ETF,00956.TW 中信日經高股息；市場：上市；官方產業別：ETF
00957B.TWO,兆豐US優選投等債,上櫃,ETF,00957B.TWO 兆豐US優選投等債；市場：上櫃；官方產業別：ETF
00958B.TWO,永豐ESG銀行債15+,上櫃,ETF,00958B.TWO 永豐ESG銀行債15+；市場：上櫃；官方產業別：ETF
00959B.TWO,大華投等美債15Y+,上櫃,ETF,00959B.TWO 大華投等美債15Y+；市場：上櫃；官方產業別：ETF
00960.TW,野村全球航運龍頭,上市,ETF,00960.TW 野村全球航運龍頭；市場：上市；官方產業別：ETF
00961.TW,FT臺灣永續高息,上市,ETF,00961.TW FT臺灣永續高息；市場：上市；官方產業別：ETF
00962.TW,台新AI優息動能,上市,ETF,00962.TW 台新AI優息動能；市場：上市；官方產業別：ETF
00963.TW,中信全球高股息,上市,ETF,00963.TW 中信全球高股息；市場：上市；官方產業別：ETF
00964.TW,中信亞太高股息,上市,ETF,00964.TW 中信亞太高股息；市場：上市；官方產業別：ETF
00965.TW,元大航太防衛科技,上市,ETF,00965.TW 元大航太防衛科技；市場：上市；官方產業別：ETF
00966B.TWO,統一ESG投等債15+,上櫃,ETF,00966B.TWO 統一ESG投等債15+；市場：上櫃；官方產業別：ETF
00967B.TWO,元大優息美債,上櫃,ETF,00967B.TWO 元大優息美債；市場：上櫃；官方產業別：ETF
00968B.TWO,元大優息投等債,上櫃,ETF,00968B.TWO 元大優息投等債；市場：上櫃；官方產業別：ETF
00969B.TWO,元大零息超長美債,上櫃,ETF,00969B.TWO 元大零息超長美債；市場：上櫃；官方產業別：ETF
00970B.TWO,新光BBB投等債20+,上櫃,ETF,00970B.TWO 新光BBB投等債20+；市場：上櫃；官方產業別：ETF
00971.TW,野村美國研發龍頭,上市,ETF,00971.TW 野村美國研發龍頭；市場：上市；官方產業別：ETF
00972.TW,野村日本動能高息,上市,ETF,00972.TW 野村日本動能高息；市場：上市；官方產業別：ETF
009800.TW,中信NASDAQ,上市,ETF,009800.TW 中信NASDAQ；市場：上市；官方產業別：ETF
009801.TW,中信美國創新科技,上市,ETF,009801.TW 中信美國創新科技；市場：上市；官方產業別：ETF
009802.TW,富邦旗艦50,上市,ETF,009802.TW 富邦旗艦50；市場：上市；官方產業別：ETF
009803.TW,玉山市值動能50,上市,ETF,009803.TW 玉山市值動能50；市場：上市；官方產業別：ETF
009804.TW,聯邦台精彩50,上市,ETF,009804.TW 聯邦台精彩50；市場：上市；官方產業別：ETF
009805.TW,新光美國電力基建,上市,ETF,009805.TW 新光美國電力基建；市場：上市；官方產業別：ETF
009806.TWO,台新標普500,上櫃,ETF,009806.TWO 台新標普500；市場：上櫃；官方產業別：ETF
009807.TWO,台新標普科技精選,上櫃,ETF,009807.TWO 台新標普科技精選；市場：上櫃；官方產業別：ETF
009808.TW,華南永昌優選50,上市,ETF,009808.TW 華南永昌優選50；市場：上市；官方產業別：ETF
009809.TW,富邦淨零ESG50,上市,ETF,009809.TW 富邦淨零ESG50；市場：上市；官方產業別：ETF
00980A.TW,主動野村臺灣優選,上市,ETF,00980A.TW 主動野村臺灣優選；市場：上市；官方產業別：ETF
00980B.TWO,台新特選IG債10+,上櫃,ETF,00980B.TWO 台新特選IG債10+；市場：上櫃；官方產業別：ETF
00980D.TWO,主動聯博投等入息,上櫃,ETF,00980D.TWO 主動聯博投等入息；市場：上櫃；官方產業別：ETF
00980T.TWO,平衡凱基美國TOP,上櫃,ETF,00980T.TWO 平衡凱基美國TOP；市場：上櫃；官方產業別：ETF
009810.TW,玉山全球藍籌100,上市,ETF,009810.TW 玉山全球藍籌100；市場：上市；官方產業別：ETF
009811.TW,統一美國50,上市,ETF,009811.TW 統一美國50；市場：上市；官方產業別：ETF
009812.TW,野村日本東證,上市,ETF,009812.TW 野村日本東證；市場：上市；官方產業別：ETF
009813.TW,貝萊德標普卓越50,上市,ETF,009813.TW 貝萊德標普卓越50；市場：上市；官方產業別：ETF
009814.TWO,富邦標普500,上櫃,ETF,009814.TWO 富邦標普500；市場：上櫃；官方產業別：ETF
009815.TWO,大華美國MAG7+,上櫃,ETF,009815.TWO 大華美國MAG7+；市場：上櫃；官方產業別：ETF
009816.TW,凱基台灣TOP50,上市,ETF,009816.TW 凱基台灣TOP50；市場：上市；官方產業別：ETF
009817.TW,國泰日本不動產,上市,ETF,009817.TW 國泰日本不動產；市場：上市；官方產業別：ETF
009818.TW,華南永昌NASDAQxT,上市,ETF,009818.TW 華南永昌NASDAQxT；市場：上市；官方產業別：ETF
009819.TW,中信數據及電力,上市,ETF,009819.TW 中信數據及電力；市場：上市；官方產業別：ETF
00981A.TW,主動統一台股增長,上市,ETF,00981A.TW 主動統一台股增長；市場：上市；官方產業別：ETF
00981B.TWO,第一金優選非投債,上櫃,ETF,00981B.TWO 第一金優選非投債；市場：上櫃；官方產業別：ETF
00981D.TWO,主動中信非投等債,上櫃,ETF,00981D.TWO 主動中信非投等債；市場：上櫃；官方產業別：ETF
00981T.TW,平衡凱基雙核收息,上市,ETF,00981T.TW 平衡凱基雙核收息；市場：上市；官方產業別：ETF
009820.TW,元大納斯達克精選,上市,ETF,009820.TW 元大納斯達克精選；市場：上市；官方產業別：ETF
00982A.TW,主動群益台灣強棒,上市,ETF,00982A.TW 主動群益台灣強棒；市場：上市；官方產業別：ETF
00982B.TWO,FT投資級債20+,上櫃,ETF,00982B.TWO FT投資級債20+；市場：上櫃；官方產業別：ETF
00982D.TW,主動富邦動態入息,上市,ETF,00982D.TW 主動富邦動態入息；市場：上市；官方產業別：ETF
00982T.TW,平衡兆豐台美動能,上市,ETF,00982T.TW 平衡兆豐台美動能；市場：上市；官方產業別：ETF
00983A.TW,主動中信ARK創新,上市,ETF,00983A.TW 主動中信ARK創新；市場：上市；官方產業別：ETF
00983B.TWO,大華優利美公債20,上櫃,ETF,00983B.TWO 大華優利美公債20；市場：上櫃；官方產業別：ETF
00983D.TW,主動富邦複合收益,上市,ETF,00983D.TW 主動富邦複合收益；市場：上市；官方產業別：ETF
00984A.TW,主動安聯台灣高息,上市,ETF,00984A.TW 主動安聯台灣高息；市場：上市；官方產業別：ETF
00984B.TWO,大華優利美A債15,上櫃,ETF,00984B.TWO 大華優利美A債15；市場：上櫃；官方產業別：ETF
00984D.TW,主動聯博全球非投,上市,ETF,00984D.TW 主動聯博全球非投；市場：上市；官方產業別：ETF
00985A.TW,主動野村台灣50,上市,ETF,00985A.TW 主動野村台灣50；市場：上市；官方產業別：ETF
00985B.TW,群益ESG投等債0-5,上市,ETF,00985B.TW 群益ESG投等債0-5；市場：上市；官方產業別：ETF
00985D.TWO,主動貝萊德優投等,上櫃,ETF,00985D.TWO 主動貝萊德優投等；市場：上櫃；官方產業別：ETF
00986A.TW,主動台新龍頭成長,上市,ETF,00986A.TW 主動台新龍頭成長；市場：上市；官方產業別：ETF
00986B.TWO,FT金融債10+,上櫃,ETF,00986B.TWO FT金融債10+；市場：上櫃；官方產業別：ETF
00986D.TWO,主動復華金融債息,上櫃,ETF,00986D.TWO 主動復華金融債息；市場：上櫃；官方產業別：ETF
00987A.TW,主動台新優勢成長,上市,ETF,00987A.TW 主動台新優勢成長；市場：上市；官方產業別：ETF
00987B.TWO,野村10+澳洲公債,上櫃,ETF,00987B.TWO 野村10+澳洲公債；市場：上櫃；官方產業別：ETF
00988A.TW,主動統一全球創新,上市,ETF,00988A.TW 主動統一全球創新；市場：上市；官方產業別：ETF
00988B.TWO,玉山嚴選非投債,上櫃,ETF,00988B.TWO 玉山嚴選非投債；市場：上櫃；官方產業別：ETF
00989A.TW,主動摩根美國科技,上市,ETF,00989A.TW 主動摩根美國科技；市場：上市；官方產業別：ETF
00989B.TWO,台新美國非投等債,上櫃,ETF,00989B.TWO 台新美國非投等債；市場：上櫃；官方產業別：ETF
00990A.TW,主動元大AI新經濟,上市,ETF,00990A.TW 主動元大AI新經濟；市場：上市；官方產業別：ETF
00991A.TW,主動復華未來50,上市,ETF,00991A.TW 主動復華未來50；市場：上市；官方產業別：ETF
00992A.TW,主動群益科技創新,上市,ETF,00992A.TW 主動群益科技創新；市場：上市；官方產業別：ETF
00993A.TW,主動安聯台灣,上市,ETF,00993A.TW 主動安聯台灣；市場：上市；官方產業別：ETF
00994A.TW,主動第一金台股優,上市,ETF,00994A.TW 主動第一金台股優；市場：上市；官方產業別：ETF
00995A.TW,主動中信台灣卓越,上市,ETF,00995A.TW 主動中信台灣卓越；市場：上市；官方產業別：ETF
00996A.TW,主動兆豐台灣豐收,上市,ETF,00996A.TW 主動兆豐台灣豐收；市場：上市；官方產業別：ETF
00997A.TW,主動群益美國增長,上市,ETF,00997A.TW 主動群益美國增長；市場：上市；官方產業別：ETF
00998A.TWO,主動復華金融股息,上櫃,ETF,00998A.TWO 主動復華金融股息；市場：上櫃；官方產業別：ETF
1101.TW,台泥,上市,1,1101.TW 台泥；市場：上市；官方產業別：1
1102.TW,亞泥,上市,1,1102.TW 亞泥；市場：上市；官方產業別：1
1103.TW,嘉泥,上市,1,1103.TW 嘉泥；市場：上市；官方產業別：1
1104.TW,環泥,上市,1,1104.TW 環泥；市場：上市；官方產業別：1
1108.TW,幸福,上市,1,1108.TW 幸福；市場：上市；官方產業別：1
1109.TW,信大,上市,1,1109.TW 信大；市場：上市；官方產業別：1
1110.TW,東泥,上市,1,1110.TW 東泥；市場：上市；官方產業別：1
1201.TW,味全,上市,2,1201.TW 味全；市場：上市；官方產業別：2
1203.TW,味王,上市,2,1203.TW 味王；市場：上市；官方產業別：2
1210.TW,大成,上市,2,1210.TW 大成；市場：上市；官方產業別：2
1213.TW,大飲,上市,2,1213.TW 大飲；市場：上市；官方產業別：2
1215.TW,卜蜂,上市,2,1215.TW 卜蜂；市場：上市；官方產業別：2
1216.TW,統一,上市,2,1216.TW 統一；市場：上市；官方產業別：2
1217.TW,愛之味,上市,2,1217.TW 愛之味；市場：上市；官方產業別：2
1218.TW,泰山,上市,2,1218.TW 泰山；市場：上市；官方產業別：2
1219.TW,福壽,上市,2,1219.TW 福壽；市場：上市；官方產業別：2
1220.TW,台榮,上市,2,1220.TW 台榮；市場：上市；官方產業別：2
1225.TW,福懋油,上市,2,1225.TW 福懋油；市場：上市；官方產業別：2
1227.TW,佳格,上市,2,1227.TW 佳格；市場：上市；官方產業別：2
1229.TW,聯華,上市,2,1229.TW 聯華；市場：上市；官方產業別：2
1231.TW,聯華食,上市,2,1231.TW 聯華食；市場：上市；官方產業別：2
1232.TW,大統益,上市,2,1232.TW 大統益；市場：上市；官方產業別：2
1233.TW,天仁,上市,2,1233.TW 天仁；市場：上市；官方產業別：2
1234.TW,黑松,上市,2,1234.TW 黑松；市場：上市；官方產業別：2
1235.TW,興泰,上市,2,1235.TW 興泰；市場：上市；官方產業別：2
1236.TW,宏亞,上市,2,1236.TW 宏亞；市場：上市；官方產業別：2
1240.TWO,茂生農經,上櫃,33,1240.TWO 茂生農經；市場：上櫃；官方產業別：33
1256.TW,鮮活果汁-KY,上市,2,1256.TW 鮮活果汁-KY；市場：上市；官方產業別：2
1259.TWO,安心,上櫃,16,1259.TWO 安心；市場：上櫃；官方產業別：16
1264.TWO,德麥,上櫃,2,1264.TWO 德麥；市場：上櫃；官方產業別：2
1268.TWO,漢來美食,上櫃,16,1268.TWO 漢來美食；市場：上櫃；官方產業別：16
1294.TWO,漢田生技,上櫃,2,1294.TWO 漢田生技；市場：上櫃；官方產業別：2
1295.TWO,生合,上櫃,2,1295.TWO 生合；市場：上櫃；官方產業別：2
1301.TW,台塑,上市,3,1301.TW 台塑；市場：上市；官方產業別：3
1303.TW,南亞,上市,3,1303.TW 南亞；市場：上市；官方產業別：3
1304.TW,台聚,上市,3,1304.TW 台聚；市場：上市；官方產業別：3
1305.TW,華夏,上市,3,1305.TW 華夏；市場：上市；官方產業別：3
1307.TW,三芳,上市,3,1307.TW 三芳；市場：上市；官方產業別：3
1308.TW,亞聚,上市,3,1308.TW 亞聚；市場：上市；官方產業別：3
1309.TW,台達化,上市,3,1309.TW 台達化；市場：上市；官方產業別：3
1310.TW,台苯,上市,3,1310.TW 台苯；市場：上市；官方產業別：3
1312.TW,國喬,上市,3,1312.TW 國喬；市場：上市；官方產業別：3
1313.TW,聯成,上市,3,1313.TW 聯成；市場：上市；官方產業別：3
1314.TW,中石化,上市,3,1314.TW 中石化；市場：上市；官方產業別：3
1315.TW,達新,上市,3,1315.TW 達新；市場：上市；官方產業別：3
1316.TW,上曜,上市,14,1316.TW 上曜；市場：上市；官方產業別：14
1319.TW,東陽,上市,12,1319.TW 東陽；市場：上市；官方產業別：12
1321.TW,大洋,上市,3,1321.TW 大洋；市場：上市；官方產業別：3
1323.TW,永裕,上市,3,1323.TW 永裕；市場：上市；官方產業別：3
1324.TW,地球,上市,3,1324.TW 地球；市場：上市；官方產業別：3
1325.TW,恆大,上市,3,1325.TW 恆大；市場：上市；官方產業別：3
1326.TW,台化,上市,3,1326.TW 台化；市場：上市；官方產業別：3
1336.TWO,台翰,上櫃,28,1336.TWO 台翰；市場：上櫃；官方產業別：28
1337.TW,再生-KY,上市,3,1337.TW 再生-KY；市場：上市；官方產業別：3
1338.TW,廣華-KY,上市,12,1338.TW 廣華-KY；市場：上市；官方產業別：12
1339.TW,昭輝,上市,12,1339.TW 昭輝；市場：上市；官方產業別：12
1340.TW,勝悅-KY,上市,3,1340.TW 勝悅-KY；市場：上市；官方產業別：3
1341.TW,富林-KY,上市,3,1341.TW 富林-KY；市場：上市；官方產業別：3
1342.TW,八貫,上市,20,1342.TW 八貫；市場：上市；官方產業別：20
1402.TW,遠東新,上市,4,1402.TW 遠東新；市場：上市；官方產業別：4
1409.TW,新纖,上市,4,1409.TW 新纖；市場：上市；官方產業別：4
1410.TW,南染,上市,4,1410.TW 南染；市場：上市；官方產業別：4
1413.TW,宏洲,上市,4,1413.TW 宏洲；市場：上市；官方產業別：4
1414.TW,東和,上市,4,1414.TW 東和；市場：上市；官方產業別：4
1416.TW,廣豐,上市,20,1416.TW 廣豐；市場：上市；官方產業別：20
1417.TW,嘉裕,上市,4,1417.TW 嘉裕；市場：上市；官方產業別：4
1418.TW,東華,上市,4,1418.TW 東華；市場：上市；官方產業別：4
1419.TW,新紡,上市,4,1419.TW 新紡；市場：上市；官方產業別：4
1423.TW,利華,上市,4,1423.TW 利華；市場：上市；官方產業別：4
1432.TW,大魯閣,上市,37,1432.TW 大魯閣；市場：上市；官方產業別：37
1434.TW,福懋,上市,4,1434.TW 福懋；市場：上市；官方產業別：4
1435.TW,中福,上市,20,1435.TW 中福；市場：上市；官方產業別：20
1436.TW,華友聯,上市,14,1436.TW 華友聯；市場：上市；官方產業別：14
1437.TW,勤益控,上市,20,1437.TW 勤益控；市場：上市；官方產業別：20
1438.TW,三地開發,上市,14,1438.TW 三地開發；市場：上市；官方產業別：14
1439.TW,雋揚,上市,14,1439.TW 雋揚；市場：上市；官方產業別：14
1440.TW,南紡,上市,4,1440.TW 南紡；市場：上市；官方產業別：4
1441.TW,大東,上市,4,1441.TW 大東；市場：上市；官方產業別：4
1442.TW,名軒,上市,14,1442.TW 名軒；市場：上市；官方產業別：14
1443.TW,立益物流,上市,20,1443.TW 立益物流；市場：上市；官方產業別：20
1444.TW,力麗,上市,4,1444.TW 力麗；市場：上市；官方產業別：4
1445.TW,大宇,上市,4,1445.TW 大宇；市場：上市；官方產業別：4
1446.TW,宏和,上市,4,1446.TW 宏和；市場：上市；官方產業別：4
1447.TW,力鵬,上市,4,1447.TW 力鵬；市場：上市；官方產業別：4
1449.TW,佳和,上市,4,1449.TW 佳和；市場：上市；官方產業別：4
1451.TW,年興,上市,4,1451.TW 年興；市場：上市；官方產業別：4
1452.TW,宏益,上市,4,1452.TW 宏益；市場：上市；官方產業別：4
1453.TW,大將,上市,14,1453.TW 大將；市場：上市；官方產業別：14
1454.TW,台富,上市,4,1454.TW 台富；市場：上市；官方產業別：4
1455.TW,集盛,上市,4,1455.TW 集盛；市場：上市；官方產業別：4
1456.TW,怡華,上市,14,1456.TW 怡華；市場：上市；官方產業別：14
1457.TW,宜進,上市,4,1457.TW 宜進；市場：上市；官方產業別：4
1459.TW,聯發,上市,4,1459.TW 聯發；市場：上市；官方產業別：4
1460.TW,宏遠,上市,4,1460.TW 宏遠；市場：上市；官方產業別：4
1463.TW,強盛新,上市,4,1463.TW 強盛新；市場：上市；官方產業別：4
1464.TW,得力,上市,4,1464.TW 得力；市場：上市；官方產業別：4
1465.TW,偉全,上市,4,1465.TW 偉全；市場：上市；官方產業別：4
1466.TW,聚隆,上市,4,1466.TW 聚隆；市場：上市；官方產業別：4
1467.TW,南緯,上市,4,1467.TW 南緯；市場：上市；官方產業別：4
1468.TW,昶和,上市,4,1468.TW 昶和；市場：上市；官方產業別：4
1470.TW,大統新創,上市,4,1470.TW 大統新創；市場：上市；官方產業別：4
1471.TW,首利,上市,28,1471.TW 首利；市場：上市；官方產業別：28
1472.TW,三洋實業,上市,14,1472.TW 三洋實業；市場：上市；官方產業別：14
1473.TW,台南,上市,4,1473.TW 台南；市場：上市；官方產業別：4
1474.TW,弘裕,上市,4,1474.TW 弘裕；市場：上市；官方產業別：4
1475.TW,業旺,上市,4,1475.TW 業旺；市場：上市；官方產業別：4
1476.TW,儒鴻,上市,4,1476.TW 儒鴻；市場：上市；官方產業別：4
1477.TW,聚陽,上市,4,1477.TW 聚陽；市場：上市；官方產業別：4
1503.TW,士電,上市,5,1503.TW 士電；市場：上市；官方產業別：5
1504.TW,東元,上市,5,1504.TW 東元；市場：上市；官方產業別：5
1506.TW,正道,上市,5,1506.TW 正道；市場：上市；官方產業別：5
1512.TW,瑞利,上市,12,1512.TW 瑞利；市場：上市；官方產業別：12
1513.TW,中興電,上市,5,1513.TW 中興電；市場：上市；官方產業別：5
1514.TW,亞力,上市,5,1514.TW 亞力；市場：上市；官方產業別：5
1515.TW,力山,上市,5,1515.TW 力山；市場：上市；官方產業別：5
1516.TW,川飛,上市,20,1516.TW 川飛；市場：上市；官方產業別：20
1517.TW,利奇,上市,5,1517.TW 利奇；市場：上市；官方產業別：5
1519.TW,華城,上市,5,1519.TW 華城；市場：上市；官方產業別：5
1521.TW,大億,上市,12,1521.TW 大億；市場：上市；官方產業別：12
1522.TW,堤維西,上市,12,1522.TW 堤維西；市場：上市；官方產業別：12
1524.TW,耿鼎,上市,12,1524.TW 耿鼎；市場：上市；官方產業別：12
1525.TW,江申,上市,12,1525.TW 江申；市場：上市；官方產業別：12
1526.TW,日馳,上市,5,1526.TW 日馳；市場：上市；官方產業別：5
1527.TW,鑽全,上市,5,1527.TW 鑽全；市場：上市；官方產業別：5
1528.TW,恩德,上市,5,1528.TW 恩德；市場：上市；官方產業別：5
1529.TW,樂事綠能,上市,5,1529.TW 樂事綠能；市場：上市；官方產業別：5
1530.TW,亞崴,上市,5,1530.TW 亞崴；市場：上市；官方產業別：5
1531.TW,高林股,上市,5,1531.TW 高林股；市場：上市；官方產業別：5
1532.TW,勤美,上市,5,1532.TW 勤美；市場：上市；官方產業別：5
1533.TW,車王電,上市,12,1533.TW 車王電；市場：上市；官方產業別：12
1535.TW,中宇,上市,5,1535.TW 中宇；市場：上市；官方產業別：5
1536.TW,和大,上市,12,1536.TW 和大；市場：上市；官方產業別：12
1537.TW,廣隆,上市,5,1537.TW 廣隆；市場：上市；官方產業別：5
1538.TW,正峰,上市,5,1538.TW 正峰；市場：上市；官方產業別：5
1539.TW,巨庭,上市,5,1539.TW 巨庭；市場：上市；官方產業別：5
1540.TW,喬福,上市,5,1540.TW 喬福；市場：上市；官方產業別：5
1541.TW,錩泰,上市,5,1541.TW 錩泰；市場：上市；官方產業別：5
1558.TW,伸興,上市,5,1558.TW 伸興；市場：上市；官方產業別：5
1560.TW,中砂,上市,5,1560.TW 中砂；市場：上市；官方產業別：5
1563.TW,巧新,上市,12,1563.TW 巧新；市場：上市；官方產業別：12
1565.TWO,精華,上櫃,22,1565.TWO 精華；市場：上櫃；官方產業別：22
1568.TW,倉佑,上市,12,1568.TW 倉佑；市場：上市；官方產業別：12
1569.TWO,濱川,上櫃,25,1569.TWO 濱川；市場：上櫃；官方產業別：25
1570.TWO,力肯,上櫃,5,1570.TWO 力肯；市場：上櫃；官方產業別：5
1580.TWO,新麥,上櫃,5,1580.TWO 新麥；市場：上櫃；官方產業別：5
1582.TW,信錦,上市,28,1582.TW 信錦；市場：上市；官方產業別：28
1583.TW,程泰,上市,5,1583.TW 程泰；市場：上市；官方產業別：5
1584.TWO,精剛,上櫃,20,1584.TWO 精剛；市場：上櫃；官方產業別：20
1586.TWO,和勤,上櫃,5,1586.TWO 和勤；市場：上櫃；官方產業別：5
1587.TW,吉茂,上市,12,1587.TW 吉茂；市場：上市；官方產業別：12
1589.TW,永冠-KY,上市,5,1589.TW 永冠-KY；市場：上市；官方產業別：5
1590.TW,亞德客-KY,上市,5,1590.TW 亞德客-KY；市場：上市；官方產業別：5
1591.TWO,駿吉-KY,上櫃,5,1591.TWO 駿吉-KY；市場：上櫃；官方產業別：5
1593.TWO,祺驊,上櫃,37,1593.TWO 祺驊；市場：上櫃；官方產業別：37
1595.TWO,川寶,上櫃,28,1595.TWO 川寶；市場：上櫃；官方產業別：28
1597.TW,直得,上市,5,1597.TW 直得；市場：上市；官方產業別：5
1598.TW,岱宇,上市,37,1598.TW 岱宇；市場：上市；官方產業別：37
1599.TWO,宏佳騰,上櫃,5,1599.TWO 宏佳騰；市場：上櫃；官方產業別：5
1603.TW,華電,上市,6,1603.TW 華電；市場：上市；官方產業別：6
1604.TW,聲寶,上市,6,1604.TW 聲寶；市場：上市；官方產業別：6
1605.TW,華新,上市,6,1605.TW 華新；市場：上市；官方產業別：6
1608.TW,華榮,上市,6,1608.TW 華榮；市場：上市；官方產業別：6
1609.TW,大亞,上市,6,1609.TW 大亞；市場：上市；官方產業別：6
1611.TW,中電,上市,6,1611.TW 中電；市場：上市；官方產業別：6
1612.TW,宏泰,上市,6,1612.TW 宏泰；市場：上市；官方產業別：6
1614.TW,三洋電,上市,6,1614.TW 三洋電；市場：上市；官方產業別：6
1615.TW,大山,上市,6,1615.TW 大山；市場：上市；官方產業別：6
1616.TW,億泰,上市,6,1616.TW 億泰；市場：上市；官方產業別：6
1617.TW,榮星,上市,6,1617.TW 榮星；市場：上市；官方產業別：6
1618.TW,合機,上市,6,1618.TW 合機；市場：上市；官方產業別：6
1623.TW,大東電,上市,6,1623.TW 大東電；市場：上市；官方產業別：6
1626.TW,艾美特-KY,上市,6,1626.TW 艾美特-KY；市場：上市；官方產業別：6
1702.TW,南僑,上市,2,1702.TW 南僑；市場：上市；官方產業別：2
1707.TW,葡萄王,上市,22,1707.TW 葡萄王；市場：上市；官方產業別：22
1708.TW,東鹼,上市,21,1708.TW 東鹼；市場：上市；官方產業別：21
1709.TW,和益,上市,21,1709.TW 和益；市場：上市；官方產業別：21
1710.TW,東聯,上市,21,1710.TW 東聯；市場：上市；官方產業別：21
1711.TW,永光,上市,21,1711.TW 永光；市場：上市；官方產業別：21
1712.TW,興農,上市,21,1712.TW 興農；市場：上市；官方產業別：21
1713.TW,國化,上市,21,1713.TW 國化；市場：上市；官方產業別：21
1714.TW,和桐,上市,21,1714.TW 和桐；市場：上市；官方產業別：21
1717.TW,長興,上市,21,1717.TW 長興；市場：上市；官方產業別：21
1718.TW,中纖,上市,21,1718.TW 中纖；市場：上市；官方產業別：21
1720.TW,生達,上市,22,1720.TW 生達；市場：上市；官方產業別：22
1721.TW,三晃,上市,21,1721.TW 三晃；市場：上市；官方產業別：21
1722.TW,台肥,上市,21,1722.TW 台肥；市場：上市；官方產業別：21
1723.TW,中碳,上市,21,1723.TW 中碳；市場：上市；官方產業別：21
1725.TW,元禎,上市,21,1725.TW 元禎；市場：上市；官方產業別：21
1726.TW,永記,上市,21,1726.TW 永記；市場：上市；官方產業別：21
1727.TW,中華化,上市,21,1727.TW 中華化；市場：上市；官方產業別：21
1730.TW,花仙子,上市,21,1730.TW 花仙子；市場：上市；官方產業別：21
1731.TW,美吾華,上市,22,1731.TW 美吾華；市場：上市；官方產業別：22
1732.TW,毛寶,上市,21,1732.TW 毛寶；市場：上市；官方產業別：21
1733.TW,五鼎,上市,22,1733.TW 五鼎；市場：上市；官方產業別：22
1734.TW,杏輝,上市,22,1734.TW 杏輝；市場：上市；官方產業別：22
1735.TW,日勝化,上市,21,1735.TW 日勝化；市場：上市；官方產業別：21
1736.TW,喬山,上市,37,1736.TW 喬山；市場：上市；官方產業別：37
1737.TW,臺鹽,上市,2,1737.TW 臺鹽；市場：上市；官方產業別：2
1742.TWO,台蠟,上櫃,21,1742.TWO 台蠟；市場：上櫃；官方產業別：21
1752.TW,南光,上市,22,1752.TW 南光；市場：上市；官方產業別：22
1760.TW,寶齡富錦,上市,22,1760.TW 寶齡富錦；市場：上市；官方產業別：22
1762.TW,中化生,上市,22,1762.TW 中化生；市場：上市；官方產業別：22
1773.TW,勝一,上市,21,1773.TW 勝一；市場：上市；官方產業別：21
1776.TW,展宇,上市,21,1776.TW 展宇；市場：上市；官方產業別：21
1777.TWO,生泰,上櫃,22,1777.TWO 生泰；市場：上櫃；官方產業別：22
1781.TWO,合世,上櫃,22,1781.TWO 合世；市場：上櫃；官方產業別：22
1783.TW,和康生,上市,22,1783.TW 和康生；市場：上市；官方產業別：22
1784.TWO,訊聯,上櫃,22,1784.TWO 訊聯；市場：上櫃；官方產業別：22
1785.TWO,光洋科,上櫃,31,1785.TWO 光洋科；市場：上櫃；官方產業別：31
1786.TW,科妍,上市,22,1786.TW 科妍；市場：上市；官方產業別：22
1788.TWO,杏昌,上櫃,22,1788.TWO 杏昌；市場：上櫃；官方產業別：22
1789.TW,神隆,上市,22,1789.TW 神隆；市場：上市；官方產業別：22
1795.TW,美時,上市,22,1795.TW 美時；市場：上市；官方產業別：22
1796.TWO,金穎生技,上櫃,2,1796.TWO 金穎生技；市場：上櫃；官方產業別：2
1799.TWO,易威,上櫃,22,1799.TWO 易威；市場：上櫃；官方產業別：22
1802.TW,台玻,上市,8,1802.TW 台玻；市場：上市；官方產業別：8
1805.TW,寶徠,上市,14,1805.TW 寶徠；市場：上市；官方產業別：14
1806.TW,冠軍,上市,8,1806.TW 冠軍；市場：上市；官方產業別：8
1808.TW,潤隆,上市,14,1808.TW 潤隆；市場：上市；官方產業別：14
1809.TW,中釉,上市,8,1809.TW 中釉；市場：上市；官方產業別：8
1810.TW,和成,上市,8,1810.TW 和成；市場：上市；官方產業別：8
1813.TWO,寶利徠,上櫃,22,1813.TWO 寶利徠；市場：上櫃；官方產業別：22
1815.TWO,富喬,上櫃,28,1815.TWO 富喬；市場：上櫃；官方產業別：28
1817.TW,凱撒衛,上市,8,1817.TW 凱撒衛；市場：上市；官方產業別：8
1903.TW,士紙,上市,9,1903.TW 士紙；市場：上市；官方產業別：9
1904.TW,正隆,上市,9,1904.TW 正隆；市場：上市；官方產業別：9
1905.TW,華紙,上市,9,1905.TW 華紙；市場：上市；官方產業別：9
1906.TW,寶隆,上市,9,1906.TW 寶隆；市場：上市；官方產業別：9
1907.TW,永豐餘,上市,9,1907.TW 永豐餘；市場：上市；官方產業別：9
1909.TW,榮成,上市,9,1909.TW 榮成；市場：上市；官方產業別：9
2002.TW,中鋼,上市,10,2002.TW 中鋼；市場：上市；官方產業別：10
2006.TW,東和鋼鐵,上市,10,2006.TW 東和鋼鐵；市場：上市；官方產業別：10
2007.TW,燁興,上市,10,2007.TW 燁興；市場：上市；官方產業別：10
2008.TW,高興昌,上市,10,2008.TW 高興昌；市場：上市；官方產業別：10
2009.TW,第一銅,上市,10,2009.TW 第一銅；市場：上市；官方產業別：10
2010.TW,春源,上市,10,2010.TW 春源；市場：上市；官方產業別：10
2012.TW,春雨,上市,10,2012.TW 春雨；市場：上市；官方產業別：10
2013.TW,中鋼構,上市,10,2013.TW 中鋼構；市場：上市；官方產業別：10
2014.TW,中鴻,上市,10,2014.TW 中鴻；市場：上市；官方產業別：10
2015.TW,豐興,上市,10,2015.TW 豐興；市場：上市；官方產業別：10
2017.TW,官田鋼,上市,10,2017.TW 官田鋼；市場：上市；官方產業別：10
2020.TW,美亞,上市,10,2020.TW 美亞；市場：上市；官方產業別：10
2022.TW,聚亨,上市,10,2022.TW 聚亨；市場：上市；官方產業別：10
2023.TW,燁輝,上市,10,2023.TW 燁輝；市場：上市；官方產業別：10
2024.TW,志聯,上市,10,2024.TW 志聯；市場：上市；官方產業別：10
2025.TW,千興,上市,10,2025.TW 千興；市場：上市；官方產業別：10
2027.TW,大成鋼,上市,10,2027.TW 大成鋼；市場：上市；官方產業別：10
2028.TW,威致,上市,10,2028.TW 威致；市場：上市；官方產業別：10
2029.TW,盛餘,上市,10,2029.TW 盛餘；市場：上市；官方產業別：10
2030.TW,彰源,上市,10,2030.TW 彰源；市場：上市；官方產業別：10
2031.TW,新光鋼,上市,10,2031.TW 新光鋼；市場：上市；官方產業別：10
2032.TW,新鋼,上市,10,2032.TW 新鋼；市場：上市；官方產業別：10
2033.TW,佳大,上市,10,2033.TW 佳大；市場：上市；官方產業別：10
2034.TW,允強,上市,10,2034.TW 允強；市場：上市；官方產業別：10
2035.TWO,唐榮公司,上櫃,10,2035.TWO 唐榮公司；市場：上櫃；官方產業別：10
2038.TW,海光,上市,10,2038.TW 海光；市場：上市；官方產業別：10
2049.TW,上銀,上市,5,2049.TW 上銀；市場：上市；官方產業別：5
2059.TW,川湖,上市,28,2059.TW 川湖；市場：上市；官方產業別：28
2061.TWO,風青,上櫃,6,2061.TWO 風青；市場：上櫃；官方產業別：6
2062.TW,橋椿,上市,38,2062.TW 橋椿；市場：上市；官方產業別：38
2063.TWO,世鎧精密,上櫃,10,2063.TWO 世鎧精密；市場：上櫃；官方產業別：10
2064.TWO,晉椿,上櫃,10,2064.TWO 晉椿；市場：上櫃；官方產業別：10
2065.TWO,世豐,上櫃,10,2065.TWO 世豐；市場：上櫃；官方產業別：10
2066.TWO,世德,上櫃,5,2066.TWO 世德；市場：上櫃；官方產業別：5
2067.TWO,嘉鋼,上櫃,5,2067.TWO 嘉鋼；市場：上櫃；官方產業別：5
2069.TW,運錩,上市,10,2069.TW 運錩；市場：上市；官方產業別：10
2070.TWO,精湛,上櫃,5,2070.TWO 精湛；市場：上櫃；官方產業別：5
2072.TW,世紀風電,上市,35,2072.TW 世紀風電；市場：上市；官方產業別：35
2073.TWO,雄順,上櫃,10,2073.TWO 雄順；市場：上櫃；官方產業別：10
2101.TW,南港,上市,11,2101.TW 南港；市場：上市；官方產業別：11
2102.TW,泰豐,上市,11,2102.TW 泰豐；市場：上市；官方產業別：11
2103.TW,台橡,上市,11,2103.TW 台橡；市場：上市；官方產業別：11
2104.TW,國際中橡,上市,11,2104.TW 國際中橡；市場：上市；官方產業別：11
2105.TW,正新,上市,11,2105.TW 正新；市場：上市；官方產業別：11
2106.TW,建大,上市,11,2106.TW 建大；市場：上市；官方產業別：11
2107.TW,厚生,上市,11,2107.TW 厚生；市場：上市；官方產業別：11
2108.TW,南帝,上市,11,2108.TW 南帝；市場：上市；官方產業別：11
2109.TW,華豐,上市,11,2109.TW 華豐；市場：上市；官方產業別：11
2114.TW,鑫永銓,上市,11,2114.TW 鑫永銓；市場：上市；官方產業別：11
2115.TW,六暉-KY,上市,12,2115.TW 六暉-KY；市場：上市；官方產業別：12
2201.TW,裕隆,上市,12,2201.TW 裕隆；市場：上市；官方產業別：12
2204.TW,中華,上市,12,2204.TW 中華；市場：上市；官方產業別：12
2206.TW,三陽工業,上市,12,2206.TW 三陽工業；市場：上市；官方產業別：12
2207.TW,和泰車,上市,12,2207.TW 和泰車；市場：上市；官方產業別：12
2208.TW,台船,上市,15,2208.TW 台船；市場：上市；官方產業別：15
2211.TW,長榮鋼,上市,10,2211.TW 長榮鋼；市場：上市；官方產業別：10
2221.TWO,大甲,上櫃,20,2221.TWO 大甲；市場：上櫃；官方產業別：20
2227.TW,裕日車,上市,12,2227.TW 裕日車；市場：上市；官方產業別：12
2228.TW,劍麟,上市,12,2228.TW 劍麟；市場：上市；官方產業別：12
2230.TWO,泰茂,上櫃,5,2230.TWO 泰茂；市場：上櫃；官方產業別：5
2231.TW,為升,上市,12,2231.TW 為升；市場：上市；官方產業別：12
2233.TW,宇隆,上市,12,2233.TW 宇隆；市場：上市；官方產業別：12
2235.TWO,謚源,上櫃,5,2235.TWO 謚源；市場：上櫃；官方產業別：5
2236.TW,百達-KY,上市,12,2236.TW 百達-KY；市場：上市；官方產業別：12
2239.TW,英利-KY,上市,12,2239.TW 英利-KY；市場：上市；官方產業別：12
2241.TW,艾姆勒,上市,12,2241.TW 艾姆勒；市場：上市；官方產業別：12
2243.TW,宏旭-KY,上市,12,2243.TW 宏旭-KY；市場：上市；官方產業別：12
2247.TW,汎德永業,上市,12,2247.TW 汎德永業；市場：上市；官方產業別：12
2248.TW,華勝-KY,上市,12,2248.TW 華勝-KY；市場：上市；官方產業別：12
2250.TW,IKKA-KY,上市,12,2250.TW IKKA-KY；市場：上市；官方產業別：12
2254.TW,巨鎧精密-創,上市,12,2254.TW 巨鎧精密-創；市場：上市；官方產業別：12
2258.TW,鴻華先進-創,上市,12,2258.TW 鴻華先進-創；市場：上市；官方產業別：12
2301.TW,光寶科,上市,25,2301.TW 光寶科；市場：上市；官方產業別：25
2302.TW,麗正,上市,24,2302.TW 麗正；市場：上市；官方產業別：24
2303.TW,聯電,上市,24,2303.TW 聯電；市場：上市；官方產業別：24
2305.TW,全友,上市,25,2305.TW 全友；市場：上市；官方產業別：25
2308.TW,台達電,上市,28,2308.TW 台達電；市場：上市；官方產業別：28
2312.TW,金寶,上市,31,2312.TW 金寶；市場：上市；官方產業別：31
2313.TW,華通,上市,28,2313.TW 華通；市場：上市；官方產業別：28
2314.TW,台揚,上市,27,2314.TW 台揚；市場：上市；官方產業別：27
2316.TW,楠梓電,上市,28,2316.TW 楠梓電；市場：上市；官方產業別：28
2317.TW,鴻海,上市,31,2317.TW 鴻海；市場：上市；官方產業別：31
2321.TW,東訊,上市,27,2321.TW 東訊；市場：上市；官方產業別：27
2323.TW,中環,上市,26,2323.TW 中環；市場：上市；官方產業別：26
2324.TW,仁寶,上市,25,2324.TW 仁寶；市場：上市；官方產業別：25
2327.TW,國巨*,上市,28,2327.TW 國巨*；市場：上市；官方產業別：28
2328.TW,廣宇,上市,28,2328.TW 廣宇；市場：上市；官方產業別：28
2329.TW,華泰,上市,24,2329.TW 華泰；市場：上市；官方產業別：24
2330.TW,台積電,上市,24,2330.TW 台積電；市場：上市；官方產業別：24
2331.TW,精英,上市,25,2331.TW 精英；市場：上市；官方產業別：25
2332.TW,友訊,上市,27,2332.TW 友訊；市場：上市；官方產業別：27
2337.TW,旺宏,上市,24,2337.TW 旺宏；市場：上市；官方產業別：24
2338.TW,光罩,上市,24,2338.TW 光罩；市場：上市；官方產業別：24
2340.TW,台亞,上市,24,2340.TW 台亞；市場：上市；官方產業別：24
2342.TW,茂矽,上市,24,2342.TW 茂矽；市場：上市；官方產業別：24
2344.TW,華邦電,上市,24,2344.TW 華邦電；市場：上市；官方產業別：24
2345.TW,智邦,上市,27,2345.TW 智邦；市場：上市；官方產業別：27
2347.TW,聯強,上市,29,2347.TW 聯強；市場：上市；官方產業別：29
2348.TW,海悅,上市,20,2348.TW 海悅；市場：上市；官方產業別：20
2349.TW,錸德,上市,26,2349.TW 錸德；市場：上市；官方產業別：26
2351.TW,順德,上市,24,2351.TW 順德；市場：上市；官方產業別：24
2352.TW,佳世達,上市,25,2352.TW 佳世達；市場：上市；官方產業別：25
2353.TW,宏碁,上市,25,2353.TW 宏碁；市場：上市；官方產業別：25
2354.TW,鴻準,上市,31,2354.TW 鴻準；市場：上市；官方產業別：31
2355.TW,敬鵬,上市,28,2355.TW 敬鵬；市場：上市；官方產業別：28
2356.TW,英業達,上市,25,2356.TW 英業達；市場：上市；官方產業別：25
2357.TW,華碩,上市,25,2357.TW 華碩；市場：上市；官方產業別：25
2359.TW,所羅門,上市,31,2359.TW 所羅門；市場：上市；官方產業別：31
2360.TW,致茂,上市,31,2360.TW 致茂；市場：上市；官方產業別：31
2362.TW,藍天,上市,25,2362.TW 藍天；市場：上市；官方產業別：25
2363.TW,矽統,上市,24,2363.TW 矽統；市場：上市；官方產業別：24
2364.TW,倫飛,上市,25,2364.TW 倫飛；市場：上市；官方產業別：25
2365.TW,昆盈,上市,25,2365.TW 昆盈；市場：上市；官方產業別：25
2367.TW,燿華,上市,28,2367.TW 燿華；市場：上市；官方產業別：28
2368.TW,金像電,上市,28,2368.TW 金像電；市場：上市；官方產業別：28
2369.TW,菱生,上市,24,2369.TW 菱生；市場：上市；官方產業別：24
2371.TW,大同,上市,5,2371.TW 大同；市場：上市；官方產業別：5
2373.TW,震旦行,上市,31,2373.TW 震旦行；市場：上市；官方產業別：31
2374.TW,佳能,上市,26,2374.TW 佳能；市場：上市；官方產業別：26
2375.TW,凱美,上市,28,2375.TW 凱美；市場：上市；官方產業別：28
2376.TW,技嘉,上市,25,2376.TW 技嘉；市場：上市；官方產業別：25
2377.TW,微星,上市,25,2377.TW 微星；市場：上市；官方產業別：25
2379.TW,瑞昱,上市,24,2379.TW 瑞昱；市場：上市；官方產業別：24
2380.TW,虹光,上市,25,2380.TW 虹光；市場：上市；官方產業別：25
2382.TW,廣達,上市,25,2382.TW 廣達；市場：上市；官方產業別：25
2383.TW,台光電,上市,28,2383.TW 台光電；市場：上市；官方產業別：28
2385.TW,群光,上市,28,2385.TW 群光；市場：上市；官方產業別：28
2387.TW,精元,上市,25,2387.TW 精元；市場：上市；官方產業別：25
2388.TW,威盛,上市,24,2388.TW 威盛；市場：上市；官方產業別：24
2390.TW,云辰,上市,31,2390.TW 云辰；市場：上市；官方產業別：31
2392.TW,正崴,上市,28,2392.TW 正崴；市場：上市；官方產業別：28
2393.TW,億光,上市,26,2393.TW 億光；市場：上市；官方產業別：26
2395.TW,研華,上市,25,2395.TW 研華；市場：上市；官方產業別：25
2397.TW,友通,上市,25,2397.TW 友通；市場：上市；官方產業別：25
2399.TW,映泰,上市,25,2399.TW 映泰；市場：上市；官方產業別：25
2401.TW,凌陽,上市,24,2401.TW 凌陽；市場：上市；官方產業別：24
2402.TW,毅嘉,上市,28,2402.TW 毅嘉；市場：上市；官方產業別：28
2404.TW,漢唐,上市,31,2404.TW 漢唐；市場：上市；官方產業別：31
2405.TW,輔信,上市,25,2405.TW 輔信；市場：上市；官方產業別：25
2406.TW,國碩,上市,26,2406.TW 國碩；市場：上市；官方產業別：26
2408.TW,南亞科,上市,24,2408.TW 南亞科；市場：上市；官方產業別：24
2409.TW,友達,上市,26,2409.TW 友達；市場：上市；官方產業別：26
2412.TW,中華電,上市,27,2412.TW 中華電；市場：上市；官方產業別：27
2413.TW,環科,上市,28,2413.TW 環科；市場：上市；官方產業別：28
2414.TW,精技,上市,29,2414.TW 精技；市場：上市；官方產業別：29
2415.TW,錩新,上市,28,2415.TW 錩新；市場：上市；官方產業別：28
2417.TW,圓剛,上市,25,2417.TW 圓剛；市場：上市；官方產業別：25
2419.TW,仲琦,上市,27,2419.TW 仲琦；市場：上市；官方產業別：27
2420.TW,新巨,上市,28,2420.TW 新巨；市場：上市；官方產業別：28
2421.TW,建準,上市,28,2421.TW 建準；市場：上市；官方產業別：28
2423.TW,固緯,上市,31,2423.TW 固緯；市場：上市；官方產業別：31
2424.TW,隴華,上市,27,2424.TW 隴華；市場：上市；官方產業別：27
2425.TW,承啟,上市,25,2425.TW 承啟；市場：上市；官方產業別：25
2426.TW,鼎元,上市,26,2426.TW 鼎元；市場：上市；官方產業別：26
2427.TW,三商電,上市,30,2427.TW 三商電；市場：上市；官方產業別：30
2428.TW,興勤,上市,28,2428.TW 興勤；市場：上市；官方產業別：28
2429.TW,銘旺科,上市,26,2429.TW 銘旺科；市場：上市；官方產業別：26
2430.TW,燦坤,上市,29,2430.TW 燦坤；市場：上市；官方產業別：29
2431.TW,聯昌,上市,28,2431.TW 聯昌；市場：上市；官方產業別：28
2432.TW,倚天酷碁-創,上市,25,2432.TW 倚天酷碁-創；市場：上市；官方產業別：25
2433.TW,互盛電,上市,31,2433.TW 互盛電；市場：上市；官方產業別：31
2434.TW,統懋,上市,24,2434.TW 統懋；市場：上市；官方產業別：24
2436.TW,偉詮電,上市,24,2436.TW 偉詮電；市場：上市；官方產業別：24
2438.TW,翔耀,上市,26,2438.TW 翔耀；市場：上市；官方產業別：26
2439.TW,美律,上市,27,2439.TW 美律；市場：上市；官方產業別：27
2440.TW,太空梭,上市,28,2440.TW 太空梭；市場：上市；官方產業別：28
2441.TW,超豐,上市,24,2441.TW 超豐；市場：上市；官方產業別：24
2442.TW,新美齊,上市,14,2442.TW 新美齊；市場：上市；官方產業別：14
2444.TW,兆勁,上市,27,2444.TW 兆勁；市場：上市；官方產業別：27
2449.TW,京元電子,上市,24,2449.TW 京元電子；市場：上市；官方產業別：24
2450.TW,神腦,上市,27,2450.TW 神腦；市場：上市；官方產業別：27
2451.TW,創見,上市,24,2451.TW 創見；市場：上市；官方產業別：24
2453.TW,凌群,上市,30,2453.TW 凌群；市場：上市；官方產業別：30
2454.TW,聯發科,上市,24,2454.TW 聯發科；市場：上市；官方產業別：24
2455.TW,全新,上市,27,2455.TW 全新；市場：上市；官方產業別：27
2457.TW,飛宏,上市,28,2457.TW 飛宏；市場：上市；官方產業別：28
2458.TW,義隆,上市,24,2458.TW 義隆；市場：上市；官方產業別：24
2459.TW,敦吉,上市,31,2459.TW 敦吉；市場：上市；官方產業別：31
2460.TW,建通,上市,28,2460.TW 建通；市場：上市；官方產業別：28
2461.TW,光群雷,上市,31,2461.TW 光群雷；市場：上市；官方產業別：31
2462.TW,良得電,上市,28,2462.TW 良得電；市場：上市；官方產業別：28
2464.TW,盟立,上市,31,2464.TW 盟立；市場：上市；官方產業別：31
2465.TW,麗臺,上市,25,2465.TW 麗臺；市場：上市；官方產業別：25
2466.TW,冠西電,上市,26,2466.TW 冠西電；市場：上市；官方產業別：26
2467.TW,志聖,上市,28,2467.TW 志聖；市場：上市；官方產業別：28
2468.TW,華經,上市,30,2468.TW 華經；市場：上市；官方產業別：30
2471.TW,資通,上市,30,2471.TW 資通；市場：上市；官方產業別：30
2472.TW,立隆電,上市,28,2472.TW 立隆電；市場：上市；官方產業別：28
2474.TW,可成,上市,31,2474.TW 可成；市場：上市；官方產業別：31
2476.TW,鉅祥,上市,28,2476.TW 鉅祥；市場：上市；官方產業別：28
2477.TW,美隆電,上市,31,2477.TW 美隆電；市場：上市；官方產業別：31
2478.TW,大毅,上市,28,2478.TW 大毅；市場：上市；官方產業別：28
2480.TW,敦陽科,上市,30,2480.TW 敦陽科；市場：上市；官方產業別：30
2481.TW,強茂,上市,24,2481.TW 強茂；市場：上市；官方產業別：24
2482.TW,連宇,上市,31,2482.TW 連宇；市場：上市；官方產業別：31
2483.TW,百容,上市,28,2483.TW 百容；市場：上市；官方產業別：28
2484.TW,希華,上市,28,2484.TW 希華；市場：上市；官方產業別：28
2485.TW,兆赫,上市,27,2485.TW 兆赫；市場：上市；官方產業別：27
2486.TW,一詮,上市,26,2486.TW 一詮；市場：上市；官方產業別：26
2488.TW,漢平,上市,31,2488.TW 漢平；市場：上市；官方產業別：31
2489.TW,瑞軒,上市,26,2489.TW 瑞軒；市場：上市；官方產業別：26
2491.TW,吉祥全,上市,26,2491.TW 吉祥全；市場：上市；官方產業別：26
2492.TW,華新科,上市,28,2492.TW 華新科；市場：上市；官方產業別：28
2493.TW,揚博,上市,28,2493.TW 揚博；市場：上市；官方產業別：28
2495.TW,普安,上市,25,2495.TW 普安；市場：上市；官方產業別：25
2496.TW,卓越,上市,20,2496.TW 卓越；市場：上市；官方產業別：20
2497.TW,怡利電,上市,12,2497.TW 怡利電；市場：上市；官方產業別：12
2498.TW,宏達電,上市,27,2498.TW 宏達電；市場：上市；官方產業別：27
2501.TW,國建,上市,14,2501.TW 國建；市場：上市；官方產業別：14
2504.TW,國產,上市,14,2504.TW 國產；市場：上市；官方產業別：14
2505.TW,國揚,上市,14,2505.TW 國揚；市場：上市；官方產業別：14
2506.TW,太設,上市,14,2506.TW 太設；市場：上市；官方產業別：14
2509.TW,全坤建,上市,14,2509.TW 全坤建；市場：上市；官方產業別：14
2511.TW,太子,上市,14,2511.TW 太子；市場：上市；官方產業別：14
2514.TW,龍邦,上市,20,2514.TW 龍邦；市場：上市；官方產業別：20
2515.TW,中工,上市,14,2515.TW 中工；市場：上市；官方產業別：14
2516.TW,新建,上市,14,2516.TW 新建；市場：上市；官方產業別：14
2520.TW,冠德,上市,14,2520.TW 冠德；市場：上市；官方產業別：14
2524.TW,京城,上市,14,2524.TW 京城；市場：上市；官方產業別：14
2527.TW,宏璟,上市,14,2527.TW 宏璟；市場：上市；官方產業別：14
2528.TW,皇普,上市,14,2528.TW 皇普；市場：上市；官方產業別：14
2530.TW,華建,上市,14,2530.TW 華建；市場：上市；官方產業別：14
2534.TW,宏盛,上市,14,2534.TW 宏盛；市場：上市；官方產業別：14
2535.TW,達欣工,上市,14,2535.TW 達欣工；市場：上市；官方產業別：14
2536.TW,宏普,上市,14,2536.TW 宏普；市場：上市；官方產業別：14
2537.TW,聯上發,上市,14,2537.TW 聯上發；市場：上市；官方產業別：14
2538.TW,基泰,上市,14,2538.TW 基泰；市場：上市；官方產業別：14
2539.TW,櫻花建,上市,14,2539.TW 櫻花建；市場：上市；官方產業別：14
2540.TW,愛山林,上市,14,2540.TW 愛山林；市場：上市；官方產業別：14
2542.TW,興富發,上市,14,2542.TW 興富發；市場：上市；官方產業別：14
2543.TW,皇昌,上市,14,2543.TW 皇昌；市場：上市；官方產業別：14
2545.TW,皇翔,上市,14,2545.TW 皇翔；市場：上市；官方產業別：14
2546.TW,根基,上市,14,2546.TW 根基；市場：上市；官方產業別：14
2547.TW,日勝生,上市,14,2547.TW 日勝生；市場：上市；官方產業別：14
2548.TW,華固,上市,14,2548.TW 華固；市場：上市；官方產業別：14
2596.TWO,綠意,上櫃,14,2596.TWO 綠意；市場：上櫃；官方產業別：14
2597.TW,潤弘,上市,14,2597.TW 潤弘；市場：上市；官方產業別：14
2601.TW,益航,上市,18,2601.TW 益航；市場：上市；官方產業別：18
2603.TW,長榮,上市,15,2603.TW 長榮；市場：上市；官方產業別：15
2605.TW,新興,上市,15,2605.TW 新興；市場：上市；官方產業別：15
2606.TW,裕民,上市,15,2606.TW 裕民；市場：上市；官方產業別：15
2607.TW,榮運,上市,15,2607.TW 榮運；市場：上市；官方產業別：15
2608.TW,嘉里大榮,上市,15,2608.TW 嘉里大榮；市場：上市；官方產業別：15
2609.TW,陽明,上市,15,2609.TW 陽明；市場：上市；官方產業別：15
2610.TW,華航,上市,15,2610.TW 華航；市場：上市；官方產業別：15
2611.TW,志信,上市,15,2611.TW 志信；市場：上市；官方產業別：15
2612.TW,中航,上市,15,2612.TW 中航；市場：上市；官方產業別：15
2613.TW,中櫃,上市,15,2613.TW 中櫃；市場：上市；官方產業別：15
2614.TW,東森,上市,20,2614.TW 東森；市場：上市；官方產業別：20
2615.TW,萬海,上市,15,2615.TW 萬海；市場：上市；官方產業別：15
2616.TW,山隆,上市,23,2616.TW 山隆；市場：上市；官方產業別：23
2617.TW,台航,上市,15,2617.TW 台航；市場：上市；官方產業別：15
2618.TW,長榮航,上市,15,2618.TW 長榮航；市場：上市；官方產業別：15
2630.TW,亞航,上市,15,2630.TW 亞航；市場：上市；官方產業別：15
2633.TW,台灣高鐵,上市,15,2633.TW 台灣高鐵；市場：上市；官方產業別：15
2634.TW,漢翔,上市,15,2634.TW 漢翔；市場：上市；官方產業別：15
2636.TW,台驊控股,上市,15,2636.TW 台驊控股；市場：上市；官方產業別：15
2637.TW,慧洋-KY,上市,15,2637.TW 慧洋-KY；市場：上市；官方產業別：15
2640.TWO,大車隊,上櫃,36,2640.TWO 大車隊；市場：上櫃；官方產業別：36
2641.TWO,正德,上櫃,15,2641.TWO 正德；市場：上櫃；官方產業別：15
2642.TW,宅配通,上市,15,2642.TW 宅配通；市場：上市；官方產業別：15
2643.TWO,捷迅,上櫃,15,2643.TWO 捷迅；市場：上櫃；官方產業別：15
2645.TW,長榮航太,上市,15,2645.TW 長榮航太；市場：上市；官方產業別：15
2646.TW,星宇航空,上市,15,2646.TW 星宇航空；市場：上市；官方產業別：15
2701.TW,萬企,上市,16,2701.TW 萬企；市場：上市；官方產業別：16
2702.TW,華園,上市,16,2702.TW 華園；市場：上市；官方產業別：16
2704.TW,國賓,上市,16,2704.TW 國賓；市場：上市；官方產業別：16
2705.TW,六福,上市,16,2705.TW 六福；市場：上市；官方產業別：16
2706.TW,第一店,上市,16,2706.TW 第一店；市場：上市；官方產業別：16
2707.TW,晶華,上市,16,2707.TW 晶華；市場：上市；官方產業別：16
2712.TW,遠雄來,上市,16,2712.TW 遠雄來；市場：上市；官方產業別：16
2718.TWO,全心投控,上櫃,14,2718.TWO 全心投控；市場：上櫃；官方產業別：14
2719.TWO,燦星旅,上櫃,16,2719.TWO 燦星旅；市場：上櫃；官方產業別：16
2722.TW,夏都,上市,16,2722.TW 夏都；市場：上市；官方產業別：16
2723.TW,美食-KY,上市,16,2723.TW 美食-KY；市場：上市；官方產業別：16
2724.TWO,藝舍-KY,上櫃,20,2724.TWO 藝舍-KY；市場：上櫃；官方產業別：20
2726.TWO,雅茗-KY,上櫃,16,2726.TWO 雅茗-KY；市場：上櫃；官方產業別：16
2727.TW,王品,上市,16,2727.TW 王品；市場：上市；官方產業別：16
2729.TWO,瓦城,上櫃,16,2729.TWO 瓦城；市場：上櫃；官方產業別：16
2731.TW,雄獅,上市,16,2731.TW 雄獅；市場：上市；官方產業別：16
2732.TWO,六角,上櫃,16,2732.TWO 六角；市場：上櫃；官方產業別：16
2734.TWO,易飛網,上櫃,16,2734.TWO 易飛網；市場：上櫃；官方產業別：16
2736.TWO,富野,上櫃,16,2736.TWO 富野；市場：上櫃；官方產業別：16
2739.TW,寒舍,上市,16,2739.TW 寒舍；市場：上市；官方產業別：16
2740.TWO,華軒,上櫃,16,2740.TWO 華軒；市場：上櫃；官方產業別：16
2743.TWO,山富,上櫃,16,2743.TWO 山富；市場：上櫃；官方產業別：16
2745.TWO,五福,上櫃,16,2745.TWO 五福；市場：上櫃；官方產業別：16
2748.TW,雲品,上市,16,2748.TW 雲品；市場：上市；官方產業別：16
2751.TWO,王座,上櫃,16,2751.TWO 王座；市場：上櫃；官方產業別：16
2752.TWO,豆府,上櫃,16,2752.TWO 豆府；市場：上櫃；官方產業別：16
2753.TW,八方雲集,上市,16,2753.TW 八方雲集；市場：上市；官方產業別：16
2754.TWO,亞洲藏壽司,上櫃,16,2754.TWO 亞洲藏壽司；市場：上櫃；官方產業別：16
2755.TWO,揚秦,上櫃,16,2755.TWO 揚秦；市場：上櫃；官方產業別：16
2756.TWO,聯發國際,上櫃,16,2756.TWO 聯發國際；市場：上櫃；官方產業別：16
2762.TW,世界健身-KY,上市,37,2762.TW 世界健身-KY；市場：上市；官方產業別：37
2801.TW,彰銀,上市,17,2801.TW 彰銀；市場：上市；官方產業別：17
2812.TW,台中銀,上市,17,2812.TW 台中銀；市場：上市；官方產業別：17
2816.TW,旺旺保,上市,17,2816.TW 旺旺保；市場：上市；官方產業別：17
2820.TW,華票,上市,17,2820.TW 華票；市場：上市；官方產業別：17
2832.TW,台產,上市,17,2832.TW 台產；市場：上市；官方產業別：17
2834.TW,臺企銀,上市,17,2834.TW 臺企銀；市場：上市；官方產業別：17
2836.TW,高雄銀,上市,17,2836.TW 高雄銀；市場：上市；官方產業別：17
2838.TW,聯邦銀,上市,17,2838.TW 聯邦銀；市場：上市；官方產業別：17
2845.TW,遠東銀,上市,17,2845.TW 遠東銀；市場：上市；官方產業別：17
2849.TW,安泰銀,上市,17,2849.TW 安泰銀；市場：上市；官方產業別：17
2850.TW,新產,上市,17,2850.TW 新產；市場：上市；官方產業別：17
2851.TW,中再保,上市,17,2851.TW 中再保；市場：上市；官方產業別：17
2852.TW,第一保,上市,17,2852.TW 第一保；市場：上市；官方產業別：17
2855.TW,統一證,上市,17,2855.TW 統一證；市場：上市；官方產業別：17
2867.TW,三商壽,上市,17,2867.TW 三商壽；市場：上市；官方產業別：17
2880.TW,華南金,上市,17,2880.TW 華南金；市場：上市；官方產業別：17
2881.TW,富邦金,上市,17,2881.TW 富邦金；市場：上市；官方產業別：17
2882.TW,國泰金,上市,17,2882.TW 國泰金；市場：上市；官方產業別：17
2883.TW,凱基金,上市,17,2883.TW 凱基金；市場：上市；官方產業別：17
2884.TW,玉山金,上市,17,2884.TW 玉山金；市場：上市；官方產業別：17
2885.TW,元大金,上市,17,2885.TW 元大金；市場：上市；官方產業別：17
2886.TW,兆豐金,上市,17,2886.TW 兆豐金；市場：上市；官方產業別：17
2887.TW,台新新光金,上市,17,2887.TW 台新新光金；市場：上市；官方產業別：17
2889.TW,國票金,上市,17,2889.TW 國票金；市場：上市；官方產業別：17
2890.TW,永豐金,上市,17,2890.TW 永豐金；市場：上市；官方產業別：17
2891.TW,中信金,上市,17,2891.TW 中信金；市場：上市；官方產業別：17
2892.TW,第一金,上市,17,2892.TW 第一金；市場：上市；官方產業別：17
2897.TW,王道銀行,上市,17,2897.TW 王道銀行；市場：上市；官方產業別：17
2901.TW,欣欣,上市,18,2901.TW 欣欣；市場：上市；官方產業別：18
2903.TW,遠百,上市,18,2903.TW 遠百；市場：上市；官方產業別：18
2904.TW,匯僑,上市,20,2904.TW 匯僑；市場：上市；官方產業別：20
2905.TW,三商,上市,18,2905.TW 三商；市場：上市；官方產業別：18
2906.TW,高林,上市,18,2906.TW 高林；市場：上市；官方產業別：18
2908.TW,特力,上市,18,2908.TW 特力；市場：上市；官方產業別：18
2910.TW,統領,上市,18,2910.TW 統領；市場：上市；官方產業別：18
2911.TW,麗嬰房,上市,18,2911.TW 麗嬰房；市場：上市；官方產業別：18
2912.TW,統一超,上市,18,2912.TW 統一超；市場：上市；官方產業別：18
2913.TW,農林,上市,18,2913.TW 農林；市場：上市；官方產業別：18
2915.TW,潤泰全,上市,18,2915.TW 潤泰全；市場：上市；官方產業別：18
2916.TWO,滿心,上櫃,38,2916.TWO 滿心；市場：上櫃；官方產業別：38
2923.TW,鼎固-KY,上市,14,2923.TW 鼎固-KY；市場：上市；官方產業別：14
2924.TWO,宏太-KY,上櫃,38,2924.TWO 宏太-KY；市場：上櫃；官方產業別：38
2926.TWO,誠品生活,上櫃,32,2926.TWO 誠品生活；市場：上櫃；官方產業別：32
2929.TW,淘帝-KY,上市,18,2929.TW 淘帝-KY；市場：上市；官方產業別：18
2937.TWO,集雅社,上櫃,38,2937.TWO 集雅社；市場：上櫃；官方產業別：38
2939.TW,永邑-KY,上市,18,2939.TW 永邑-KY；市場：上市；官方產業別：18
2941.TWO,米斯特,上櫃,38,2941.TWO 米斯特；市場：上櫃；官方產業別：38
2945.TW,三商家購,上市,18,2945.TW 三商家購；市場：上市；官方產業別：18
2947.TWO,振宇五金,上櫃,38,2947.TWO 振宇五金；市場：上櫃；官方產業別：38
2948.TWO,寶陞,上櫃,38,2948.TWO 寶陞；市場：上櫃；官方產業別：38
2949.TWO,欣新網,上櫃,36,2949.TWO 欣新網；市場：上櫃；官方產業別：36
3002.TW,歐格,上市,25,3002.TW 歐格；市場：上市；官方產業別：25
3003.TW,健和興,上市,28,3003.TW 健和興；市場：上市；官方產業別：28
3004.TW,豐達科,上市,10,3004.TW 豐達科；市場：上市；官方產業別：10
3005.TW,神基,上市,25,3005.TW 神基；市場：上市；官方產業別：25
3006.TW,晶豪科,上市,24,3006.TW 晶豪科；市場：上市；官方產業別：24
3008.TW,大立光,上市,26,3008.TW 大立光；市場：上市；官方產業別：26
3010.TW,華立,上市,29,3010.TW 華立；市場：上市；官方產業別：29
3011.TW,今皓,上市,28,3011.TW 今皓；市場：上市；官方產業別：28
3013.TW,晟銘電,上市,25,3013.TW 晟銘電；市場：上市；官方產業別：25
3014.TW,聯陽,上市,24,3014.TW 聯陽；市場：上市；官方產業別：24
3015.TW,全漢,上市,28,3015.TW 全漢；市場：上市；官方產業別：28
3016.TW,嘉晶,上市,24,3016.TW 嘉晶；市場：上市；官方產業別：24
3017.TW,奇鋐,上市,25,3017.TW 奇鋐；市場：上市；官方產業別：25
3018.TW,隆銘綠能,上市,31,3018.TW 隆銘綠能；市場：上市；官方產業別：31
3019.TW,亞光,上市,26,3019.TW 亞光；市場：上市；官方產業別：26
3021.TW,鴻名,上市,28,3021.TW 鴻名；市場：上市；官方產業別：28
3022.TW,威強電,上市,25,3022.TW 威強電；市場：上市；官方產業別：25
3023.TW,信邦,上市,28,3023.TW 信邦；市場：上市；官方產業別：28
3024.TW,憶聲,上市,26,3024.TW 憶聲；市場：上市；官方產業別：26
3025.TW,星通,上市,27,3025.TW 星通；市場：上市；官方產業別：27
3026.TW,禾伸堂,上市,28,3026.TW 禾伸堂；市場：上市；官方產業別：28
3027.TW,盛達,上市,27,3027.TW 盛達；市場：上市；官方產業別：27
3028.TW,增你強,上市,29,3028.TW 增你強；市場：上市；官方產業別：29
3029.TW,零壹,上市,30,3029.TW 零壹；市場：上市；官方產業別：30
3030.TW,德律,上市,31,3030.TW 德律；市場：上市；官方產業別：31
3031.TW,佰鴻,上市,26,3031.TW 佰鴻；市場：上市；官方產業別：26
3032.TW,偉訓,上市,28,3032.TW 偉訓；市場：上市；官方產業別：28
3033.TW,威健,上市,29,3033.TW 威健；市場：上市；官方產業別：29
3034.TW,聯詠,上市,24,3034.TW 聯詠；市場：上市；官方產業別：24
3035.TW,智原,上市,24,3035.TW 智原；市場：上市；官方產業別：24
3036.TW,文曄,上市,29,3036.TW 文曄；市場：上市；官方產業別：29
3037.TW,欣興,上市,28,3037.TW 欣興；市場：上市；官方產業別：28
3038.TW,全台,上市,26,3038.TW 全台；市場：上市；官方產業別：26
3040.TW,遠見,上市,20,3040.TW 遠見；市場：上市；官方產業別：20
3041.TW,揚智,上市,24,3041.TW 揚智；市場：上市；官方產業別：24
3042.TW,晶技,上市,28,3042.TW 晶技；市場：上市；官方產業別：28
3043.TW,科風,上市,31,3043.TW 科風；市場：上市；官方產業別：31
3044.TW,健鼎,上市,28,3044.TW 健鼎；市場：上市；官方產業別：28
3045.TW,台灣大,上市,27,3045.TW 台灣大；市場：上市；官方產業別：27
3046.TW,建碁,上市,25,3046.TW 建碁；市場：上市；官方產業別：25
3047.TW,訊舟,上市,27,3047.TW 訊舟；市場：上市；官方產業別：27
3048.TW,益登,上市,29,3048.TW 益登；市場：上市；官方產業別：29
3049.TW,精金,上市,26,3049.TW 精金；市場：上市；官方產業別：26
3050.TW,鈺德,上市,26,3050.TW 鈺德；市場：上市；官方產業別：26
3051.TW,力特,上市,26,3051.TW 力特；市場：上市；官方產業別：26
3052.TW,夆典,上市,14,3052.TW 夆典；市場：上市；官方產業別：14
3054.TW,立萬利,上市,2,3054.TW 立萬利；市場：上市；官方產業別：2
3055.TW,蔚華科,上市,29,3055.TW 蔚華科；市場：上市；官方產業別：29
3056.TW,富華新,上市,14,3056.TW 富華新；市場：上市；官方產業別：14
3057.TW,喬鼎,上市,25,3057.TW 喬鼎；市場：上市；官方產業別：25
3058.TW,立德,上市,28,3058.TW 立德；市場：上市；官方產業別：28
3059.TW,華晶科,上市,26,3059.TW 華晶科；市場：上市；官方產業別：26
3060.TW,銘異,上市,25,3060.TW 銘異；市場：上市；官方產業別：25
3062.TW,建漢,上市,27,3062.TW 建漢；市場：上市；官方產業別：27
3064.TWO,泰偉,上櫃,32,3064.TWO 泰偉；市場：上櫃；官方產業別：32
3066.TWO,李洲,上櫃,26,3066.TWO 李洲；市場：上櫃；官方產業別：26
3067.TWO,全域,上櫃,31,3067.TWO 全域；市場：上櫃；官方產業別：31
3071.TWO,協禧,上櫃,25,3071.TWO 協禧；市場：上櫃；官方產業別：25
3073.TWO,天方能源,上櫃,35,3073.TWO 天方能源；市場：上櫃；官方產業別：35
3078.TWO,僑威,上櫃,28,3078.TWO 僑威；市場：上櫃；官方產業別：28
3081.TWO,聯亞,上櫃,27,3081.TWO 聯亞；市場：上櫃；官方產業別：27
3083.TWO,網龍,上櫃,32,3083.TWO 網龍；市場：上櫃；官方產業別：32
3085.TWO,新零售,上櫃,36,3085.TWO 新零售；市場：上櫃；官方產業別：36
3086.TWO,華義*,上櫃,32,3086.TWO 華義*；市場：上櫃；官方產業別：32
3088.TWO,艾訊,上櫃,25,3088.TWO 艾訊；市場：上櫃；官方產業別：25
3090.TW,日電貿,上市,28,3090.TW 日電貿；市場：上市；官方產業別：28
3092.TW,鴻碩,上市,28,3092.TW 鴻碩；市場：上市；官方產業別：28
3093.TWO,港建*,上櫃,31,3093.TWO 港建*；市場：上櫃；官方產業別：31
3094.TW,聯傑,上市,24,3094.TW 聯傑；市場：上市；官方產業別：24
3095.TWO,及成,上櫃,27,3095.TWO 及成；市場：上櫃；官方產業別：27
3105.TWO,穩懋,上櫃,24,3105.TWO 穩懋；市場：上櫃；官方產業別：24
3114.TWO,好德,上櫃,28,3114.TWO 好德；市場：上櫃；官方產業別：28
3115.TWO,富榮綱,上櫃,28,3115.TWO 富榮綱；市場：上櫃；官方產業別：28
3118.TWO,進階,上櫃,22,3118.TWO 進階；市場：上櫃；官方產業別：22
3122.TWO,笙泉,上櫃,24,3122.TWO 笙泉；市場：上櫃；官方產業別：24
3128.TWO,昇銳,上櫃,26,3128.TWO 昇銳；市場：上櫃；官方產業別：26
3130.TW,一零四,上市,36,3130.TW 一零四；市場：上市；官方產業別：36
3131.TWO,弘塑,上櫃,31,3131.TWO 弘塑；市場：上櫃；官方產業別：31
3135.TW,凌航,上市,24,3135.TW 凌航；市場：上市；官方產業別：24
3138.TW,耀登,上市,27,3138.TW 耀登；市場：上市；官方產業別：27
3141.TWO,晶宏,上櫃,24,3141.TWO 晶宏；市場：上櫃；官方產業別：24
3147.TWO,大綜,上櫃,30,3147.TWO 大綜；市場：上櫃；官方產業別：30
3149.TW,正達,上市,26,3149.TW 正達；市場：上市；官方產業別：26
3150.TW,鈺寶-創,上市,24,3150.TW 鈺寶-創；市場：上市；官方產業別：24
3152.TWO,璟德,上櫃,27,3152.TWO 璟德；市場：上櫃；官方產業別：27
3158.TWO,嘉實,上櫃,30,3158.TWO 嘉實；市場：上櫃；官方產業別：30
3162.TWO,精確,上櫃,5,3162.TWO 精確；市場：上櫃；官方產業別：5
3163.TWO,波若威,上櫃,27,3163.TWO 波若威；市場：上櫃；官方產業別：27
3164.TW,景岳,上市,22,3164.TW 景岳；市場：上市；官方產業別：22
3167.TW,大量,上市,5,3167.TW 大量；市場：上市；官方產業別：5
3168.TW,眾福科,上市,26,3168.TW 眾福科；市場：上市；官方產業別：26
3169.TWO,亞信,上櫃,24,3169.TWO 亞信；市場：上櫃；官方產業別：24
3171.TWO,炎洲流通,上櫃,38,3171.TWO 炎洲流通；市場：上櫃；官方產業別：38
3176.TWO,基亞,上櫃,22,3176.TWO 基亞；市場：上櫃；官方產業別：22
3178.TWO,公準,上櫃,24,3178.TWO 公準；市場：上櫃；官方產業別：24
3188.TWO,鑫龍騰,上櫃,14,3188.TWO 鑫龍騰；市場：上櫃；官方產業別：14
3189.TW,景碩,上市,24,3189.TW 景碩；市場：上市；官方產業別：24
3191.TWO,雲嘉南,上櫃,28,3191.TWO 雲嘉南；市場：上櫃；官方產業別：28
3205.TWO,佰研,上櫃,22,3205.TWO 佰研；市場：上櫃；官方產業別：22
3206.TWO,志豐,上櫃,28,3206.TWO 志豐；市場：上櫃；官方產業別：28
3207.TWO,耀勝,上櫃,28,3207.TWO 耀勝；市場：上櫃；官方產業別：28
3209.TW,全科,上市,29,3209.TW 全科；市場：上市；官方產業別：29
3211.TWO,順達,上櫃,25,3211.TWO 順達；市場：上櫃；官方產業別：25
3213.TWO,茂訊,上櫃,25,3213.TWO 茂訊；市場：上櫃；官方產業別：25
3217.TWO,優群,上櫃,28,3217.TWO 優群；市場：上櫃；官方產業別：28
3218.TWO,大學光,上櫃,22,3218.TWO 大學光；市場：上櫃；官方產業別：22
3219.TWO,倚強科,上櫃,31,3219.TWO 倚強科；市場：上櫃；官方產業別：31
3221.TWO,台嘉碩,上櫃,27,3221.TWO 台嘉碩；市場：上櫃；官方產業別：27
3224.TWO,三顧,上櫃,29,3224.TWO 三顧；市場：上櫃；官方產業別：29
3226.TWO,龍鋒,上櫃,5,3226.TWO 龍鋒；市場：上櫃；官方產業別：5
3227.TWO,原相,上櫃,24,3227.TWO 原相；市場：上櫃；官方產業別：24
3228.TWO,金麗科,上櫃,24,3228.TWO 金麗科；市場：上櫃；官方產業別：24
3229.TW,晟鈦,上市,28,3229.TW 晟鈦；市場：上市；官方產業別：28
3230.TWO,錦明,上櫃,26,3230.TWO 錦明；市場：上櫃；官方產業別：26
3231.TW,緯創,上市,25,3231.TW 緯創；市場：上市；官方產業別：25
3232.TWO,昱捷,上櫃,29,3232.TWO 昱捷；市場：上櫃；官方產業別：29
3234.TWO,光環,上櫃,27,3234.TWO 光環；市場：上櫃；官方產業別：27
3236.TWO,千如,上櫃,28,3236.TWO 千如；市場：上櫃；官方產業別：28
3252.TWO,海灣,上櫃,16,3252.TWO 海灣；市場：上櫃；官方產業別：16
3257.TW,虹冠電,上市,24,3257.TW 虹冠電；市場：上市；官方產業別：24
3259.TWO,鑫創,上櫃,24,3259.TWO 鑫創；市場：上櫃；官方產業別：24
3260.TWO,威剛,上櫃,24,3260.TWO 威剛；市場：上櫃；官方產業別：24
3264.TWO,欣銓,上櫃,24,3264.TWO 欣銓；市場：上櫃；官方產業別：24
3265.TWO,台星科,上櫃,24,3265.TWO 台星科；市場：上櫃；官方產業別：24
3266.TW,昇陽,上市,14,3266.TW 昇陽；市場：上市；官方產業別：14
3268.TWO,海德威,上櫃,24,3268.TWO 海德威；市場：上櫃；官方產業別：24
3272.TWO,東碩,上櫃,25,3272.TWO 東碩；市場：上櫃；官方產業別：25
3276.TWO,宇環,上櫃,28,3276.TWO 宇環；市場：上櫃；官方產業別：28
3284.TWO,太普高,上櫃,20,3284.TWO 太普高；市場：上櫃；官方產業別：20
3285.TWO,微端,上櫃,31,3285.TWO 微端；市場：上櫃；官方產業別：31
3287.TWO,廣寰科,上櫃,25,3287.TWO 廣寰科；市場：上櫃；官方產業別：25
3288.TWO,點晶,上櫃,28,3288.TWO 點晶；市場：上櫃；官方產業別：28
3289.TWO,宜特,上櫃,31,3289.TWO 宜特；市場：上櫃；官方產業別：31
3290.TWO,東浦,上櫃,28,3290.TWO 東浦；市場：上櫃；官方產業別：28
3293.TWO,鈊象,上櫃,32,3293.TWO 鈊象；市場：上櫃；官方產業別：32
3294.TWO,英濟,上櫃,28,3294.TWO 英濟；市場：上櫃；官方產業別：28
3296.TW,勝德,上市,28,3296.TW 勝德；市場：上市；官方產業別：28
3297.TWO,杭特,上櫃,26,3297.TWO 杭特；市場：上櫃；官方產業別：26
3303.TWO,岱稜,上櫃,31,3303.TWO 岱稜；市場：上櫃；官方產業別：31
3305.TW,昇貿,上市,31,3305.TW 昇貿；市場：上市；官方產業別：31
3306.TWO,鼎天,上櫃,27,3306.TWO 鼎天；市場：上櫃；官方產業別：27
3308.TW,聯德,上市,28,3308.TW 聯德；市場：上市；官方產業別：28
3310.TWO,佳穎,上櫃,28,3310.TWO 佳穎；市場：上櫃；官方產業別：28
3311.TW,閎暉,上市,27,3311.TW 閎暉；市場：上市；官方產業別：27
3312.TW,弘憶股,上市,29,3312.TW 弘憶股；市場：上市；官方產業別：29
3313.TWO,斐成,上櫃,20,3313.TWO 斐成；市場：上櫃；官方產業別：20
3317.TWO,尼克森,上櫃,24,3317.TWO 尼克森；市場：上櫃；官方產業別：24
3321.TW,同泰,上市,28,3321.TW 同泰；市場：上市；官方產業別：28
3322.TWO,建舜電,上櫃,28,3322.TWO 建舜電；市場：上櫃；官方產業別：28
3323.TWO,加百裕,上櫃,25,3323.TWO 加百裕；市場：上櫃；官方產業別：25
3324.TWO,雙鴻,上櫃,31,3324.TWO 雙鴻；市場：上櫃；官方產業別：31
3325.TWO,旭品,上櫃,25,3325.TWO 旭品；市場：上櫃；官方產業別：25
3332.TWO,幸康,上櫃,28,3332.TWO 幸康；市場：上櫃；官方產業別：28
3338.TW,泰碩,上市,28,3338.TW 泰碩；市場：上市；官方產業別：28
3339.TWO,泰谷,上櫃,26,3339.TWO 泰谷；市場：上櫃；官方產業別：26
3346.TW,麗清,上市,12,3346.TW 麗清；市場：上市；官方產業別：12
3349.TWO,寶德,上櫃,25,3349.TWO 寶德；市場：上櫃；官方產業別：25
3354.TWO,律勝,上櫃,28,3354.TWO 律勝；市場：上櫃；官方產業別：28
3356.TW,奇偶,上市,26,3356.TW 奇偶；市場：上市；官方產業別：26
3357.TWO,臺慶科,上櫃,28,3357.TWO 臺慶科；市場：上櫃；官方產業別：28
3360.TWO,尚立,上櫃,29,3360.TWO 尚立；市場：上櫃；官方產業別：29
3362.TWO,先進光,上櫃,26,3362.TWO 先進光；市場：上櫃；官方產業別：26
3363.TWO,上詮,上櫃,27,3363.TWO 上詮；市場：上櫃；官方產業別：27
3372.TWO,典範,上櫃,24,3372.TWO 典範；市場：上櫃；官方產業別：24
3373.TWO,熱映,上櫃,31,3373.TWO 熱映；市場：上櫃；官方產業別：31
3374.TWO,精材,上櫃,24,3374.TWO 精材；市場：上櫃；官方產業別：24
3376.TW,新日興,上市,28,3376.TW 新日興；市場：上市；官方產業別：28
3379.TWO,彬台,上櫃,5,3379.TWO 彬台；市場：上櫃；官方產業別：5
3380.TW,明泰,上市,27,3380.TW 明泰；市場：上市；官方產業別：27
3388.TWO,崇越電,上櫃,28,3388.TWO 崇越電；市場：上櫃；官方產業別：28
3390.TWO,旭軟,上櫃,28,3390.TWO 旭軟；市場：上櫃；官方產業別：28
3402.TWO,漢科,上櫃,31,3402.TWO 漢科；市場：上櫃；官方產業別：31
3406.TW,玉晶光,上市,26,3406.TW 玉晶光；市場：上市；官方產業別：26
3413.TW,京鼎,上市,24,3413.TW 京鼎；市場：上市；官方產業別：24
3416.TW,融程電,上市,25,3416.TW 融程電；市場：上市；官方產業別：25
3419.TW,譁裕,上市,27,3419.TW 譁裕；市場：上市；官方產業別：27
3426.TWO,台興,上櫃,5,3426.TWO 台興；市場：上櫃；官方產業別：5
3430.TWO,奇鈦科,上櫃,21,3430.TWO 奇鈦科；市場：上櫃；官方產業別：21
3432.TW,台端,上市,28,3432.TW 台端；市場：上市；官方產業別：28
3434.TWO,哲固,上櫃,26,3434.TWO 哲固；市場：上櫃；官方產業別：26
3437.TW,榮創,上市,26,3437.TW 榮創；市場：上市；官方產業別：26
3438.TWO,類比科,上櫃,24,3438.TWO 類比科；市場：上櫃；官方產業別：24
3441.TWO,聯一光電,上櫃,26,3441.TWO 聯一光電；市場：上櫃；官方產業別：26
3443.TW,創意,上市,24,3443.TW 創意；市場：上市；官方產業別：24
3444.TWO,利機,上櫃,29,3444.TWO 利機；市場：上櫃；官方產業別：29
3447.TW,展達,上市,27,3447.TW 展達；市場：上市；官方產業別：27
3450.TW,聯鈞,上市,24,3450.TW 聯鈞；市場：上市；官方產業別：24
3455.TWO,由田,上櫃,26,3455.TWO 由田；市場：上櫃；官方產業別：26
3465.TWO,進泰電子,上櫃,31,3465.TWO 進泰電子；市場：上櫃；官方產業別：31
3466.TWO,德晉,上櫃,27,3466.TWO 德晉；市場：上櫃；官方產業別：27
3467.TWO,台灣精材,上櫃,24,3467.TWO 台灣精材；市場：上櫃；官方產業別：24
3479.TWO,安勤,上櫃,25,3479.TWO 安勤；市場：上櫃；官方產業別：25
3481.TW,群創,上市,26,3481.TW 群創；市場：上市；官方產業別：26
3483.TWO,力致,上櫃,25,3483.TWO 力致；市場：上櫃；官方產業別：25
3484.TWO,崧騰,上櫃,28,3484.TWO 崧騰；市場：上櫃；官方產業別：28
3489.TWO,森寶,上櫃,14,3489.TWO 森寶；市場：上櫃；官方產業別：14
3490.TWO,單井,上櫃,26,3490.TWO 單井；市場：上櫃；官方產業別：26
3491.TWO,昇達科,上櫃,27,3491.TWO 昇達科；市場：上櫃；官方產業別：27
3492.TWO,長盛,上櫃,28,3492.TWO 長盛；市場：上櫃；官方產業別：28
3494.TW,誠研,上市,25,3494.TW 誠研；市場：上市；官方產業別：25
3498.TWO,陽程,上櫃,31,3498.TWO 陽程；市場：上櫃；官方產業別：31
3499.TWO,環天科,上櫃,27,3499.TWO 環天科；市場：上櫃；官方產業別：27
3501.TW,維熹,上市,28,3501.TW 維熹；市場：上市；官方產業別：28
3504.TW,揚明光,上市,26,3504.TW 揚明光；市場：上市；官方產業別：26
3508.TWO,位速,上櫃,31,3508.TWO 位速；市場：上櫃；官方產業別：31
3511.TWO,矽瑪,上櫃,28,3511.TWO 矽瑪；市場：上櫃；官方產業別：28
3512.TWO,皇龍,上櫃,14,3512.TWO 皇龍；市場：上櫃；官方產業別：14
3515.TW,華擎,上市,25,3515.TW 華擎；市場：上市；官方產業別：25
3516.TWO,亞帝歐,上櫃,26,3516.TWO 亞帝歐；市場：上櫃；官方產業別：26
3518.TW,柏騰,上市,31,3518.TW 柏騰；市場：上市；官方產業別：31
3520.TWO,華盈,上櫃,28,3520.TWO 華盈；市場：上櫃；官方產業別：28
3521.TWO,台鋼建設,上櫃,14,3521.TWO 台鋼建設；市場：上櫃；官方產業別：14
3522.TWO,御嵿,上櫃,16,3522.TWO 御嵿；市場：上櫃；官方產業別：16
3523.TWO,迎輝,上櫃,26,3523.TWO 迎輝；市場：上櫃；官方產業別：26
3526.TWO,凡甲,上櫃,28,3526.TWO 凡甲；市場：上櫃；官方產業別：28
3527.TWO,聚積,上櫃,24,3527.TWO 聚積；市場：上櫃；官方產業別：24
3528.TW,安馳,上市,29,3528.TW 安馳；市場：上市；官方產業別：29
3529.TWO,力旺,上櫃,24,3529.TWO 力旺；市場：上櫃；官方產業別：24
3530.TW,晶相光,上市,24,3530.TW 晶相光；市場：上市；官方產業別：24
3531.TWO,先益,上櫃,26,3531.TWO 先益；市場：上櫃；官方產業別：26
3532.TW,台勝科,上市,24,3532.TW 台勝科；市場：上市；官方產業別：24
3533.TW,嘉澤,上市,28,3533.TW 嘉澤；市場：上市；官方產業別：28
3535.TW,晶彩科,上市,26,3535.TW 晶彩科；市場：上市；官方產業別：26
3537.TWO,堡達,上櫃,28,3537.TWO 堡達；市場：上櫃；官方產業別：28
3540.TWO,曜越,上櫃,25,3540.TWO 曜越；市場：上櫃；官方產業別：25
3541.TWO,西柏,上櫃,31,3541.TWO 西柏；市場：上櫃；官方產業別：31
3543.TW,州巧,上市,26,3543.TW 州巧；市場：上市；官方產業別：26
3545.TW,敦泰,上市,24,3545.TW 敦泰；市場：上市；官方產業別：24
3546.TWO,宇峻,上櫃,32,3546.TWO 宇峻；市場：上櫃；官方產業別：32
3548.TWO,兆利,上櫃,28,3548.TWO 兆利；市場：上櫃；官方產業別：28
3550.TW,聯穎,上市,28,3550.TW 聯穎；市場：上市；官方產業別：28
3551.TWO,世禾,上櫃,35,3551.TWO 世禾；市場：上櫃；官方產業別：35
3552.TWO,同致,上櫃,31,3552.TWO 同致；市場：上櫃；官方產業別：31
3555.TWO,博士旺,上櫃,24,3555.TWO 博士旺；市場：上櫃；官方產業別：24
3556.TWO,禾瑞亞,上櫃,24,3556.TWO 禾瑞亞；市場：上櫃；官方產業別：24
3557.TW,嘉威,上市,38,3557.TW 嘉威；市場：上市；官方產業別：38
3558.TWO,神準,上櫃,27,3558.TWO 神準；市場：上櫃；官方產業別：27
3563.TW,牧德,上市,26,3563.TW 牧德；市場：上市；官方產業別：26
3564.TWO,其陽,上櫃,27,3564.TWO 其陽；市場：上櫃；官方產業別：27
3567.TWO,逸昌,上櫃,24,3567.TWO 逸昌；市場：上櫃；官方產業別：24
3570.TWO,大塚,上櫃,30,3570.TWO 大塚；市場：上櫃；官方產業別：30
3576.TW,聯合再生,上市,26,3576.TW 聯合再生；市場：上市；官方產業別：26
3577.TWO,泓格,上櫃,25,3577.TWO 泓格；市場：上櫃；官方產業別：25
3580.TWO,友威科,上櫃,31,3580.TWO 友威科；市場：上櫃；官方產業別：31
3581.TWO,博磊,上櫃,24,3581.TWO 博磊；市場：上櫃；官方產業別：24
3583.TW,辛耘,上市,24,3583.TW 辛耘；市場：上市；官方產業別：24
3587.TWO,閎康,上櫃,31,3587.TWO 閎康；市場：上櫃；官方產業別：31
3588.TW,通嘉,上市,24,3588.TW 通嘉；市場：上市；官方產業別：24
3591.TW,艾笛森,上市,26,3591.TW 艾笛森；市場：上市；官方產業別：26
3592.TW,瑞鼎,上市,24,3592.TW 瑞鼎；市場：上市；官方產業別：24
3593.TW,力銘,上市,28,3593.TW 力銘；市場：上市；官方產業別：28
3594.TWO,磐儀,上櫃,25,3594.TWO 磐儀；市場：上櫃；官方產業別：25
3596.TW,智易,上市,27,3596.TW 智易；市場：上市；官方產業別：27
3597.TWO,映興,上櫃,28,3597.TWO 映興；市場：上櫃；官方產業別：28
3605.TW,宏致,上市,28,3605.TW 宏致；市場：上市；官方產業別：28
3607.TW,谷崧,上市,28,3607.TW 谷崧；市場：上市；官方產業別：28
3609.TWO,三一東林,上櫃,28,3609.TWO 三一東林；市場：上櫃；官方產業別：28
3611.TWO,鼎翰,上櫃,25,3611.TWO 鼎翰；市場：上櫃；官方產業別：25
3615.TWO,安可,上櫃,26,3615.TWO 安可；市場：上櫃；官方產業別：26
3617.TW,碩天,上市,31,3617.TW 碩天；市場：上市；官方產業別：31
3622.TW,洋華,上市,26,3622.TW 洋華；市場：上市；官方產業別：26
3623.TWO,富晶通,上櫃,26,3623.TWO 富晶通；市場：上櫃；官方產業別：26
3624.TWO,光頡,上櫃,28,3624.TWO 光頡；市場：上櫃；官方產業別：28
3625.TWO,西勝,上櫃,25,3625.TWO 西勝；市場：上櫃；官方產業別：25
3628.TWO,盈正,上櫃,31,3628.TWO 盈正；市場：上櫃；官方產業別：31
3629.TWO,地心引力,上櫃,32,3629.TWO 地心引力；市場：上櫃；官方產業別：32
3630.TWO,新鉅科,上櫃,26,3630.TWO 新鉅科；市場：上櫃；官方產業別：26
3631.TWO,晟楠,上櫃,28,3631.TWO 晟楠；市場：上櫃；官方產業別：28
3632.TWO,研勤,上櫃,27,3632.TWO 研勤；市場：上櫃；官方產業別：27
3645.TW,達邁,上市,28,3645.TW 達邁；市場：上市；官方產業別：28
3646.TWO,艾恩特,上櫃,28,3646.TWO 艾恩特；市場：上櫃；官方產業別：28
3652.TW,精聯,上市,25,3652.TW 精聯；市場：上市；官方產業別：25
3653.TW,健策,上市,28,3653.TW 健策；市場：上市；官方產業別：28
3661.TW,世芯-KY,上市,24,3661.TW 世芯-KY；市場：上市；官方產業別：24
3663.TWO,鑫科,上櫃,31,3663.TWO 鑫科；市場：上櫃；官方產業別：31
3664.TWO,安瑞-KY,上櫃,27,3664.TWO 安瑞-KY；市場：上櫃；官方產業別：27
3665.TW,貿聯-KY,上市,31,3665.TW 貿聯-KY；市場：上市；官方產業別：31
3666.TWO,光耀,上櫃,26,3666.TWO 光耀；市場：上櫃；官方產業別：26
3669.TW,圓展,上市,27,3669.TW 圓展；市場：上市；官方產業別：27
3672.TWO,康聯訊,上櫃,27,3672.TWO 康聯訊；市場：上櫃；官方產業別：27
3673.TW,TPK-KY,上市,26,3673.TW TPK-KY；市場：上市；官方產業別：26
3675.TWO,德微,上櫃,24,3675.TWO 德微；市場：上櫃；官方產業別：24
3679.TW,新至陞,上市,28,3679.TW 新至陞；市場：上市；官方產業別：28
3680.TWO,家登,上櫃,24,3680.TWO 家登；市場：上櫃；官方產業別：24
3684.TWO,榮昌,上櫃,27,3684.TWO 榮昌；市場：上櫃；官方產業別：27
3685.TWO,元創精密,上櫃,5,3685.TWO 元創精密；市場：上櫃；官方產業別：5
3686.TW,達能,上市,24,3686.TW 達能；市場：上市；官方產業別：24
3687.TWO,歐買尬,上櫃,36,3687.TWO 歐買尬；市場：上櫃；官方產業別：36
3689.TWO,湧德,上櫃,28,3689.TWO 湧德；市場：上櫃；官方產業別：28
3691.TWO,碩禾,上櫃,26,3691.TWO 碩禾；市場：上櫃；官方產業別：26
3693.TWO,營邦,上櫃,25,3693.TWO 營邦；市場：上櫃；官方產業別：25
3694.TW,海華,上市,27,3694.TW 海華；市場：上市；官方產業別：27
3701.TW,大眾控,上市,25,3701.TW 大眾控；市場：上市；官方產業別：25
3702.TW,大聯大,上市,29,3702.TW 大聯大；市場：上市；官方產業別：29
3703.TW,欣陸,上市,14,3703.TW 欣陸；市場：上市；官方產業別：14
3704.TW,合勤控,上市,27,3704.TW 合勤控；市場：上市；官方產業別：27
3705.TW,永信,上市,22,3705.TW 永信；市場：上市；官方產業別：22
3706.TW,神達,上市,25,3706.TW 神達；市場：上市；官方產業別：25
3707.TWO,漢磊,上櫃,24,3707.TWO 漢磊；市場：上櫃；官方產業別：24
3708.TW,上緯投控,上市,35,3708.TW 上緯投控；市場：上市；官方產業別：35
3709.TWO,鑫聯大投控,上櫃,25,3709.TWO 鑫聯大投控；市場：上櫃；官方產業別：25
3710.TWO,連展投控,上櫃,28,3710.TWO 連展投控；市場：上櫃；官方產業別：28
3711.TW,日月光投控,上市,24,3711.TW 日月光投控；市場：上市；官方產業別：24
3712.TW,永崴投控,上市,25,3712.TW 永崴投控；市場：上市；官方產業別：25
3713.TWO,新晶投控,上櫃,35,3713.TWO 新晶投控；市場：上櫃；官方產業別：35
3714.TW,富采,上市,26,3714.TW 富采；市場：上市；官方產業別：26
3715.TW,定穎投控,上市,28,3715.TW 定穎投控；市場：上市；官方產業別：28
3716.TW,中化控股,上市,22,3716.TW 中化控股；市場：上市；官方產業別：22
3717.TW,聯嘉投控,上市,12,3717.TW 聯嘉投控；市場：上市；官方產業別：12
4102.TWO,永日,上櫃,22,4102.TWO 永日；市場：上櫃；官方產業別：22
4104.TW,佳醫,上市,22,4104.TW 佳醫；市場：上市；官方產業別：22
4105.TWO,東洋,上櫃,22,4105.TWO 東洋；市場：上櫃；官方產業別：22
4106.TW,雃博,上市,22,4106.TW 雃博；市場：上市；官方產業別：22
4107.TWO,邦特,上櫃,22,4107.TWO 邦特；市場：上櫃；官方產業別：22
4108.TW,懷特,上市,22,4108.TW 懷特；市場：上市；官方產業別：22
4109.TWO,加捷生醫,上櫃,22,4109.TWO 加捷生醫；市場：上櫃；官方產業別：22
4111.TWO,濟生,上櫃,22,4111.TWO 濟生；市場：上櫃；官方產業別：22
4113.TWO,聯上,上櫃,14,4113.TWO 聯上；市場：上櫃；官方產業別：14
4114.TWO,健喬,上櫃,22,4114.TWO 健喬；市場：上櫃；官方產業別：22
4116.TWO,明基醫,上櫃,22,4116.TWO 明基醫；市場：上櫃；官方產業別：22
4119.TW,旭富,上市,22,4119.TW 旭富；市場：上市；官方產業別：22
4120.TWO,友華,上櫃,22,4120.TWO 友華；市場：上櫃；官方產業別：22
4121.TWO,優盛,上櫃,22,4121.TWO 優盛；市場：上櫃；官方產業別：22
4123.TWO,晟德,上櫃,22,4123.TWO 晟德；市場：上櫃；官方產業別：22
4126.TWO,太醫,上櫃,22,4126.TWO 太醫；市場：上櫃；官方產業別：22
4127.TWO,天良,上櫃,22,4127.TWO 天良；市場：上櫃；官方產業別：22
4128.TWO,中天,上櫃,22,4128.TWO 中天；市場：上櫃；官方產業別：22
4129.TWO,聯合,上櫃,22,4129.TWO 聯合；市場：上櫃；官方產業別：22
4130.TWO,健亞,上櫃,22,4130.TWO 健亞；市場：上櫃；官方產業別：22
4131.TWO,浩泰,上櫃,22,4131.TWO 浩泰；市場：上櫃；官方產業別：22
4133.TW,亞諾法,上市,22,4133.TW 亞諾法；市場：上市；官方產業別：22
4137.TW,麗豐-KY,上市,22,4137.TW 麗豐-KY；市場：上市；官方產業別：22
4138.TWO,曜亞,上櫃,22,4138.TWO 曜亞；市場：上櫃；官方產業別：22
4139.TWO,馬光-KY,上櫃,22,4139.TWO 馬光-KY；市場：上櫃；官方產業別：22
4142.TW,國光生,上市,22,4142.TW 國光生；市場：上市；官方產業別：22
4147.TWO,中裕,上櫃,22,4147.TWO 中裕；市場：上櫃；官方產業別：22
4148.TW,全宇生技-KY,上市,22,4148.TW 全宇生技-KY；市場：上市；官方產業別：22
4153.TWO,鈺緯,上櫃,22,4153.TWO 鈺緯；市場：上櫃；官方產業別：22
4154.TWO,樂威科-KY,上櫃,20,4154.TWO 樂威科-KY；市場：上櫃；官方產業別：20
4155.TW,訊映,上市,22,4155.TW 訊映；市場：上市；官方產業別：22
4157.TWO,太景*-KY,上櫃,22,4157.TWO 太景*-KY；市場：上櫃；官方產業別：22
4160.TWO,訊聯基因,上櫃,22,4160.TWO 訊聯基因；市場：上櫃；官方產業別：22
4161.TWO,聿新科,上櫃,22,4161.TWO 聿新科；市場：上櫃；官方產業別：22
4162.TWO,智擎,上櫃,22,4162.TWO 智擎；市場：上櫃；官方產業別：22
4163.TWO,鐿鈦,上櫃,22,4163.TWO 鐿鈦；市場：上櫃；官方產業別：22
4164.TW,承業醫,上市,22,4164.TW 承業醫；市場：上市；官方產業別：22
4166.TWO,友霖,上櫃,22,4166.TWO 友霖；市場：上櫃；官方產業別：22
4167.TWO,松瑞藥,上櫃,22,4167.TWO 松瑞藥；市場：上櫃；官方產業別：22
4168.TWO,醣聯,上櫃,22,4168.TWO 醣聯；市場：上櫃；官方產業別：22
4169.TW,泰宗,上市,22,4169.TW 泰宗；市場：上市；官方產業別：22
4171.TWO,瑞基,上櫃,33,4171.TWO 瑞基；市場：上櫃；官方產業別：33
4173.TWO,久裕,上櫃,22,4173.TWO 久裕；市場：上櫃；官方產業別：22
4174.TWO,浩鼎,上櫃,22,4174.TWO 浩鼎；市場：上櫃；官方產業別：22
4175.TWO,杏一,上櫃,22,4175.TWO 杏一；市場：上櫃；官方產業別：22
4178.TW,永笙-KY,上市,22,4178.TW 永笙-KY；市場：上市；官方產業別：22
4183.TWO,福永生技,上櫃,22,4183.TWO 福永生技；市場：上櫃；官方產業別：22
4188.TWO,安克,上櫃,22,4188.TWO 安克；市場：上櫃；官方產業別：22
4190.TW,佐登-KY,上市,22,4190.TW 佐登-KY；市場：上市；官方產業別：22
4192.TWO,杏國,上櫃,22,4192.TWO 杏國；市場：上櫃；官方產業別：22
4198.TWO,欣大健康,上櫃,22,4198.TWO 欣大健康；市場：上櫃；官方產業別：22
4205.TWO,中華食,上櫃,2,4205.TWO 中華食；市場：上櫃；官方產業別：2
4207.TWO,環泰,上櫃,2,4207.TWO 環泰；市場：上櫃；官方產業別：2
4303.TWO,信立,上櫃,3,4303.TWO 信立；市場：上櫃；官方產業別：3
4304.TWO,勝昱,上櫃,3,4304.TWO 勝昱；市場：上櫃；官方產業別：3
4305.TWO,世坤,上櫃,3,4305.TWO 世坤；市場：上櫃；官方產業別：3
4306.TW,炎洲,上市,3,4306.TW 炎洲；市場：上市；官方產業別：3
4401.TWO,東隆興,上櫃,4,4401.TWO 東隆興；市場：上櫃；官方產業別：4
4402.TWO,郡都開發,上櫃,4,4402.TWO 郡都開發；市場：上櫃；官方產業別：4
4406.TWO,新昕纖,上櫃,4,4406.TWO 新昕纖；市場：上櫃；官方產業別：4
4413.TWO,飛寶企業,上櫃,4,4413.TWO 飛寶企業；市場：上櫃；官方產業別：4
4414.TW,如興,上市,4,4414.TW 如興；市場：上市；官方產業別：4
4416.TWO,三圓,上櫃,14,4416.TWO 三圓；市場：上櫃；官方產業別：14
4417.TWO,金洲,上櫃,4,4417.TWO 金洲；市場：上櫃；官方產業別：4
4419.TWO,皇家美食,上櫃,16,4419.TWO 皇家美食；市場：上櫃；官方產業別：16
4420.TWO,光明,上櫃,4,4420.TWO 光明；市場：上櫃；官方產業別：4
4426.TW,利勤,上市,4,4426.TW 利勤；市場：上市；官方產業別：4
4430.TWO,耀億,上櫃,20,4430.TWO 耀億；市場：上櫃；官方產業別：20
4432.TWO,銘旺實,上櫃,4,4432.TWO 銘旺實；市場：上櫃；官方產業別：4
4433.TWO,興采,上櫃,4,4433.TWO 興采；市場：上櫃；官方產業別：4
4438.TW,廣越,上市,4,4438.TW 廣越；市場：上市；官方產業別：4
4439.TW,冠星-KY,上市,4,4439.TW 冠星-KY；市場：上市；官方產業別：4
4440.TW,宜新實業,上市,4,4440.TW 宜新實業；市場：上市；官方產業別：4
4441.TW,振大環球,上市,4,4441.TW 振大環球；市場：上市；官方產業別：4
4442.TWO,竣邦-KY,上櫃,4,4442.TWO 竣邦-KY；市場：上櫃；官方產業別：4
4502.TWO,健信,上櫃,5,4502.TWO 健信；市場：上櫃；官方產業別：5
4503.TWO,金雨,上櫃,5,4503.TWO 金雨；市場：上櫃；官方產業別：5
4506.TWO,崇友,上櫃,5,4506.TWO 崇友；市場：上櫃；官方產業別：5
4510.TWO,高鋒,上櫃,5,4510.TWO 高鋒；市場：上櫃；官方產業別：5
4513.TWO,福裕,上櫃,5,4513.TWO 福裕；市場：上櫃；官方產業別：5
4523.TWO,永彰,上櫃,5,4523.TWO 永彰；市場：上櫃；官方產業別：5
4526.TW,東台,上市,5,4526.TW 東台；市場：上市；官方產業別：5
4527.TWO,方方土霖,上櫃,5,4527.TWO 方方土霖；市場：上櫃；官方產業別：5
4528.TWO,江興鍛,上櫃,5,4528.TWO 江興鍛；市場：上櫃；官方產業別：5
4529.TWO,淳紳,上櫃,20,4529.TWO 淳紳；市場：上櫃；官方產業別：20
4530.TWO,宏易,上櫃,16,4530.TWO 宏易；市場：上櫃；官方產業別：16
4532.TW,瑞智,上市,5,4532.TW 瑞智；市場：上市；官方產業別：5
4533.TWO,協易機,上櫃,5,4533.TWO 協易機；市場：上櫃；官方產業別：5
4534.TWO,慶騰,上櫃,5,4534.TWO 慶騰；市場：上櫃；官方產業別：5
4535.TWO,至興,上櫃,5,4535.TWO 至興；市場：上櫃；官方產業別：5
4536.TW,拓凱,上市,37,4536.TW 拓凱；市場：上市；官方產業別：37
4538.TWO,大詠城,上櫃,5,4538.TWO 大詠城；市場：上櫃；官方產業別：5
4540.TW,全球傳動,上市,5,4540.TW 全球傳動；市場：上市；官方產業別：5
4541.TWO,晟田,上櫃,20,4541.TWO 晟田；市場：上櫃；官方產業別：20
4542.TWO,科嶠,上櫃,28,4542.TWO 科嶠；市場：上櫃；官方產業別：28
4543.TWO,萬在,上櫃,5,4543.TWO 萬在；市場：上櫃；官方產業別：5
4545.TW,銘鈺,上市,28,4545.TW 銘鈺；市場：上市；官方產業別：28
4549.TWO,桓達,上櫃,5,4549.TWO 桓達；市場：上櫃；官方產業別：5
4550.TWO,長佳,上櫃,5,4550.TWO 長佳；市場：上櫃；官方產業別：5
4551.TW,智伸科,上市,12,4551.TW 智伸科；市場：上市；官方產業別：12
4552.TW,力達-KY,上市,5,4552.TW 力達-KY；市場：上市；官方產業別：5
4554.TWO,橙的,上櫃,31,4554.TWO 橙的；市場：上櫃；官方產業別：31
4555.TW,氣立,上市,5,4555.TW 氣立；市場：上市；官方產業別：5
4556.TWO,旭然,上櫃,20,4556.TWO 旭然；市場：上櫃；官方產業別：20
4557.TW,永新-KY,上市,12,4557.TW 永新-KY；市場：上市；官方產業別：12
4558.TWO,寶緯,上櫃,5,4558.TWO 寶緯；市場：上櫃；官方產業別：5
4560.TW,強信-KY,上市,5,4560.TW 強信-KY；市場：上市；官方產業別：5
4561.TWO,健椿,上櫃,5,4561.TWO 健椿；市場：上櫃；官方產業別：5
4562.TW,穎漢,上市,5,4562.TW 穎漢；市場：上市；官方產業別：5
4563.TWO,百德,上櫃,5,4563.TWO 百德；市場：上櫃；官方產業別：5
4564.TW,元翎,上市,5,4564.TW 元翎；市場：上市；官方產業別：5
4566.TW,時碩工業,上市,5,4566.TW 時碩工業；市場：上市；官方產業別：5
4568.TWO,科際精密,上櫃,5,4568.TWO 科際精密；市場：上櫃；官方產業別：5
4569.TW,六方科-KY,上市,12,4569.TW 六方科-KY；市場：上市；官方產業別：12
4571.TW,鈞興-KY,上市,5,4571.TW 鈞興-KY；市場：上市；官方產業別：5
4572.TW,駐龍,上市,5,4572.TW 駐龍；市場：上市；官方產業別：5
4576.TW,大銀微系統,上市,5,4576.TW 大銀微系統；市場：上市；官方產業別：5
4577.TWO,達航科技,上櫃,31,4577.TWO 達航科技；市場：上櫃；官方產業別：31
4580.TWO,捷流閥業,上櫃,5,4580.TWO 捷流閥業；市場：上櫃；官方產業別：5
4581.TW,光隆精密-KY,上市,12,4581.TW 光隆精密-KY；市場：上市；官方產業別：12
4583.TW,台灣精銳,上市,5,4583.TW 台灣精銳；市場：上市；官方產業別：5
4584.TWO,君帆,上櫃,5,4584.TWO 君帆；市場：上櫃；官方產業別：5
4585.TW,達明,上市,31,4585.TW 達明；市場：上市；官方產業別：31
4588.TW,玖鼎電力,上市,31,4588.TW 玖鼎電力；市場：上市；官方產業別：31
4590.TW,富田-創,上市,5,4590.TW 富田-創；市場：上市；官方產業別：5
4609.TWO,唐鋒,上櫃,38,4609.TWO 唐鋒；市場：上櫃；官方產業別：38
4702.TWO,中美實,上櫃,38,4702.TWO 中美實；市場：上櫃；官方產業別：38
4706.TWO,大恭,上櫃,21,4706.TWO 大恭；市場：上櫃；官方產業別：21
4707.TWO,磐亞,上櫃,21,4707.TWO 磐亞；市場：上櫃；官方產業別：21
4711.TWO,永純,上櫃,21,4711.TWO 永純；市場：上櫃；官方產業別：21
4714.TWO,永捷,上櫃,21,4714.TWO 永捷；市場：上櫃；官方產業別：21
4716.TWO,大立,上櫃,21,4716.TWO 大立；市場：上櫃；官方產業別：21
4720.TW,德淵,上市,21,4720.TW 德淵；市場：上市；官方產業別：21
4721.TWO,美琪瑪,上櫃,21,4721.TWO 美琪瑪；市場：上櫃；官方產業別：21
4722.TW,國精化,上市,21,4722.TW 國精化；市場：上市；官方產業別：21
4726.TWO,永昕,上櫃,22,4726.TWO 永昕；市場：上櫃；官方產業別：22
4728.TWO,雙美,上櫃,22,4728.TWO 雙美；市場：上櫃；官方產業別：22
4729.TWO,熒茂,上櫃,26,4729.TWO 熒茂；市場：上櫃；官方產業別：26
4735.TWO,豪展,上櫃,22,4735.TWO 豪展；市場：上櫃；官方產業別：22
4736.TW,泰博,上市,22,4736.TW 泰博；市場：上市；官方產業別：22
4737.TW,華廣,上市,22,4737.TW 華廣；市場：上市；官方產業別：22
4739.TW,康普,上市,21,4739.TW 康普；市場：上市；官方產業別：21
4741.TWO,泓瀚,上櫃,21,4741.TWO 泓瀚；市場：上櫃；官方產業別：21
4743.TWO,合一,上櫃,22,4743.TWO 合一；市場：上櫃；官方產業別：22
4744.TWO,皇將,上櫃,22,4744.TWO 皇將；市場：上櫃；官方產業別：22
4745.TWO,合富-KY,上櫃,22,4745.TWO 合富-KY；市場：上櫃；官方產業別：22
4746.TW,台耀,上市,22,4746.TW 台耀；市場：上市；官方產業別：22
4747.TWO,強生製藥,上櫃,22,4747.TWO 強生製藥；市場：上櫃；官方產業別：22
4749.TWO,新應材,上櫃,24,4749.TWO 新應材；市場：上櫃；官方產業別：24
4754.TWO,國碳科,上櫃,21,4754.TWO 國碳科；市場：上櫃；官方產業別：21
4755.TW,三福化,上市,21,4755.TW 三福化；市場：上市；官方產業別：21
4760.TWO,勤凱科技,上櫃,31,4760.TWO 勤凱科技；市場：上櫃；官方產業別：31
4763.TW,材料*-KY,上市,21,4763.TW 材料*-KY；市場：上市；官方產業別：21
4764.TW,雙鍵,上市,21,4764.TW 雙鍵；市場：上市；官方產業別：21
4766.TW,南寶,上市,21,4766.TW 南寶；市場：上市；官方產業別：21
4767.TWO,誠泰科技,上櫃,21,4767.TWO 誠泰科技；市場：上櫃；官方產業別：21
4768.TWO,晶呈科技,上櫃,21,4768.TWO 晶呈科技；市場：上櫃；官方產業別：21
4770.TW,上品,上市,21,4770.TW 上品；市場：上市；官方產業別：21
4771.TW,望隼,上市,22,4771.TW 望隼；市場：上市；官方產業別：22
4772.TWO,台特化,上櫃,21,4772.TWO 台特化；市場：上櫃；官方產業別：21
4804.TWO,大略-KY,上櫃,16,4804.TWO 大略-KY；市場：上櫃；官方產業別：16
4806.TWO,桂田文創,上櫃,32,4806.TWO 桂田文創；市場：上櫃；官方產業別：32
4807.TW,日成-KY,上市,18,4807.TW 日成-KY；市場：上市；官方產業別：18
4903.TWO,聯光通,上櫃,27,4903.TWO 聯光通；市場：上櫃；官方產業別：27
4904.TW,遠傳,上市,27,4904.TW 遠傳；市場：上市；官方產業別：27
4905.TWO,台聯電,上櫃,27,4905.TWO 台聯電；市場：上櫃；官方產業別：27
4906.TW,正文,上市,27,4906.TW 正文；市場：上市；官方產業別：27
4907.TWO,富宇,上櫃,14,4907.TWO 富宇；市場：上櫃；官方產業別：14
4908.TWO,前鼎,上櫃,27,4908.TWO 前鼎；市場：上櫃；官方產業別：27
4909.TWO,新復興,上櫃,27,4909.TWO 新復興；市場：上櫃；官方產業別：27
4911.TWO,德英,上櫃,22,4911.TWO 德英；市場：上櫃；官方產業別：22
4912.TW,聯德控股-KY,上市,28,4912.TW 聯德控股-KY；市場：上市；官方產業別：28
4915.TW,致伸,上市,28,4915.TW 致伸；市場：上市；官方產業別：28
4916.TW,事欣科,上市,25,4916.TW 事欣科；市場：上市；官方產業別：25
4919.TW,新唐,上市,24,4919.TW 新唐；市場：上市；官方產業別：24
4923.TWO,力士,上櫃,24,4923.TWO 力士；市場：上櫃；官方產業別：24
4924.TWO,欣厚-KY,上櫃,25,4924.TWO 欣厚-KY；市場：上櫃；官方產業別：25
4927.TW,泰鼎-KY,上市,28,4927.TW 泰鼎-KY；市場：上市；官方產業別：28
4930.TW,燦星網,上市,6,4930.TW 燦星網；市場：上市；官方產業別：6
4931.TWO,新盛力,上櫃,25,4931.TWO 新盛力；市場：上櫃；官方產業別：25
4933.TWO,友輝,上櫃,26,4933.TWO 友輝；市場：上櫃；官方產業別：26
4934.TW,太極,上市,26,4934.TW 太極；市場：上市；官方產業別：26
4935.TW,茂林-KY,上市,26,4935.TW 茂林-KY；市場：上市；官方產業別：26
4938.TW,和碩,上市,25,4938.TW 和碩；市場：上市；官方產業別：25
4939.TWO,亞電,上櫃,28,4939.TWO 亞電；市場：上櫃；官方產業別：28
4942.TW,嘉彰,上市,26,4942.TW 嘉彰；市場：上市；官方產業別：26
4943.TW,康控-KY,上市,28,4943.TW 康控-KY；市場：上市；官方產業別：28
4946.TWO,辣椒,上櫃,32,4946.TWO 辣椒；市場：上櫃；官方產業別：32
4949.TW,有成精密,上市,26,4949.TW 有成精密；市場：上市；官方產業別：26
4950.TWO,金耘國際,上櫃,10,4950.TWO 金耘國際；市場：上櫃；官方產業別：10
4951.TWO,精拓科,上櫃,24,4951.TWO 精拓科；市場：上櫃；官方產業別：24
4952.TW,凌通,上市,24,4952.TW 凌通；市場：上市；官方產業別：24
4953.TWO,緯軟,上櫃,30,4953.TWO 緯軟；市場：上櫃；官方產業別：30
4956.TW,光鋐,上市,26,4956.TW 光鋐；市場：上市；官方產業別：26
4958.TW,臻鼎-KY,上市,28,4958.TW 臻鼎-KY；市場：上市；官方產業別：28
4960.TW,誠美材,上市,26,4960.TW 誠美材；市場：上市；官方產業別：26
4961.TW,天鈺,上市,24,4961.TW 天鈺；市場：上市；官方產業別：24
4966.TWO,譜瑞-KY,上櫃,24,4966.TWO 譜瑞-KY；市場：上櫃；官方產業別：24
4967.TW,十銓,上市,24,4967.TW 十銓；市場：上市；官方產業別：24
4968.TW,立積,上市,24,4968.TW 立積；市場：上市；官方產業別：24
4971.TWO,IET-KY,上櫃,24,4971.TWO IET-KY；市場：上櫃；官方產業別：24
4972.TWO,湯石照明,上櫃,26,4972.TWO 湯石照明；市場：上櫃；官方產業別：26
4973.TWO,廣穎電通,上櫃,24,4973.TWO 廣穎電通；市場：上櫃；官方產業別：24
4974.TWO,亞泰,上櫃,28,4974.TWO 亞泰；市場：上櫃；官方產業別：28
4976.TW,佳凌,上市,26,4976.TW 佳凌；市場：上市；官方產業別：26
4977.TW,眾達-KY,上市,27,4977.TW 眾達-KY；市場：上市；官方產業別：27
4979.TWO,華星光,上櫃,27,4979.TWO 華星光；市場：上櫃；官方產業別：27
4987.TWO,科誠,上櫃,25,4987.TWO 科誠；市場：上櫃；官方產業別：25
4989.TW,榮科,上市,28,4989.TW 榮科；市場：上市；官方產業別：28
4991.TWO,環宇-KY,上櫃,24,4991.TWO 環宇-KY；市場：上櫃；官方產業別：24
4994.TW,傳奇,上市,30,4994.TW 傳奇；市場：上市；官方產業別：30
4995.TWO,晶達,上櫃,26,4995.TWO 晶達；市場：上櫃；官方產業別：26
4999.TW,鑫禾,上市,28,4999.TW 鑫禾；市場：上市；官方產業別：28
5007.TW,三星,上市,10,5007.TW 三星；市場：上市；官方產業別：10
5009.TWO,榮剛,上櫃,10,5009.TWO 榮剛；市場：上櫃；官方產業別：10
5011.TWO,久陽,上櫃,10,5011.TWO 久陽；市場：上櫃；官方產業別：10
5013.TWO,強新,上櫃,10,5013.TWO 強新；市場：上櫃；官方產業別：10
5014.TWO,建錩,上櫃,10,5014.TWO 建錩；市場：上櫃；官方產業別：10
5015.TWO,華祺,上櫃,10,5015.TWO 華祺；市場：上櫃；官方產業別：10
5016.TWO,松和,上櫃,10,5016.TWO 松和；市場：上櫃；官方產業別：10
5201.TWO,凱衛,上櫃,30,5201.TWO 凱衛；市場：上櫃；官方產業別：30
5202.TWO,力新,上櫃,30,5202.TWO 力新；市場：上櫃；官方產業別：30
5203.TW,訊連,上市,30,5203.TW 訊連；市場：上市；官方產業別：30
5205.TWO,中茂,上櫃,35,5205.TWO 中茂；市場：上櫃；官方產業別：35
5206.TWO,坤悅,上櫃,14,5206.TWO 坤悅；市場：上櫃；官方產業別：14
5209.TWO,新鼎,上櫃,20,5209.TWO 新鼎；市場：上櫃；官方產業別：20
5210.TWO,寶碩,上櫃,30,5210.TWO 寶碩；市場：上櫃；官方產業別：30
5211.TWO,蒙恬,上櫃,30,5211.TWO 蒙恬；市場：上櫃；官方產業別：30
5212.TWO,凌網,上櫃,30,5212.TWO 凌網；市場：上櫃；官方產業別：30
5213.TWO,亞昕,上櫃,14,5213.TWO 亞昕；市場：上櫃；官方產業別：14
5215.TW,科嘉-KY,上市,25,5215.TW 科嘉-KY；市場：上市；官方產業別：25
5220.TWO,萬達光電,上櫃,26,5220.TWO 萬達光電；市場：上櫃；官方產業別：26
5222.TW,全訊,上市,24,5222.TW 全訊；市場：上市；官方產業別：24
5223.TWO,安力-KY,上櫃,25,5223.TWO 安力-KY；市場：上櫃；官方產業別：25
5225.TW,東科-KY,上市,31,5225.TW 東科-KY；市場：上市；官方產業別：31
5227.TWO,立凱-KY,上櫃,28,5227.TWO 立凱-KY；市場：上櫃；官方產業別：28
5228.TWO,鈺鎧,上櫃,28,5228.TWO 鈺鎧；市場：上櫃；官方產業別：28
5230.TWO,雷笛克光學,上櫃,26,5230.TWO 雷笛克光學；市場：上櫃；官方產業別：26
5234.TW,達興材料,上市,26,5234.TW 達興材料；市場：上市；官方產業別：26
5236.TWO,凌陽創新,上櫃,24,5236.TWO 凌陽創新；市場：上櫃；官方產業別：24
5243.TW,乙盛-KY,上市,26,5243.TW 乙盛-KY；市場：上市；官方產業別：26
5244.TW,弘凱,上市,26,5244.TW 弘凱；市場：上市；官方產業別：26
5245.TWO,智晶,上櫃,26,5245.TWO 智晶；市場：上櫃；官方產業別：26
5251.TWO,天鉞電,上櫃,26,5251.TWO 天鉞電；市場：上櫃；官方產業別：26
5258.TW,虹堡,上市,25,5258.TW 虹堡；市場：上市；官方產業別：25
5263.TWO,智崴,上櫃,32,5263.TWO 智崴；市場：上櫃；官方產業別：32
5269.TW,祥碩,上市,24,5269.TW 祥碩；市場：上市；官方產業別：24
5272.TWO,笙科,上櫃,24,5272.TWO 笙科；市場：上櫃；官方產業別：24
5274.TWO,信驊,上櫃,24,5274.TWO 信驊；市場：上櫃；官方產業別：24
5276.TWO,達輝-KY,上櫃,20,5276.TWO 達輝-KY；市場：上櫃；官方產業別：20
5278.TWO,尚凡*,上櫃,36,5278.TWO 尚凡*；市場：上櫃；官方產業別：36
5283.TW,禾聯碩,上市,6,5283.TW 禾聯碩；市場：上市；官方產業別：6
5284.TW,jpp-KY,上市,20,5284.TW jpp-KY；市場：上市；官方產業別：20
5285.TW,界霖,上市,24,5285.TW 界霖；市場：上市；官方產業別：24
5287.TWO,數字,上櫃,36,5287.TWO 數字；市場：上櫃；官方產業別：36
5288.TW,豐祥-KY,上市,5,5288.TW 豐祥-KY；市場：上市；官方產業別：5
5289.TWO,宜鼎,上櫃,25,5289.TWO 宜鼎；市場：上櫃；官方產業別：25
5291.TWO,邑昇,上櫃,28,5291.TWO 邑昇；市場：上櫃；官方產業別：28
5292.TW,華懋,上市,35,5292.TW 華懋；市場：上市；官方產業別：35
5299.TWO,杰力,上櫃,24,5299.TWO 杰力；市場：上櫃；官方產業別：24
5301.TWO,寶得利,上櫃,16,5301.TWO 寶得利；市場：上櫃；官方產業別：16
5302.TWO,太欣,上櫃,24,5302.TWO 太欣；市場：上櫃；官方產業別：24
5306.TW,桂盟,上市,37,5306.TW 桂盟；市場：上市；官方產業別：37
5309.TWO,系統電,上櫃,28,5309.TWO 系統電；市場：上櫃；官方產業別：28
5310.TWO,天剛,上櫃,30,5310.TWO 天剛；市場：上櫃；官方產業別：30
5312.TWO,寶島科,上櫃,22,5312.TWO 寶島科；市場：上櫃；官方產業別：22
5314.TWO,世紀*,上櫃,20,5314.TWO 世紀*；市場：上櫃；官方產業別：20
5315.TWO,光聯,上櫃,26,5315.TWO 光聯；市場：上櫃；官方產業別：26
5321.TWO,美而快,上櫃,36,5321.TWO 美而快；市場：上櫃；官方產業別：36
5324.TWO,士開,上櫃,14,5324.TWO 士開；市場：上櫃；官方產業別：14
5328.TWO,華容,上櫃,28,5328.TWO 華容；市場：上櫃；官方產業別：28
5340.TWO,建榮,上櫃,28,5340.TWO 建榮；市場：上櫃；官方產業別：28
5344.TWO,立衛,上櫃,24,5344.TWO 立衛；市場：上櫃；官方產業別：24
5345.TWO,馥鴻,上櫃,20,5345.TWO 馥鴻；市場：上櫃；官方產業別：20
5347.TWO,世界,上櫃,24,5347.TWO 世界；市場：上櫃；官方產業別：24
5348.TWO,正能量智能,上櫃,37,5348.TWO 正能量智能；市場：上櫃；官方產業別：37
5351.TWO,鈺創,上櫃,24,5351.TWO 鈺創；市場：上櫃；官方產業別：24
5353.TWO,台林,上櫃,27,5353.TWO 台林；市場：上櫃；官方產業別：27
5355.TWO,佳總,上櫃,28,5355.TWO 佳總；市場：上櫃；官方產業別：28
5356.TWO,協益,上櫃,25,5356.TWO 協益；市場：上櫃；官方產業別：25
5364.TWO,力麗店,上櫃,16,5364.TWO 力麗店；市場：上櫃；官方產業別：16
5371.TWO,中光電,上櫃,26,5371.TWO 中光電；市場：上櫃；官方產業別：26
5381.TWO,光譜,上櫃,28,5381.TWO 光譜；市場：上櫃；官方產業別：28
5386.TWO,青雲,上櫃,25,5386.TWO 青雲；市場：上櫃；官方產業別：25
5388.TW,中磊,上市,27,5388.TW 中磊；市場：上市；官方產業別：27
5392.TWO,能率,上櫃,26,5392.TWO 能率；市場：上櫃；官方產業別：26
5398.TWO,慕康生醫,上櫃,20,5398.TWO 慕康生醫；市場：上櫃；官方產業別：20
5403.TWO,中菲,上櫃,30,5403.TWO 中菲；市場：上櫃；官方產業別：30
5410.TWO,國眾,上櫃,30,5410.TWO 國眾；市場：上櫃；官方產業別：30
5425.TWO,台半,上櫃,24,5425.TWO 台半；市場：上櫃；官方產業別：24
5426.TWO,振發,上櫃,25,5426.TWO 振發；市場：上櫃；官方產業別：25
5432.TWO,新門,上櫃,35,5432.TWO 新門；市場：上櫃；官方產業別：35
5434.TW,崇越,上市,29,5434.TW 崇越；市場：上市；官方產業別：29
5438.TWO,東友,上櫃,25,5438.TWO 東友；市場：上櫃；官方產業別：25
5439.TWO,高技,上櫃,28,5439.TWO 高技；市場：上櫃；官方產業別：28
5443.TWO,均豪,上櫃,24,5443.TWO 均豪；市場：上櫃；官方產業別：24
5450.TWO,南良,上櫃,20,5450.TWO 南良；市場：上櫃；官方產業別：20
5452.TWO,佶優,上櫃,31,5452.TWO 佶優；市場：上櫃；官方產業別：31
5455.TWO,昇益,上櫃,14,5455.TWO 昇益；市場：上櫃；官方產業別：14
5457.TWO,宣德,上櫃,28,5457.TWO 宣德；市場：上櫃；官方產業別：28
5460.TWO,同協,上櫃,28,5460.TWO 同協；市場：上櫃；官方產業別：28
5464.TWO,霖宏,上櫃,28,5464.TWO 霖宏；市場：上櫃；官方產業別：28
5465.TWO,富驊,上櫃,25,5465.TWO 富驊；市場：上櫃；官方產業別：25
5468.TWO,凱鈺,上櫃,24,5468.TWO 凱鈺；市場：上櫃；官方產業別：24
5469.TW,瀚宇博,上市,28,5469.TW 瀚宇博；市場：上市；官方產業別：28
5471.TW,松翰,上市,24,5471.TW 松翰；市場：上市；官方產業別：24
5474.TWO,聰泰,上櫃,25,5474.TWO 聰泰；市場：上櫃；官方產業別：25
5475.TWO,德宏,上櫃,28,5475.TWO 德宏；市場：上櫃；官方產業別：28
5478.TWO,智冠,上櫃,32,5478.TWO 智冠；市場：上櫃；官方產業別：32
5481.TWO,新華,上櫃,20,5481.TWO 新華；市場：上櫃；官方產業別：20
5483.TWO,中美晶,上櫃,24,5483.TWO 中美晶；市場：上櫃；官方產業別：24
5484.TW,慧友,上市,26,5484.TW 慧友；市場：上市；官方產業別：26
5487.TWO,通泰,上櫃,24,5487.TWO 通泰；市場：上櫃；官方產業別：24
5488.TWO,松普,上櫃,28,5488.TWO 松普；市場：上櫃；官方產業別：28
5489.TWO,彩富,上櫃,31,5489.TWO 彩富；市場：上櫃；官方產業別：31
5490.TWO,同亨,上櫃,25,5490.TWO 同亨；市場：上櫃；官方產業別：25
5493.TWO,三聯,上櫃,31,5493.TWO 三聯；市場：上櫃；官方產業別：31
5498.TWO,凱崴,上櫃,28,5498.TWO 凱崴；市場：上櫃；官方產業別：28
5508.TWO,永信建,上櫃,14,5508.TWO 永信建；市場：上櫃；官方產業別：14
5511.TWO,德昌,上櫃,14,5511.TWO 德昌；市場：上櫃；官方產業別：14
5512.TWO,力麒,上櫃,14,5512.TWO 力麒；市場：上櫃；官方產業別：14
5514.TWO,三豐,上櫃,14,5514.TWO 三豐；市場：上櫃；官方產業別：14
5515.TW,建國,上市,14,5515.TW 建國；市場：上市；官方產業別：14
5516.TWO,雙喜,上櫃,14,5516.TWO 雙喜；市場：上櫃；官方產業別：14
5519.TW,隆大,上市,14,5519.TW 隆大；市場：上市；官方產業別：14
5520.TWO,力泰,上櫃,14,5520.TWO 力泰；市場：上櫃；官方產業別：14
5521.TW,工信,上市,14,5521.TW 工信；市場：上市；官方產業別：14
5522.TW,遠雄,上市,14,5522.TW 遠雄；市場：上市；官方產業別：14
5523.TWO,豐謙,上櫃,14,5523.TWO 豐謙；市場：上櫃；官方產業別：14
5525.TW,順天,上市,14,5525.TW 順天；市場：上市；官方產業別：14
5529.TWO,鉅陞,上櫃,14,5529.TWO 鉅陞；市場：上櫃；官方產業別：14
5530.TWO,龍巖,上櫃,20,5530.TWO 龍巖；市場：上櫃；官方產業別：20
5531.TW,鄉林,上市,14,5531.TW 鄉林；市場：上市；官方產業別：14
5533.TW,皇鼎,上市,14,5533.TW 皇鼎；市場：上市；官方產業別：14
5534.TW,長虹,上市,14,5534.TW 長虹；市場：上市；官方產業別：14
5536.TWO,聖暉*,上櫃,31,5536.TWO 聖暉*；市場：上櫃；官方產業別：31
5538.TW,東明-KY,上市,10,5538.TW 東明-KY；市場：上市；官方產業別：10
5543.TWO,桓鼎-KY,上櫃,14,5543.TWO 桓鼎-KY；市場：上櫃；官方產業別：14
5546.TW,永固-KY,上市,14,5546.TW 永固-KY；市場：上市；官方產業別：14
5547.TWO,久舜,上櫃,14,5547.TWO 久舜；市場：上櫃；官方產業別：14
5548.TWO,安倉,上櫃,14,5548.TWO 安倉；市場：上櫃；官方產業別：14
5601.TWO,台聯櫃,上櫃,15,5601.TWO 台聯櫃；市場：上櫃；官方產業別：15
5603.TWO,陸海,上櫃,15,5603.TWO 陸海；市場：上櫃；官方產業別：15
5604.TWO,中連,上櫃,20,5604.TWO 中連；市場：上櫃；官方產業別：20
5607.TW,遠雄港,上市,15,5607.TW 遠雄港；市場：上市；官方產業別：15
5608.TW,四維航,上市,15,5608.TW 四維航；市場：上市；官方產業別：15
5609.TWO,中菲行,上櫃,15,5609.TWO 中菲行；市場：上櫃；官方產業別：15
5701.TWO,劍湖山,上櫃,16,5701.TWO 劍湖山；市場：上櫃；官方產業別：16
5703.TWO,亞都麗緻,上櫃,16,5703.TWO 亞都麗緻；市場：上櫃；官方產業別：16
5704.TWO,老爺知,上櫃,16,5704.TWO 老爺知；市場：上櫃；官方產業別：16
5706.TW,鳳凰,上市,16,5706.TW 鳳凰；市場：上市；官方產業別：16
5864.TWO,致和證,上櫃,17,5864.TWO 致和證；市場：上櫃；官方產業別：17
5871.TW,中租-KY,上市,20,5871.TW 中租-KY；市場：上市；官方產業別：20
5876.TW,上海商銀,上市,17,5876.TW 上海商銀；市場：上市；官方產業別：17
5878.TWO,台名,上櫃,17,5878.TWO 台名；市場：上櫃；官方產業別：17
5880.TW,合庫金,上市,17,5880.TW 合庫金；市場：上市；官方產業別：17
5902.TWO,德記,上櫃,38,5902.TWO 德記；市場：上櫃；官方產業別：38
5903.TWO,全家,上櫃,38,5903.TWO 全家；市場：上櫃；官方產業別：38
5904.TWO,寶雅,上櫃,38,5904.TWO 寶雅；市場：上櫃；官方產業別：38
5905.TWO,南仁湖,上櫃,16,5905.TWO 南仁湖；市場：上櫃；官方產業別：16
5906.TW,台南-KY,上市,18,5906.TW 台南-KY；市場：上市；官方產業別：18
5907.TW,大洋-KY,上市,18,5907.TW 大洋-KY；市場：上市；官方產業別：18
6005.TW,群益證,上市,17,6005.TW 群益證；市場：上市；官方產業別：17
6015.TWO,宏遠證,上櫃,17,6015.TWO 宏遠證；市場：上櫃；官方產業別：17
6016.TWO,康和證,上櫃,17,6016.TWO 康和證；市場：上櫃；官方產業別：17
6020.TWO,大展證,上櫃,17,6020.TWO 大展證；市場：上櫃；官方產業別：17
6021.TWO,美好證,上櫃,17,6021.TWO 美好證；市場：上櫃；官方產業別：17
6023.TWO,元大期貨,上櫃,17,6023.TWO 元大期貨；市場：上櫃；官方產業別：17
6024.TW,群益期,上市,17,6024.TW 群益期；市場：上市；官方產業別：17
6026.TWO,福邦證,上櫃,17,6026.TWO 福邦證；市場：上櫃；官方產業別：17
6028.TWO,公勝保經,上櫃,17,6028.TWO 公勝保經；市場：上櫃；官方產業別：17
6101.TWO,寬魚國際,上櫃,32,6101.TWO 寬魚國際；市場：上櫃；官方產業別：32
6103.TWO,合邦,上櫃,24,6103.TWO 合邦；市場：上櫃；官方產業別：24
6104.TWO,創惟,上櫃,24,6104.TWO 創惟；市場：上櫃；官方產業別：24
6108.TW,競國,上市,28,6108.TW 競國；市場：上市；官方產業別：28
6109.TWO,亞元,上櫃,27,6109.TWO 亞元；市場：上櫃；官方產業別：27
6111.TWO,光聚晶電,上櫃,32,6111.TWO 光聚晶電；市場：上櫃；官方產業別：32
6112.TW,邁達特,上市,30,6112.TW 邁達特；市場：上市；官方產業別：30
6113.TWO,亞矽,上櫃,29,6113.TWO 亞矽；市場：上櫃；官方產業別：29
6114.TWO,久威,上櫃,28,6114.TWO 久威；市場：上櫃；官方產業別：28
6115.TW,鎰勝,上市,28,6115.TW 鎰勝；市場：上市；官方產業別：28
6116.TW,彩晶,上市,26,6116.TW 彩晶；市場：上市；官方產業別：26
6117.TW,迎廣,上市,25,6117.TW 迎廣；市場：上市；官方產業別：25
6118.TWO,建達,上櫃,29,6118.TWO 建達；市場：上櫃；官方產業別：29
6120.TW,達運,上市,26,6120.TW 達運；市場：上市；官方產業別：26
6121.TWO,新普,上櫃,25,6121.TWO 新普；市場：上櫃；官方產業別：25
6122.TWO,擎邦,上櫃,5,6122.TWO 擎邦；市場：上櫃；官方產業別：5
6123.TWO,上奇,上櫃,30,6123.TWO 上奇；市場：上櫃；官方產業別：30
6124.TWO,業強,上櫃,28,6124.TWO 業強；市場：上櫃；官方產業別：28
6125.TWO,廣運,上櫃,26,6125.TWO 廣運；市場：上櫃；官方產業別：26
6126.TWO,信音,上櫃,28,6126.TWO 信音；市場：上櫃；官方產業別：28
6127.TWO,九豪,上櫃,28,6127.TWO 九豪；市場：上櫃；官方產業別：28
6128.TW,上福,上市,25,6128.TW 上福；市場：上市；官方產業別：25
6129.TWO,普誠,上櫃,24,6129.TWO 普誠；市場：上櫃；官方產業別：24
6130.TWO,上亞科技,上櫃,22,6130.TWO 上亞科技；市場：上櫃；官方產業別：22
6133.TW,金橋,上市,28,6133.TW 金橋；市場：上市；官方產業別：28
6134.TWO,萬旭,上櫃,28,6134.TWO 萬旭；市場：上櫃；官方產業別：28
6136.TW,富爾特,上市,27,6136.TW 富爾特；市場：上市；官方產業別：27
6138.TWO,茂達,上櫃,24,6138.TWO 茂達；市場：上櫃；官方產業別：24
6139.TW,亞翔,上市,31,6139.TW 亞翔；市場：上市；官方產業別：31
6140.TWO,訊達電腦,上櫃,30,6140.TWO 訊達電腦；市場：上櫃；官方產業別：30
6141.TW,柏承,上市,28,6141.TW 柏承；市場：上市；官方產業別：28
6142.TW,友勁,上市,27,6142.TW 友勁；市場：上市；官方產業別：27
6143.TWO,振曜,上櫃,27,6143.TWO 振曜；市場：上櫃；官方產業別：27
6144.TWO,得利影,上櫃,32,6144.TWO 得利影；市場：上櫃；官方產業別：32
6146.TWO,耕興,上櫃,31,6146.TWO 耕興；市場：上櫃；官方產業別：31
6147.TWO,頎邦,上櫃,24,6147.TWO 頎邦；市場：上櫃；官方產業別：24
6148.TWO,驊宏資,上櫃,30,6148.TWO 驊宏資；市場：上櫃；官方產業別：30
6150.TWO,撼訊,上櫃,25,6150.TWO 撼訊；市場：上櫃；官方產業別：25
6151.TWO,晉倫,上櫃,31,6151.TWO 晉倫；市場：上櫃；官方產業別：31
6152.TW,百一,上市,27,6152.TW 百一；市場：上市；官方產業別：27
6153.TW,嘉聯益,上市,28,6153.TW 嘉聯益；市場：上市；官方產業別：28
6154.TWO,順發,上櫃,29,6154.TWO 順發；市場：上櫃；官方產業別：29
6155.TW,鈞寶,上市,28,6155.TW 鈞寶；市場：上市；官方產業別：28
6156.TWO,松上,上櫃,28,6156.TWO 松上；市場：上櫃；官方產業別：28
6158.TWO,禾昌,上櫃,28,6158.TWO 禾昌；市場：上櫃；官方產業別：28
6160.TWO,欣技,上櫃,25,6160.TWO 欣技；市場：上櫃；官方產業別：25
6161.TWO,捷波,上櫃,25,6161.TWO 捷波；市場：上櫃；官方產業別：25
6163.TWO,華電網,上櫃,27,6163.TWO 華電網；市場：上櫃；官方產業別：27
6164.TW,華興,上市,26,6164.TW 華興；市場：上市；官方產業別：26
6165.TW,浪凡,上市,36,6165.TW 浪凡；市場：上市；官方產業別：36
6166.TW,凌華,上市,25,6166.TW 凌華；市場：上市；官方產業別：25
6167.TWO,久正,上櫃,26,6167.TWO 久正；市場：上櫃；官方產業別：26
6168.TW,宏齊,上市,26,6168.TW 宏齊；市場：上市；官方產業別：26
6169.TWO,昱泉,上櫃,32,6169.TWO 昱泉；市場：上櫃；官方產業別：32
6170.TWO,統振,上櫃,27,6170.TWO 統振；市場：上櫃；官方產業別：27
6171.TWO,大城地產,上櫃,14,6171.TWO 大城地產；市場：上櫃；官方產業別：14
6173.TWO,信昌電,上櫃,28,6173.TWO 信昌電；市場：上櫃；官方產業別：28
6174.TWO,安碁,上櫃,28,6174.TWO 安碁；市場：上櫃；官方產業別：28
6175.TWO,立敦,上櫃,28,6175.TWO 立敦；市場：上櫃；官方產業別：28
6176.TW,瑞儀,上市,26,6176.TW 瑞儀；市場：上市；官方產業別：26
6177.TW,達麗,上市,14,6177.TW 達麗；市場：上市；官方產業別：14
6179.TWO,亞通,上櫃,20,6179.TWO 亞通；市場：上櫃；官方產業別：20
6180.TWO,橘子,上櫃,32,6180.TWO 橘子；市場：上櫃；官方產業別：32
6182.TWO,合晶,上櫃,24,6182.TWO 合晶；市場：上櫃；官方產業別：24
6183.TW,關貿,上市,30,6183.TW 關貿；市場：上市；官方產業別：30
6184.TW,大豐電,上市,20,6184.TW 大豐電；市場：上市；官方產業別：20
6185.TWO,幃翔,上櫃,28,6185.TWO 幃翔；市場：上櫃；官方產業別：28
6186.TWO,新潤,上櫃,14,6186.TWO 新潤；市場：上櫃；官方產業別：14
6187.TWO,萬潤,上櫃,24,6187.TWO 萬潤；市場：上櫃；官方產業別：24
6188.TWO,廣明,上櫃,25,6188.TWO 廣明；市場：上櫃；官方產業別：25
6189.TW,豐藝,上市,29,6189.TW 豐藝；市場：上市；官方產業別：29
6190.TWO,萬泰科,上櫃,27,6190.TWO 萬泰科；市場：上櫃；官方產業別：27
6191.TW,精成科,上市,28,6191.TW 精成科；市場：上市；官方產業別：28
6192.TW,巨路,上市,31,6192.TW 巨路；市場：上市；官方產業別：31
6194.TWO,育富,上櫃,28,6194.TWO 育富；市場：上櫃；官方產業別：28
6195.TWO,詩肯,上櫃,38,6195.TWO 詩肯；市場：上櫃；官方產業別：38
6196.TW,帆宣,上市,31,6196.TW 帆宣；市場：上市；官方產業別：31
6197.TW,佳必琪,上市,28,6197.TW 佳必琪；市場：上市；官方產業別：28
6198.TWO,瑞築,上櫃,14,6198.TWO 瑞築；市場：上櫃；官方產業別：14
6199.TWO,天品,上櫃,20,6199.TWO 天品；市場：上櫃；官方產業別：20
6201.TW,亞弘電,上市,31,6201.TW 亞弘電；市場：上市；官方產業別：31
6202.TW,盛群,上市,24,6202.TW 盛群；市場：上市；官方產業別：24
6203.TWO,海韻電,上櫃,28,6203.TWO 海韻電；市場：上櫃；官方產業別：28
6204.TWO,艾華,上櫃,28,6204.TWO 艾華；市場：上櫃；官方產業別：28
6205.TW,詮欣,上市,28,6205.TW 詮欣；市場：上市；官方產業別：28
6206.TW,飛捷,上市,25,6206.TW 飛捷；市場：上市；官方產業別：25
6207.TWO,雷科,上櫃,28,6207.TWO 雷科；市場：上櫃；官方產業別：28
6208.TWO,日揚,上櫃,24,6208.TWO 日揚；市場：上櫃；官方產業別：24
6209.TW,今國光,上市,26,6209.TW 今國光；市場：上市；官方產業別：26
6210.TWO,慶生,上櫃,28,6210.TWO 慶生；市場：上櫃；官方產業別：28
6212.TWO,理銘,上櫃,14,6212.TWO 理銘；市場：上櫃；官方產業別：14
6213.TW,聯茂,上市,28,6213.TW 聯茂；市場：上市；官方產業別：28
6214.TW,精誠,上市,30,6214.TW 精誠；市場：上市；官方產業別：30
6215.TW,和椿,上市,31,6215.TW 和椿；市場：上市；官方產業別：31
6216.TW,居易,上市,27,6216.TW 居易；市場：上市；官方產業別：27
6217.TWO,中探針,上櫃,28,6217.TWO 中探針；市場：上櫃；官方產業別：28
6218.TWO,豪勉,上櫃,27,6218.TWO 豪勉；市場：上櫃；官方產業別：27
6219.TWO,富旺,上櫃,14,6219.TWO 富旺；市場：上櫃；官方產業別：14
6220.TWO,岳豐,上櫃,28,6220.TWO 岳豐；市場：上櫃；官方產業別：28
6221.TWO,晉泰,上櫃,30,6221.TWO 晉泰；市場：上櫃；官方產業別：30
6222.TWO,立軒,上櫃,26,6222.TWO 立軒；市場：上櫃；官方產業別：26
6223.TWO,旺矽,上櫃,24,6223.TWO 旺矽；市場：上櫃；官方產業別：24
6224.TW,聚鼎,上市,28,6224.TW 聚鼎；市場：上市；官方產業別：28
6225.TW,天瀚,上市,26,6225.TW 天瀚；市場：上市；官方產業別：26
6226.TW,光鼎,上市,26,6226.TW 光鼎；市場：上市；官方產業別：26
6227.TWO,茂綸,上櫃,29,6227.TWO 茂綸；市場：上櫃；官方產業別：29
6228.TWO,全譜,上櫃,25,6228.TWO 全譜；市場：上櫃；官方產業別：25
6229.TWO,研通,上櫃,24,6229.TWO 研通；市場：上櫃；官方產業別：24
6230.TW,尼得科超眾,上市,25,6230.TW 尼得科超眾；市場：上市；官方產業別：25
6231.TWO,系微,上櫃,30,6231.TWO 系微；市場：上櫃；官方產業別：30
6233.TWO,旺玖,上櫃,24,6233.TWO 旺玖；市場：上櫃；官方產業別：24
6234.TWO,高僑,上櫃,26,6234.TWO 高僑；市場：上櫃；官方產業別：26
6235.TW,華孚,上市,25,6235.TW 華孚；市場：上市；官方產業別：25
6236.TWO,中湛,上櫃,20,6236.TWO 中湛；市場：上櫃；官方產業別：20
6237.TWO,驊訊,上櫃,24,6237.TWO 驊訊；市場：上櫃；官方產業別：24
6239.TW,力成,上市,24,6239.TW 力成；市場：上市；官方產業別：24
6240.TWO,松崗,上櫃,30,6240.TWO 松崗；市場：上櫃；官方產業別：30
6241.TWO,鑫永洋,上櫃,27,6241.TWO 鑫永洋；市場：上櫃；官方產業別：27
6242.TWO,立康,上櫃,22,6242.TWO 立康；市場：上櫃；官方產業別：22
6243.TW,迅杰,上市,24,6243.TW 迅杰；市場：上市；官方產業別：24
6244.TWO,茂迪,上櫃,26,6244.TWO 茂迪；市場：上櫃；官方產業別：26
6245.TWO,立端,上櫃,27,6245.TWO 立端；市場：上櫃；官方產業別：27
6246.TWO,臺龍,上櫃,26,6246.TWO 臺龍；市場：上櫃；官方產業別：26
6248.TWO,沛波,上櫃,10,6248.TWO 沛波；市場：上櫃；官方產業別：10
6257.TW,矽格,上市,24,6257.TW 矽格；市場：上市；官方產業別：24
6259.TWO,百徽,上櫃,28,6259.TWO 百徽；市場：上櫃；官方產業別：28
6261.TWO,久元,上櫃,24,6261.TWO 久元；市場：上櫃；官方產業別：24
6263.TWO,普萊德,上櫃,27,6263.TWO 普萊德；市場：上櫃；官方產業別：27
6264.TWO,富裔,上櫃,14,6264.TWO 富裔；市場：上櫃；官方產業別：14
6265.TWO,方土昶,上櫃,29,6265.TWO 方土昶；市場：上櫃；官方產業別：29
6266.TWO,泰詠,上櫃,28,6266.TWO 泰詠；市場：上櫃；官方產業別：28
6269.TW,台郡,上市,28,6269.TW 台郡；市場：上市；官方產業別：28
6270.TWO,倍微,上櫃,29,6270.TWO 倍微；市場：上櫃；官方產業別：29
6271.TW,同欣電,上市,24,6271.TW 同欣電；市場：上市；官方產業別：24
6272.TW,驊陞,上市,28,6272.TW 驊陞；市場：上市；官方產業別：28
6274.TWO,台燿,上櫃,28,6274.TWO 台燿；市場：上櫃；官方產業別：28
6275.TWO,元山,上櫃,28,6275.TWO 元山；市場：上櫃；官方產業別：28
6276.TWO,安鈦克,上櫃,25,6276.TWO 安鈦克；市場：上櫃；官方產業別：25
6277.TW,宏正,上市,25,6277.TW 宏正；市場：上市；官方產業別：25
6278.TW,台表科,上市,26,6278.TW 台表科；市場：上市；官方產業別：26
6279.TWO,胡連,上櫃,28,6279.TWO 胡連；市場：上櫃；官方產業別：28
6281.TW,全國電,上市,29,6281.TW 全國電；市場：上市；官方產業別：29
6282.TW,康舒,上市,28,6282.TW 康舒；市場：上市；官方產業別：28
6283.TW,淳安,上市,31,6283.TW 淳安；市場：上市；官方產業別：31
6284.TWO,佳邦,上櫃,28,6284.TWO 佳邦；市場：上櫃；官方產業別：28
6285.TW,啟碁,上市,27,6285.TW 啟碁；市場：上市；官方產業別：27
6290.TWO,良維,上櫃,28,6290.TWO 良維；市場：上櫃；官方產業別：28
6291.TWO,沛亨,上櫃,24,6291.TWO 沛亨；市場：上櫃；官方產業別：24
6292.TWO,迅德,上櫃,28,6292.TWO 迅德；市場：上櫃；官方產業別：28
6294.TWO,智基,上櫃,32,6294.TWO 智基；市場：上櫃；官方產業別：32
6405.TW,悅城,上市,26,6405.TW 悅城；市場：上市；官方產業別：26
6409.TW,旭隼,上市,31,6409.TW 旭隼；市場：上市；官方產業別：31
6411.TWO,晶焱,上櫃,24,6411.TWO 晶焱；市場：上櫃；官方產業別：24
6412.TW,群電,上市,28,6412.TW 群電；市場：上市；官方產業別：28
6414.TW,樺漢,上市,25,6414.TW 樺漢；市場：上市；官方產業別：25
6415.TW,矽力*-KY,上市,24,6415.TW 矽力*-KY；市場：上市；官方產業別：24
6416.TW,瑞祺電通,上市,27,6416.TW 瑞祺電通；市場：上市；官方產業別：27
6417.TWO,韋僑,上櫃,27,6417.TWO 韋僑；市場：上櫃；官方產業別：27
6418.TWO,詠昇,上櫃,28,6418.TWO 詠昇；市場：上櫃；官方產業別：28
6419.TWO,京晨科,上櫃,26,6419.TWO 京晨科；市場：上櫃；官方產業別：26
6423.TWO,億而得,上櫃,24,6423.TWO 億而得；市場：上櫃；官方產業別：24
6425.TWO,易發,上櫃,5,6425.TWO 易發；市場：上櫃；官方產業別：5
6426.TW,統新,上市,27,6426.TW 統新；市場：上市；官方產業別：27
6431.TW,光麗-KY,上市,22,6431.TW 光麗-KY；市場：上市；官方產業別：22
6432.TWO,今展科,上櫃,28,6432.TWO 今展科；市場：上櫃；官方產業別：28
6435.TWO,大中,上櫃,24,6435.TWO 大中；市場：上櫃；官方產業別：24
6438.TW,迅得,上市,31,6438.TW 迅得；市場：上市；官方產業別：31
6441.TWO,廣錠,上櫃,25,6441.TWO 廣錠；市場：上櫃；官方產業別：25
6442.TW,光聖,上市,27,6442.TW 光聖；市場：上市；官方產業別：27
6443.TW,元晶,上市,26,6443.TW 元晶；市場：上市；官方產業別：26
6446.TW,藥華藥,上市,22,6446.TW 藥華藥；市場：上市；官方產業別：22
6449.TW,鈺邦,上市,28,6449.TW 鈺邦；市場：上市；官方產業別：28
6451.TW,訊芯-KY,上市,24,6451.TW 訊芯-KY；市場：上市；官方產業別：24
6456.TW,GIS-KY,上市,26,6456.TW GIS-KY；市場：上市；官方產業別：26
6461.TWO,益得,上櫃,22,6461.TWO 益得；市場：上櫃；官方產業別：22
6462.TWO,神盾,上櫃,24,6462.TWO 神盾；市場：上櫃；官方產業別：24
6464.TW,台數科,上市,20,6464.TW 台數科；市場：上市；官方產業別：20
6465.TWO,威潤,上櫃,27,6465.TWO 威潤；市場：上櫃；官方產業別：27
6469.TWO,大樹,上櫃,22,6469.TWO 大樹；市場：上櫃；官方產業別：22
6470.TWO,宇智,上櫃,27,6470.TWO 宇智；市場：上櫃；官方產業別：27
6472.TW,保瑞,上市,22,6472.TW 保瑞；市場：上市；官方產業別：22
6474.TWO,華豫寧,上櫃,29,6474.TWO 華豫寧；市場：上櫃；官方產業別：29
6477.TW,安集,上市,26,6477.TW 安集；市場：上市；官方產業別：26
6482.TWO,弘煜科,上櫃,32,6482.TWO 弘煜科；市場：上櫃；官方產業別：32
6485.TWO,點序,上櫃,24,6485.TWO 點序；市場：上櫃；官方產業別：24
6486.TWO,互動,上櫃,27,6486.TWO 互動；市場：上櫃；官方產業別：27
6488.TWO,環球晶,上櫃,24,6488.TWO 環球晶；市場：上櫃；官方產業別：24
6491.TW,晶碩,上市,22,6491.TW 晶碩；市場：上市；官方產業別：22
6492.TWO,生華科,上櫃,22,6492.TWO 生華科；市場：上櫃；官方產業別：22
6494.TWO,九齊,上櫃,24,6494.TWO 九齊；市場：上櫃；官方產業別：24
6496.TWO,科懋,上櫃,22,6496.TWO 科懋；市場：上櫃；官方產業別：22
6498.TWO,久禾光,上櫃,26,6498.TWO 久禾光；市場：上櫃；官方產業別：26
6499.TWO,益安,上櫃,22,6499.TWO 益安；市場：上櫃；官方產業別：22
6504.TW,南六,上市,20,6504.TW 南六；市場：上市；官方產業別：20
6505.TW,台塑化,上市,23,6505.TW 台塑化；市場：上市；官方產業別：23
6506.TWO,雙邦,上櫃,4,6506.TWO 雙邦；市場：上櫃；官方產業別：4
6508.TWO,惠光,上櫃,33,6508.TWO 惠光；市場：上櫃；官方產業別：33
6509.TWO,聚和,上櫃,21,6509.TWO 聚和；市場：上櫃；官方產業別：21
6510.TWO,精測,上櫃,24,6510.TWO 精測；市場：上櫃；官方產業別：24
6512.TWO,啟發電,上櫃,31,6512.TWO 啟發電；市場：上櫃；官方產業別：31
6515.TW,穎崴,上市,24,6515.TW 穎崴；市場：上市；官方產業別：24
6516.TWO,勤崴國際,上櫃,30,6516.TWO 勤崴國際；市場：上櫃；官方產業別：30
6517.TWO,保勝光學,上櫃,26,6517.TWO 保勝光學；市場：上櫃；官方產業別：26
6523.TWO,達爾膚,上櫃,22,6523.TWO 達爾膚；市場：上櫃；官方產業別：22
6525.TW,捷敏-KY,上市,24,6525.TW 捷敏-KY；市場：上市；官方產業別：24
6526.TW,達發,上市,24,6526.TW 達發；市場：上市；官方產業別：24
6527.TWO,明達醫,上櫃,22,6527.TWO 明達醫；市場：上櫃；官方產業別：22
6530.TWO,創威,上櫃,27,6530.TWO 創威；市場：上櫃；官方產業別：27
6531.TW,愛普*,上市,24,6531.TW 愛普*；市場：上市；官方產業別：24
6532.TWO,瑞耘,上櫃,24,6532.TWO 瑞耘；市場：上櫃；官方產業別：24
6533.TW,晶心科,上市,24,6533.TW 晶心科；市場：上市；官方產業別：24
6534.TW,正瀚-創,上市,22,6534.TW 正瀚-創；市場：上市；官方產業別：22
6535.TWO,順藥,上櫃,22,6535.TWO 順藥；市場：上櫃；官方產業別：22
6538.TWO,倉和,上櫃,28,6538.TWO 倉和；市場：上櫃；官方產業別：28
6541.TW,泰福-KY,上市,22,6541.TW 泰福-KY；市場：上市；官方產業別：22
6542.TWO,隆中,上櫃,32,6542.TWO 隆中；市場：上櫃；官方產業別：32
6546.TWO,正基,上櫃,27,6546.TWO 正基；市場：上櫃；官方產業別：27
6547.TWO,高端疫苗,上櫃,22,6547.TWO 高端疫苗；市場：上櫃；官方產業別：22
6548.TWO,長科*,上櫃,24,6548.TWO 長科*；市場：上櫃；官方產業別：24
6550.TW,北極星藥業-KY,上市,22,6550.TW 北極星藥業-KY；市場：上市；官方產業別：22
6552.TW,易華電,上市,24,6552.TW 易華電；市場：上市；官方產業別：24
6556.TWO,勝品,上櫃,26,6556.TWO 勝品；市場：上櫃；官方產業別：26
6558.TW,興能高,上市,31,6558.TW 興能高；市場：上市；官方產業別：31
6560.TWO,欣普羅,上櫃,26,6560.TWO 欣普羅；市場：上櫃；官方產業別：26
6561.TWO,是方,上櫃,27,6561.TWO 是方；市場：上櫃；官方產業別：27
6568.TWO,宏觀,上櫃,24,6568.TWO 宏觀；市場：上櫃；官方產業別：24
6569.TWO,醫揚,上櫃,22,6569.TWO 醫揚；市場：上櫃；官方產業別：22
6570.TWO,維田,上櫃,25,6570.TWO 維田；市場：上櫃；官方產業別：25
6573.TW,虹揚-KY,上市,24,6573.TW 虹揚-KY；市場：上市；官方產業別：24
6574.TWO,霈方,上櫃,22,6574.TWO 霈方；市場：上櫃；官方產業別：22
6576.TWO,逸達,上櫃,22,6576.TWO 逸達；市場：上櫃；官方產業別：22
6577.TWO,勁豐,上櫃,25,6577.TWO 勁豐；市場：上櫃；官方產業別：25
6578.TWO,達邦蛋白,上櫃,33,6578.TWO 達邦蛋白；市場：上櫃；官方產業別：33
6579.TW,研揚,上市,25,6579.TW 研揚；市場：上市；官方產業別：25
6581.TW,鋼聯,上市,35,6581.TW 鋼聯；市場：上市；官方產業別：35
6582.TW,申豐,上市,11,6582.TW 申豐；市場：上市；官方產業別：11
6584.TWO,南俊國際,上櫃,28,6584.TWO 南俊國際；市場：上櫃；官方產業別：28
6585.TW,鼎基,上市,20,6585.TW 鼎基；市場：上市；官方產業別：20
6588.TWO,東典光電,上櫃,27,6588.TWO 東典光電；市場：上櫃；官方產業別：27
6589.TW,台康生技,上市,22,6589.TW 台康生技；市場：上市；官方產業別：22
6590.TWO,普鴻,上櫃,30,6590.TWO 普鴻；市場：上櫃；官方產業別：30
6591.TW,動力-KY,上市,25,6591.TW 動力-KY；市場：上市；官方產業別：25
6592.TW,和潤企業,上市,20,6592.TW 和潤企業；市場：上市；官方產業別：20
6593.TWO,台灣銘板,上櫃,30,6593.TWO 台灣銘板；市場：上櫃；官方產業別：30
6596.TWO,寬宏藝術,上櫃,32,6596.TWO 寬宏藝術；市場：上櫃；官方產業別：32
6597.TWO,立誠,上櫃,28,6597.TWO 立誠；市場：上櫃；官方產業別：28
6598.TW,ABC-KY,上市,22,6598.TW ABC-KY；市場：上市；官方產業別：22
6603.TWO,富強鑫,上櫃,5,6603.TWO 富強鑫；市場：上櫃；官方產業別：5
6605.TW,帝寶,上市,12,6605.TW 帝寶；市場：上市；官方產業別：12
6606.TW,建德工業,上市,5,6606.TW 建德工業；市場：上市；官方產業別：5
6609.TWO,瀧澤科,上櫃,5,6609.TWO 瀧澤科；市場：上櫃；官方產業別：5
6612.TWO,奈米醫材,上櫃,22,6612.TWO 奈米醫材；市場：上櫃；官方產業別：22
6613.TWO,朋億*,上櫃,31,6613.TWO 朋億*；市場：上櫃；官方產業別：31
6614.TW,資拓宏宇,上市,36,6614.TW 資拓宏宇；市場：上市；官方產業別：36
6615.TWO,慧智,上櫃,22,6615.TWO 慧智；市場：上櫃；官方產業別：22
6616.TWO,特昇-KY,上櫃,38,6616.TWO 特昇-KY；市場：上櫃；官方產業別：38
6617.TWO,共信-KY,上櫃,22,6617.TWO 共信-KY；市場：上櫃；官方產業別：22
6620.TWO,漢達,上櫃,22,6620.TWO 漢達；市場：上櫃；官方產業別：22
6624.TWO,萬年清,上櫃,35,6624.TWO 萬年清；市場：上櫃；官方產業別：35
6625.TW,必應,上市,20,6625.TW 必應；市場：上市；官方產業別：20
6629.TWO,泰金-KY,上櫃,38,6629.TWO 泰金-KY；市場：上櫃；官方產業別：38
6637.TWO,醫影,上櫃,22,6637.TWO 醫影；市場：上櫃；官方產業別：22
6640.TWO,均華,上櫃,24,6640.TWO 均華；市場：上櫃；官方產業別：24
6641.TW,基士德-KY,上市,35,6641.TW 基士德-KY；市場：上市；官方產業別：35
6642.TWO,富致,上櫃,28,6642.TWO 富致；市場：上櫃；官方產業別：28
6643.TWO,M31,上櫃,24,6643.TWO M31；市場：上櫃；官方產業別：24
6645.TW,金萬林-創,上市,22,6645.TW 金萬林-創；市場：上市；官方產業別：22
6649.TWO,台生材,上櫃,22,6649.TWO 台生材；市場：上櫃；官方產業別：22
6651.TWO,全宇昕,上櫃,24,6651.TWO 全宇昕；市場：上櫃；官方產業別：24
6654.TWO,天正國際,上櫃,31,6654.TWO 天正國際；市場：上櫃；官方產業別：31
6655.TW,科定,上市,20,6655.TW 科定；市場：上市；官方產業別：20
6657.TW,華安,上市,22,6657.TW 華安；市場：上市；官方產業別：22
6658.TW,聯策,上市,31,6658.TW 聯策；市場：上市；官方產業別：31
6661.TWO,威健生技,上櫃,22,6661.TWO 威健生技；市場：上櫃；官方產業別：22
6662.TWO,樂斯科,上櫃,22,6662.TWO 樂斯科；市場：上櫃；官方產業別：22
6664.TWO,群翊,上櫃,28,6664.TWO 群翊；市場：上櫃；官方產業別：28
6666.TW,羅麗芬-KY,上市,22,6666.TW 羅麗芬-KY；市場：上市；官方產業別：22
6667.TWO,信紘科,上櫃,31,6667.TWO 信紘科；市場：上櫃；官方產業別：31
6668.TW,中揚光,上市,26,6668.TW 中揚光；市場：上市；官方產業別：26
6669.TW,緯穎,上市,25,6669.TW 緯穎；市場：上市；官方產業別：25
6670.TW,復盛應用,上市,37,6670.TW 復盛應用；市場：上市；官方產業別：37
6671.TW,三能-KY,上市,38,6671.TW 三能-KY；市場：上市；官方產業別：38
6672.TW,騰輝電子-KY,上市,28,6672.TW 騰輝電子-KY；市場：上市；官方產業別：28
6674.TW,鋐寶科技,上市,27,6674.TW 鋐寶科技；市場：上市；官方產業別：27
6679.TWO,鈺太,上櫃,24,6679.TWO 鈺太；市場：上櫃；官方產業別：24
6680.TWO,鑫創電子,上櫃,25,6680.TWO 鑫創電子；市場：上櫃；官方產業別：25
6683.TWO,雍智科技,上櫃,24,6683.TWO 雍智科技；市場：上櫃；官方產業別：24
6684.TWO,安格,上櫃,24,6684.TWO 安格；市場：上櫃；官方產業別：24
6689.TW,伊雲谷,上市,36,6689.TW 伊雲谷；市場：上市；官方產業別：36
6690.TWO,安碁資訊,上櫃,36,6690.TWO 安碁資訊；市場：上櫃；官方產業別：36
6691.TW,洋基工程,上市,31,6691.TW 洋基工程；市場：上市；官方產業別：31
6692.TWO,進能服,上櫃,35,6692.TWO 進能服；市場：上櫃；官方產業別：35
6693.TWO,廣閎科,上櫃,24,6693.TWO 廣閎科；市場：上櫃；官方產業別：24
6695.TW,芯鼎,上市,24,6695.TW 芯鼎；市場：上市；官方產業別：24
6697.TWO,東捷資訊,上櫃,30,6697.TWO 東捷資訊；市場：上櫃；官方產業別：30
6698.TW,旭暉應材,上市,31,6698.TW 旭暉應材；市場：上市；官方產業別：31
6703.TWO,軒郁,上櫃,22,6703.TWO 軒郁；市場：上櫃；官方產業別：22
6706.TW,惠特,上市,26,6706.TW 惠特；市場：上市；官方產業別：26
6708.TWO,天擎,上櫃,24,6708.TWO 天擎；市場：上櫃；官方產業別：24
6712.TWO,長聖,上櫃,22,6712.TWO 長聖；市場：上櫃；官方產業別：22
6715.TW,嘉基,上市,28,6715.TW 嘉基；市場：上市；官方產業別：28
6716.TWO,應廣,上櫃,24,6716.TWO 應廣；市場：上櫃；官方產業別：24
6719.TW,力智,上市,24,6719.TW 力智；市場：上市；官方產業別：24
6720.TWO,久昌,上櫃,24,6720.TWO 久昌；市場：上櫃；官方產業別：24
6721.TWO,信實,上櫃,20,6721.TWO 信實；市場：上櫃；官方產業別：20
6722.TW,輝創,上市,31,6722.TW 輝創；市場：上市；官方產業別：31
6725.TWO,矽科宏晟,上櫃,31,6725.TWO 矽科宏晟；市場：上櫃；官方產業別：31
6727.TWO,亞泰金屬,上櫃,28,6727.TWO 亞泰金屬；市場：上櫃；官方產業別：28
6728.TWO,上洋,上櫃,38,6728.TWO 上洋；市場：上櫃；官方產業別：38
6730.TWO,常廣,上櫃,22,6730.TWO 常廣；市場：上櫃；官方產業別：22
6732.TWO,昇佳電子,上櫃,24,6732.TWO 昇佳電子；市場：上櫃；官方產業別：24
6733.TWO,博晟生醫,上櫃,22,6733.TWO 博晟生醫；市場：上櫃；官方產業別：22
6735.TWO,美達科技,上櫃,31,6735.TWO 美達科技；市場：上櫃；官方產業別：31
6739.TWO,竹陞科技,上櫃,31,6739.TWO 竹陞科技；市場：上櫃；官方產業別：31
6741.TWO,91APP*-KY,上櫃,36,6741.TWO 91APP*-KY；市場：上櫃；官方產業別：36
6742.TW,澤米,上市,26,6742.TW 澤米；市場：上市；官方產業別：26
6743.TW,安普新,上市,31,6743.TW 安普新；市場：上市；官方產業別：31
6751.TWO,智聯服務,上櫃,30,6751.TWO 智聯服務；市場：上櫃；官方產業別：30
6752.TWO,叡揚,上櫃,30,6752.TWO 叡揚；市場：上櫃；官方產業別：30
6753.TW,龍德造船,上市,15,6753.TW 龍德造船；市場：上市；官方產業別：15
6754.TW,匯僑設計,上市,38,6754.TW 匯僑設計；市場：上市；官方產業別：38
6756.TW,威鋒電子,上市,24,6756.TW 威鋒電子；市場：上市；官方產業別：24
6757.TW,台灣虎航,上市,15,6757.TW 台灣虎航；市場：上市；官方產業別：15
6761.TWO,穩得,上櫃,28,6761.TWO 穩得；市場：上櫃；官方產業別：28
6762.TWO,達亞,上櫃,22,6762.TWO 達亞；市場：上櫃；官方產業別：22
6763.TWO,綠界科技*,上櫃,36,6763.TWO 綠界科技*；市場：上櫃；官方產業別：36
6767.TWO,台微醫,上櫃,22,6767.TWO 台微醫；市場：上櫃；官方產業別：22
6768.TW,志強-KY,上市,37,6768.TW 志強-KY；市場：上市；官方產業別：37
6770.TW,力積電,上市,24,6770.TW 力積電；市場：上市；官方產業別：24
6771.TW,平和環保-創,上市,35,6771.TW 平和環保-創；市場：上市；官方產業別：35
6776.TW,展碁國際,上市,29,6776.TW 展碁國際；市場：上市；官方產業別：29
6781.TW,AES-KY,上市,28,6781.TW AES-KY；市場：上市；官方產業別：28
6782.TW,視陽,上市,22,6782.TW 視陽；市場：上市；官方產業別：22
6785.TWO,昱展新藥,上櫃,22,6785.TWO 昱展新藥；市場：上櫃；官方產業別：22
6788.TWO,華景電,上櫃,24,6788.TWO 華景電；市場：上櫃；官方產業別：24
6789.TW,采鈺,上市,24,6789.TW 采鈺；市場：上市；官方產業別：24
6790.TW,永豐實,上市,9,6790.TW 永豐實；市場：上市；官方產業別：9
6791.TWO,虎門科技,上櫃,30,6791.TWO 虎門科技；市場：上櫃；官方產業別：30
6792.TW,詠業,上市,27,6792.TW 詠業；市場：上市；官方產業別：27
6794.TW,向榮生技,上市,22,6794.TW 向榮生技；市場：上市；官方產業別：22
6796.TW,晉弘,上市,22,6796.TW 晉弘；市場：上市；官方產業別：22
6799.TW,來頡,上市,24,6799.TW 來頡；市場：上市；官方產業別：24
6803.TWO,崑鼎,上櫃,35,6803.TWO 崑鼎；市場：上櫃；官方產業別：35
6804.TWO,明係,上櫃,37,6804.TWO 明係；市場：上櫃；官方產業別：37
6805.TW,富世達,上市,28,6805.TW 富世達；市場：上市；官方產業別：28
6806.TW,森崴能源,上市,35,6806.TW 森崴能源；市場：上市；官方產業別：35
6807.TW,峰源-KY,上市,38,6807.TW 峰源-KY；市場：上市；官方產業別：38
6811.TWO,宏碁資訊,上櫃,36,6811.TWO 宏碁資訊；市場：上櫃；官方產業別：36
6821.TWO,聯寶,上櫃,28,6821.TWO 聯寶；市場：上櫃；官方產業別：28
6823.TWO,濾能,上櫃,24,6823.TWO 濾能；市場：上櫃；官方產業別：24
6829.TWO,千附精密,上櫃,24,6829.TWO 千附精密；市場：上櫃；官方產業別：24
6830.TW,汎銓,上市,31,6830.TW 汎銓；市場：上市；官方產業別：31
6831.TW,邁科,上市,25,6831.TW 邁科；市場：上市；官方產業別：25
6834.TW,天二科技,上市,28,6834.TW 天二科技；市場：上市；官方產業別：28
6835.TW,圓裕,上市,28,6835.TW 圓裕；市場：上市；官方產業別：28
6838.TW,台新藥,上市,22,6838.TW 台新藥；市場：上市；官方產業別：22
6840.TWO,東研信超,上櫃,31,6840.TWO 東研信超；市場：上櫃；官方產業別：31
6841.TWO,長佳智能,上櫃,22,6841.TWO 長佳智能；市場：上櫃；官方產業別：22
6843.TWO,進典,上櫃,5,6843.TWO 進典；市場：上櫃；官方產業別：5
6844.TWO,諾貝兒,上櫃,22,6844.TWO 諾貝兒；市場：上櫃；官方產業別：22
6846.TWO,綠茵,上櫃,2,6846.TWO 綠茵；市場：上櫃；官方產業別：2
6854.TW,錼創科技-KY創,上市,24,6854.TW 錼創科技-KY創；市場：上市；官方產業別：24
6855.TWO,數泓科,上櫃,31,6855.TWO 數泓科；市場：上櫃；官方產業別：31
6856.TWO,鑫傳,上櫃,32,6856.TWO 鑫傳；市場：上櫃；官方產業別：32
6859.TWO,伯特光,上櫃,26,6859.TWO 伯特光；市場：上櫃；官方產業別：26
6861.TW,睿生光電,上市,22,6861.TW 睿生光電；市場：上市；官方產業別：22
6862.TW,三集瑞-KY,上市,28,6862.TW 三集瑞-KY；市場：上市；官方產業別：28
6863.TW,永道-KY,上市,27,6863.TW 永道-KY；市場：上市；官方產業別：27
6865.TWO,偉康科技,上櫃,36,6865.TWO 偉康科技；市場：上櫃；官方產業別：36
6869.TW,雲豹能源,上市,35,6869.TW 雲豹能源；市場：上市；官方產業別：35
6870.TWO,騰雲,上櫃,36,6870.TWO 騰雲；市場：上櫃；官方產業別：36
6872.TWO,浩宇生醫,上櫃,22,6872.TWO 浩宇生醫；市場：上櫃；官方產業別：22
6873.TW,泓德能源,上市,35,6873.TW 泓德能源；市場：上市；官方產業別：35
6874.TWO,倍力,上櫃,30,6874.TWO 倍力；市場：上櫃；官方產業別：30
6875.TWO,國邑*,上櫃,22,6875.TWO 國邑*；市場：上櫃；官方產業別：22
6877.TWO,鏵友益,上櫃,31,6877.TWO 鏵友益；市場：上櫃；官方產業別：31
6881.TWO,潤德,上櫃,20,6881.TWO 潤德；市場：上櫃；官方產業別：20
6884.TWO,海柏特,上櫃,30,6884.TWO 海柏特；市場：上櫃；官方產業別：30
6885.TW,全福生技,上市,22,6885.TW 全福生技；市場：上市；官方產業別：22
6887.TW,寶綠特-KY,上市,35,6887.TW 寶綠特-KY；市場：上市；官方產業別：35
6890.TW,來億-KY,上市,37,6890.TW 來億-KY；市場：上市；官方產業別：37
6894.TWO,衛司特,上櫃,35,6894.TWO 衛司特；市場：上櫃；官方產業別：35
6895.TWO,宏碩系統,上櫃,24,6895.TWO 宏碩系統；市場：上櫃；官方產業別：24
6899.TWO,創為精密,上櫃,26,6899.TWO 創為精密；市場：上櫃；官方產業別：26
6901.TW,鑽石投資,上市,20,6901.TW 鑽石投資；市場：上市；官方產業別：20
6902.TW,GOGOLOOK,上市,36,6902.TW GOGOLOOK；市場：上市；官方產業別：36
6903.TWO,巨漢,上櫃,31,6903.TWO 巨漢；市場：上櫃；官方產業別：31
6904.TWO,伯鑫,上櫃,20,6904.TWO 伯鑫；市場：上櫃；官方產業別：20
6906.TW,現觀科,上市,36,6906.TW 現觀科；市場：上市；官方產業別：36
6907.TWO,雅特力-KY,上櫃,24,6907.TWO 雅特力-KY；市場：上櫃；官方產業別：24
6908.TW,宏碁遊戲-創,上市,29,6908.TW 宏碁遊戲-創；市場：上市；官方產業別：29
6909.TW,創控,上市,24,6909.TW 創控；市場：上市；官方產業別：24
6910.TWO,德鴻,上櫃,36,6910.TWO 德鴻；市場：上櫃；官方產業別：36
6913.TWO,鴻呈,上櫃,28,6913.TWO 鴻呈；市場：上櫃；官方產業別：28
6914.TW,阜爾運通,上市,20,6914.TW 阜爾運通；市場：上市；官方產業別：20
6916.TW,華凌,上市,26,6916.TW 華凌；市場：上市；官方產業別：26
6918.TW,愛派司,上市,22,6918.TW 愛派司；市場：上市；官方產業別：22
6919.TW,康霈*,上市,22,6919.TW 康霈*；市場：上市；官方產業別：22
6921.TW,嘉雨思-創,上市,24,6921.TW 嘉雨思-創；市場：上市；官方產業別：24
6922.TWO,宸曜,上櫃,25,6922.TWO 宸曜；市場：上櫃；官方產業別：25
6923.TW,中台,上市,35,6923.TW 中台；市場：上市；官方產業別：35
6924.TW,榮惠-KY創,上市,28,6924.TW 榮惠-KY創；市場：上市；官方產業別：28
6925.TWO,意藍,上櫃,36,6925.TWO 意藍；市場：上櫃；官方產業別：36
6928.TW,攸泰科技,上市,25,6928.TW 攸泰科技；市場：上市；官方產業別：25
6929.TWO,佑全,上櫃,22,6929.TWO 佑全；市場：上櫃；官方產業別：22
6931.TW,青松健康,上市,22,6931.TW 青松健康；市場：上市；官方產業別：22
6933.TW,AMAX-KY,上市,25,6933.TW AMAX-KY；市場：上市；官方產業別：25
6934.TW,心誠鎂,上市,22,6934.TW 心誠鎂；市場：上市；官方產業別：22
6936.TW,永鴻生技,上市,22,6936.TW 永鴻生技；市場：上市；官方產業別：22
6937.TW,天虹,上市,24,6937.TW 天虹；市場：上市；官方產業別：24
6944.TW,兆聯實業,上市,35,6944.TW 兆聯實業；市場：上市；官方產業別：35
6949.TW,沛爾生醫-創,上市,22,6949.TW 沛爾生醫-創；市場：上市；官方產業別：22
6951.TW,青新-創,上市,35,6951.TW 青新-創；市場：上市；官方產業別：35
6952.TW,大武山,上市,20,6952.TW 大武山；市場：上市；官方產業別：20
6953.TWO,家碩,上櫃,24,6953.TWO 家碩；市場：上櫃；官方產業別：24
6955.TW,邦睿生技-創,上市,22,6955.TW 邦睿生技-創；市場：上市；官方產業別：22
6957.TW,裕慶-KY,上市,20,6957.TW 裕慶-KY；市場：上市；官方產業別：20
6958.TW,日盛台駿,上市,20,6958.TW 日盛台駿；市場：上市；官方產業別：20
6961.TWO,旅天下,上櫃,16,6961.TWO 旅天下；市場：上櫃；官方產業別：16
6962.TW,奕力-KY,上市,24,6962.TW 奕力-KY；市場：上市；官方產業別：24
6965.TW,中傑-KY,上市,37,6965.TW 中傑-KY；市場：上市；官方產業別：37
6967.TWO,汎瑋材料,上櫃,28,6967.TWO 汎瑋材料；市場：上櫃；官方產業別：28
6968.TWO,萬達寵物,上櫃,38,6968.TWO 萬達寵物；市場：上櫃；官方產業別：38
6969.TW,成信實業*-創,上市,35,6969.TW 成信實業*-創；市場：上市；官方產業別：35
6971.TWO,惠民實業,上櫃,35,6971.TWO 惠民實業；市場：上櫃；官方產業別：35
6982.TWO,大井泵浦,上櫃,5,6982.TWO 大井泵浦；市場：上櫃；官方產業別：5
6988.TW,威力暘-創,上市,12,6988.TW 威力暘-創；市場：上市；官方產業別：12
6994.TW,富威電力,上市,35,6994.TW 富威電力；市場：上市；官方產業別：35
6996.TWO,力領科技,上櫃,24,6996.TWO 力領科技；市場：上櫃；官方產業別：24
6997.TWO,博弘,上櫃,36,6997.TWO 博弘；市場：上櫃；官方產業別：36
7402.TWO,邑錡,上櫃,26,7402.TWO 邑錡；市場：上櫃；官方產業別：26
7547.TWO,碩網,上櫃,36,7547.TWO 碩網；市場：上櫃；官方產業別：36
7556.TWO,意德士科技,上櫃,24,7556.TWO 意德士科技；市場：上櫃；官方產業別：24
7584.TWO,樂意,上櫃,32,7584.TWO 樂意；市場：上櫃；官方產業別：32
7610.TW,聯友金屬-創,上市,35,7610.TW 聯友金屬-創；市場：上市；官方產業別：35
7631.TW,聚賢研發-創,上市,31,7631.TW 聚賢研發-創；市場：上市；官方產業別：31
7642.TWO,昶瑞機電,上櫃,5,7642.TWO 昶瑞機電；市場：上櫃；官方產業別：5
7703.TWO,銳澤,上櫃,31,7703.TWO 銳澤；市場：上櫃；官方產業別：31
7704.TWO,明遠精密,上櫃,24,7704.TWO 明遠精密；市場：上櫃；官方產業別：24
7705.TW,三商餐飲,上市,16,7705.TW 三商餐飲；市場：上市；官方產業別：16
7708.TWO,全家餐飲,上櫃,16,7708.TWO 全家餐飲；市場：上櫃；官方產業別：16
7709.TWO,榮田,上櫃,5,7709.TWO 榮田；市場：上櫃；官方產業別：5
7711.TW,永擎,上市,25,7711.TW 永擎；市場：上市；官方產業別：25
7712.TWO,博盛半導體,上櫃,24,7712.TWO 博盛半導體；市場：上櫃；官方產業別：24
7713.TWO,威力德生醫,上櫃,22,7713.TWO 威力德生醫；市場：上櫃；官方產業別：22
7714.TWO,創泓科技,上櫃,36,7714.TWO 創泓科技；市場：上櫃；官方產業別：36
7715.TWO,裕山,上櫃,35,7715.TWO 裕山；市場：上櫃；官方產業別：35
7716.TWO,昱臺國際,上櫃,15,7716.TWO 昱臺國際；市場：上櫃；官方產業別：15
7717.TWO,萊德光電-KY,上櫃,27,7717.TWO 萊德光電-KY；市場：上櫃；官方產業別：27
7718.TWO,友鋮,上櫃,10,7718.TWO 友鋮；市場：上櫃；官方產業別：10
7721.TW,微程式,上市,36,7721.TW 微程式；市場：上市；官方產業別：36
7722.TW,LINEPAY,上市,36,7722.TW LINEPAY；市場：上市；官方產業別：36
7723.TWO,築間,上櫃,16,7723.TWO 築間；市場：上櫃；官方產業別：16
7728.TWO,光焱科技,上櫃,31,7728.TWO 光焱科技；市場：上櫃；官方產業別：31
7730.TW,暉盛-創,上市,24,7730.TW 暉盛-創；市場：上市；官方產業別：24
7732.TW,金興精密,上市,12,7732.TW 金興精密；市場：上市；官方產業別：12
7734.TWO,印能科技,上櫃,24,7734.TWO 印能科技；市場：上櫃；官方產業別：24
7736.TW,虎山,上市,12,7736.TW 虎山；市場：上市；官方產業別：12
7738.TWO,東聯互動,上櫃,36,7738.TWO 東聯互動；市場：上櫃；官方產業別：36
7740.TW,熙特爾-創,上市,35,7740.TW 熙特爾-創；市場：上市；官方產業別：35
7743.TWO,金利食安,上櫃,2,7743.TWO 金利食安；市場：上櫃；官方產業別：2
7744.TWO,崴寶,上櫃,28,7744.TWO 崴寶；市場：上櫃；官方產業別：28
7747.TWO,昕奇雲端,上櫃,36,7747.TWO 昕奇雲端；市場：上櫃；官方產業別：36
7749.TW,意騰-KY,上市,24,7749.TW 意騰-KY；市場：上市；官方產業別：24
7750.TW,新代,上市,5,7750.TW 新代；市場：上市；官方產業別：5
7751.TWO,竑騰,上櫃,24,7751.TWO 竑騰；市場：上櫃；官方產業別：24
7753.TWO,星亞,上櫃,26,7753.TWO 星亞；市場：上櫃；官方產業別：26
7757.TWO,金色三麥,上櫃,16,7757.TWO 金色三麥；市場：上櫃；官方產業別：16
7760.TW,享溫馨,上市,16,7760.TW 享溫馨；市場：上市；官方產業別：16
7765.TW,中華資安,上市,36,7765.TW 中華資安；市場：上市；官方產業別：36
7767.TWO,仁大資訊,上櫃,30,7767.TWO 仁大資訊；市場：上櫃；官方產業別：30
7769.TW,鴻勁,上市,24,7769.TW 鴻勁；市場：上市；官方產業別：24
7770.TWO,君曜,上櫃,24,7770.TWO 君曜；市場：上櫃；官方產業別：24
7777.TWO,能率亞洲,上櫃,20,7777.TWO 能率亞洲；市場：上櫃；官方產業別：20
7780.TW,大研生醫*,上市,2,7780.TW 大研生醫*；市場：上市；官方產業別：2
7782.TWO,光速火箭,上櫃,38,7782.TWO 光速火箭；市場：上櫃；官方產業別：38
7786.TW,東方風能,上市,35,7786.TW 東方風能；市場：上市；官方產業別：35
7788.TW,松川精密,上市,28,7788.TW 松川精密；市場：上市；官方產業別：28
7791.TW,皇家可口,上市,2,7791.TW 皇家可口；市場：上市；官方產業別：2
7792.TWO,安葆,上櫃,31,7792.TWO 安葆；市場：上櫃；官方產業別：31
7794.TWO,宏碁智新,上櫃,38,7794.TWO 宏碁智新；市場：上櫃；官方產業別：38
7795.TW,長廣,上市,28,7795.TW 長廣；市場：上市；官方產業別：28
7799.TW,禾榮科,上市,22,7799.TW 禾榮科；市場：上市；官方產業別：22
7805.TWO,威聯通,上櫃,36,7805.TWO 威聯通；市場：上櫃；官方產業別：36
7810.TWO,捷創科技,上櫃,24,7810.TWO 捷創科技；市場：上櫃；官方產業別：24
7811.TWO,民盛,上櫃,37,7811.TWO 民盛；市場：上櫃；官方產業別：37
7820.TWO,立盈,上櫃,35,7820.TWO 立盈；市場：上櫃；官方產業別：35
7821.TW,神數,上市,12,7821.TW 神數；市場：上市；官方產業別：12
7822.TW,倍利科,上市,24,7822.TW 倍利科；市場：上市；官方產業別：24
7823.TW,奧義賽博-KY創,上市,36,7823.TW 奧義賽博-KY創；市場：上市；官方產業別：36
7828.TWO,創新服務,上櫃,24,7828.TWO 創新服務；市場：上櫃；官方產業別：24
8011.TW,台通,上市,27,8011.TW 台通；市場：上市；官方產業別：27
8016.TW,矽創,上市,24,8016.TW 矽創；市場：上市；官方產業別：24
8021.TW,尖點,上市,31,8021.TW 尖點；市場：上市；官方產業別：31
8024.TWO,佑華,上櫃,24,8024.TWO 佑華；市場：上櫃；官方產業別：24
8027.TWO,鈦昇,上櫃,5,8027.TWO 鈦昇；市場：上櫃；官方產業別：5
8028.TW,昇陽半導體,上市,24,8028.TW 昇陽半導體；市場：上市；官方產業別：24
8032.TWO,光菱,上櫃,29,8032.TWO 光菱；市場：上櫃；官方產業別：29
8033.TW,雷虎,上市,20,8033.TW 雷虎；市場：上市；官方產業別：20
8034.TWO,榮群,上櫃,27,8034.TWO 榮群；市場：上櫃；官方產業別：27
8038.TWO,長園科,上櫃,28,8038.TWO 長園科；市場：上櫃；官方產業別：28
8039.TW,台虹,上市,28,8039.TW 台虹；市場：上市；官方產業別：28
8040.TWO,九暘,上櫃,24,8040.TWO 九暘；市場：上櫃；官方產業別：24
8042.TWO,金山電,上櫃,28,8042.TWO 金山電；市場：上櫃；官方產業別：28
8043.TWO,蜜望實,上櫃,28,8043.TWO 蜜望實；市場：上櫃；官方產業別：28
8044.TWO,網家,上櫃,36,8044.TWO 網家；市場：上櫃；官方產業別：36
8045.TW,達運光電,上市,27,8045.TW 達運光電；市場：上市；官方產業別：27
8046.TW,南電,上市,28,8046.TW 南電；市場：上市；官方產業別：28
8047.TWO,星雲,上櫃,31,8047.TWO 星雲；市場：上櫃；官方產業別：31
8048.TWO,德勝,上櫃,27,8048.TWO 德勝；市場：上櫃；官方產業別：27
8049.TWO,晶采,上櫃,26,8049.TWO 晶采；市場：上櫃；官方產業別：26
8050.TWO,廣積,上櫃,25,8050.TWO 廣積；市場：上櫃；官方產業別：25
8054.TWO,安國,上櫃,24,8054.TWO 安國；市場：上櫃；官方產業別：24
8059.TWO,凱碩,上櫃,27,8059.TWO 凱碩；市場：上櫃；官方產業別：27
8064.TWO,東捷,上櫃,26,8064.TWO 東捷；市場：上櫃；官方產業別：26
8066.TWO,來思達,上櫃,38,8066.TWO 來思達；市場：上櫃；官方產業別：38
8067.TWO,志旭,上櫃,29,8067.TWO 志旭；市場：上櫃；官方產業別：29
8068.TWO,全達,上櫃,29,8068.TWO 全達；市場：上櫃；官方產業別：29
8069.TWO,元太,上櫃,26,8069.TWO 元太；市場：上櫃；官方產業別：26
8070.TW,長華*,上市,29,8070.TW 長華*；市場：上市；官方產業別：29
8071.TWO,能率網通,上櫃,28,8071.TWO 能率網通；市場：上櫃；官方產業別：28
8072.TW,陞泰,上市,29,8072.TW 陞泰；市場：上市；官方產業別：29
8074.TWO,鉅橡,上櫃,28,8074.TWO 鉅橡；市場：上櫃；官方產業別：28
8076.TWO,伍豐,上櫃,25,8076.TWO 伍豐；市場：上櫃；官方產業別：25
8077.TWO,洛碁,上櫃,16,8077.TWO 洛碁；市場：上櫃；官方產業別：16
8080.TWO,泰霖,上櫃,14,8080.TWO 泰霖；市場：上櫃；官方產業別：14
8081.TW,致新,上市,24,8081.TW 致新；市場：上市；官方產業別：24
8083.TWO,瑞穎,上櫃,5,8083.TWO 瑞穎；市場：上櫃；官方產業別：5
8084.TWO,巨虹,上櫃,29,8084.TWO 巨虹；市場：上櫃；官方產業別：29
8085.TWO,福華,上櫃,31,8085.TWO 福華；市場：上櫃；官方產業別：31
8086.TWO,宏捷科,上櫃,24,8086.TWO 宏捷科；市場：上櫃；官方產業別：24
8087.TWO,麗升能源,上櫃,35,8087.TWO 麗升能源；市場：上櫃；官方產業別：35
8088.TWO,品安,上櫃,24,8088.TWO 品安；市場：上櫃；官方產業別：24
8089.TWO,康全電訊,上櫃,27,8089.TWO 康全電訊；市場：上櫃；官方產業別：27
8091.TWO,翔名,上櫃,24,8091.TWO 翔名；市場：上櫃；官方產業別：24
8092.TWO,建暐,上櫃,31,8092.TWO 建暐；市場：上櫃；官方產業別：31
8093.TWO,保銳,上櫃,28,8093.TWO 保銳；市場：上櫃；官方產業別：28
8096.TWO,擎亞,上櫃,29,8096.TWO 擎亞；市場：上櫃；官方產業別：29
8097.TWO,常珵,上櫃,27,8097.TWO 常珵；市場：上櫃；官方產業別：27
8099.TWO,大世科,上櫃,30,8099.TWO 大世科；市場：上櫃；官方產業別：30
8101.TW,華冠,上市,27,8101.TW 華冠；市場：上市；官方產業別：27
8102.TWO,傑霖科技,上櫃,24,8102.TWO 傑霖科技；市場：上櫃；官方產業別：24
8103.TW,瀚荃,上市,28,8103.TW 瀚荃；市場：上市；官方產業別：28
8104.TW,錸寶,上市,26,8104.TW 錸寶；市場：上市；官方產業別：26
8105.TW,凌巨,上市,26,8105.TW 凌巨；市場：上市；官方產業別：26
8107.TWO,大億金茂,上櫃,5,8107.TWO 大億金茂；市場：上櫃；官方產業別：5
8109.TWO,博大,上櫃,28,8109.TWO 博大；市場：上櫃；官方產業別：28
8110.TW,華東,上市,24,8110.TW 華東；市場：上市；官方產業別：24
8111.TWO,立碁,上櫃,26,8111.TWO 立碁；市場：上櫃；官方產業別：26
8112.TW,至上,上市,29,8112.TW 至上；市場：上市；官方產業別：29
8114.TW,振樺電,上市,25,8114.TW 振樺電；市場：上市；官方產業別：25
8121.TWO,越峰,上櫃,28,8121.TWO 越峰；市場：上櫃；官方產業別：28
8131.TW,福懋科,上市,24,8131.TW 福懋科；市場：上市；官方產業別：24
8147.TWO,正淩,上櫃,28,8147.TWO 正淩；市場：上櫃；官方產業別：28
8150.TW,南茂,上市,24,8150.TW 南茂；市場：上市；官方產業別：24
8155.TWO,博智,上櫃,28,8155.TWO 博智；市場：上櫃；官方產業別：28
8162.TW,微矽電子-創,上市,24,8162.TW 微矽電子-創；市場：上市；官方產業別：24
8163.TW,達方,上市,25,8163.TW 達方；市場：上市；官方產業別：25
8171.TWO,天宇,上櫃,35,8171.TWO 天宇；市場：上櫃；官方產業別：35
8176.TWO,智捷,上櫃,27,8176.TWO 智捷；市場：上櫃；官方產業別：27
8182.TWO,加高,上櫃,28,8182.TWO 加高；市場：上櫃；官方產業別：28
8183.TWO,精星,上櫃,31,8183.TWO 精星；市場：上櫃；官方產業別：31
8201.TW,無敵,上市,31,8201.TW 無敵；市場：上市；官方產業別：31
8210.TW,勤誠,上市,25,8210.TW 勤誠；市場：上市；官方產業別：25
8213.TW,志超,上市,28,8213.TW 志超；市場：上市；官方產業別：28
8215.TW,明基材,上市,26,8215.TW 明基材；市場：上市；官方產業別：26
8222.TW,寶一,上市,5,8222.TW 寶一；市場：上市；官方產業別：5
8227.TWO,巨有科技,上櫃,24,8227.TWO 巨有科技；市場：上櫃；官方產業別：24
8234.TWO,新漢,上櫃,25,8234.TWO 新漢；市場：上櫃；官方產業別：25
8240.TWO,華宏,上櫃,26,8240.TWO 華宏；市場：上櫃；官方產業別：26
8249.TW,菱光,上市,28,8249.TW 菱光；市場：上市；官方產業別：28
8255.TWO,朋程,上櫃,5,8255.TWO 朋程；市場：上櫃；官方產業別：5
8261.TW,富鼎,上市,24,8261.TW 富鼎；市場：上市；官方產業別：24
8271.TW,宇瞻,上市,24,8271.TW 宇瞻；市場：上市；官方產業別：24
8272.TWO,全景軟體,上櫃,30,8272.TWO 全景軟體；市場：上櫃；官方產業別：30
8277.TWO,商丞,上櫃,24,8277.TWO 商丞；市場：上櫃；官方產業別：24
8279.TWO,生展,上櫃,22,8279.TWO 生展；市場：上櫃；官方產業別：22
8284.TWO,三竹,上櫃,30,8284.TWO 三竹；市場：上櫃；官方產業別：30
8289.TWO,泰藝,上櫃,28,8289.TWO 泰藝；市場：上櫃；官方產業別：28
8291.TWO,尚茂,上櫃,28,8291.TWO 尚茂；市場：上櫃；官方產業別：28
8299.TWO,群聯,上櫃,24,8299.TWO 群聯；市場：上櫃；官方產業別：24
8341.TW,日友,上市,35,8341.TW 日友；市場：上市；官方產業別：35
8342.TWO,益張,上櫃,20,8342.TWO 益張；市場：上櫃；官方產業別：20
8349.TWO,恒耀國際,上櫃,10,8349.TWO 恒耀國際；市場：上櫃；官方產業別：10
8354.TWO,冠好,上櫃,20,8354.TWO 冠好；市場：上櫃；官方產業別：20
8358.TWO,金居,上櫃,28,8358.TWO 金居；市場：上櫃；官方產業別：28
8367.TW,建新國際,上市,15,8367.TW 建新國際；市場：上市；官方產業別：15
8374.TW,羅昇,上市,5,8374.TW 羅昇；市場：上市；官方產業別：5
8383.TWO,千附,上櫃,24,8383.TWO 千附；市場：上櫃；官方產業別：24
8390.TWO,金益鼎,上櫃,35,8390.TWO 金益鼎；市場：上櫃；官方產業別：35
8401.TWO,白紗科,上櫃,20,8401.TWO 白紗科；市場：上櫃；官方產業別：20
8403.TWO,盛弘,上櫃,22,8403.TWO 盛弘；市場：上櫃；官方產業別：22
8404.TW,百和興業-KY,上市,20,8404.TW 百和興業-KY；市場：上市；官方產業別：20
8409.TWO,商之器,上櫃,22,8409.TWO 商之器；市場：上櫃；官方產業別：22
8410.TWO,森田,上櫃,25,8410.TWO 森田；市場：上櫃；官方產業別：25
8411.TW,福貞-KY,上市,20,8411.TW 福貞-KY；市場：上市；官方產業別：20
8415.TWO,大國鋼,上櫃,10,8415.TWO 大國鋼；市場：上櫃；官方產業別：10
8416.TWO,實威,上櫃,30,8416.TWO 實威；市場：上櫃；官方產業別：30
8421.TWO,旭源,上櫃,20,8421.TWO 旭源；市場：上櫃；官方產業別：20
8422.TW,可寧衛*,上市,35,8422.TW 可寧衛*；市場：上市；官方產業別：35
8423.TWO,保綠-KY,上櫃,35,8423.TWO 保綠-KY；市場：上櫃；官方產業別：35
8424.TWO,惠普,上櫃,14,8424.TWO 惠普；市場：上櫃；官方產業別：14
8426.TWO,紅木-KY,上櫃,20,8426.TWO 紅木-KY；市場：上櫃；官方產業別：20
8429.TW,金麗-KY,上市,18,8429.TW 金麗-KY；市場：上市；官方產業別：18
8431.TWO,匯鑽科,上櫃,31,8431.TWO 匯鑽科；市場：上櫃；官方產業別：31
8432.TWO,東生華,上櫃,22,8432.TWO 東生華；市場：上櫃；官方產業別：22
8433.TWO,弘帆,上櫃,38,8433.TWO 弘帆；市場：上櫃；官方產業別：38
8435.TWO,鉅邁,上櫃,20,8435.TWO 鉅邁；市場：上櫃；官方產業別：20
8436.TWO,大江,上櫃,22,8436.TWO 大江；市場：上櫃；官方產業別：22
8437.TWO,大地-KY,上櫃,20,8437.TWO 大地-KY；市場：上櫃；官方產業別：20
8438.TW,昶昕,上市,35,8438.TW 昶昕；市場：上市；官方產業別：35
8440.TWO,綠電,上櫃,35,8440.TWO 綠電；市場：上櫃；官方產業別：35
8442.TW,威宏-KY,上市,20,8442.TW 威宏-KY；市場：上市；官方產業別：20
8443.TW,阿瘦,上市,18,8443.TW 阿瘦；市場：上市；官方產業別：18
8444.TWO,綠河-KY,上櫃,20,8444.TWO 綠河-KY；市場：上櫃；官方產業別：20
8446.TWO,華研,上櫃,32,8446.TWO 華研；市場：上櫃；官方產業別：32
8450.TWO,霹靂,上櫃,32,8450.TWO 霹靂；市場：上櫃；官方產業別：32
8454.TW,富邦媒,上市,36,8454.TW 富邦媒；市場：上市；官方產業別：36
8455.TWO,大拓-KY,上櫃,31,8455.TWO 大拓-KY；市場：上櫃；官方產業別：31
8462.TW,柏文,上市,37,8462.TW 柏文；市場：上市；官方產業別：37
8463.TW,潤泰材,上市,20,8463.TW 潤泰材；市場：上市；官方產業別：20
8464.TW,億豐,上市,38,8464.TW 億豐；市場：上市；官方產業別：38
8466.TW,美吉吉-KY,上市,20,8466.TW 美吉吉-KY；市場：上市；官方產業別：20
8467.TW,波力-KY,上市,37,8467.TW 波力-KY；市場：上市；官方產業別：37
8472.TWO,夠麻吉,上櫃,36,8472.TWO 夠麻吉；市場：上櫃；官方產業別：36
8473.TW,山林水,上市,35,8473.TW 山林水；市場：上市；官方產業別：35
8476.TW,台境*,上市,35,8476.TW 台境*；市場：上市；官方產業別：35
8477.TWO,創業家,上櫃,36,8477.TWO 創業家；市場：上櫃；官方產業別：36
8478.TW,東哥遊艇,上市,37,8478.TW 東哥遊艇；市場：上市；官方產業別：37
8481.TW,政伸,上市,20,8481.TW 政伸；市場：上市；官方產業別：20
8482.TW,商億-KY,上市,38,8482.TW 商億-KY；市場：上市；官方產業別：38
8487.TW,愛爾達-創,上市,36,8487.TW 愛爾達-創；市場：上市；官方產業別：36
8488.TW,吉源-KY,上市,20,8488.TW 吉源-KY；市場：上市；官方產業別：20
8489.TWO,三貝德,上櫃,20,8489.TWO 三貝德；市場：上櫃；官方產業別：20
8499.TW,鼎炫-KY,上市,31,8499.TW 鼎炫-KY；市場：上市；官方產業別：31
8905.TWO,裕國,上櫃,20,8905.TWO 裕國；市場：上櫃；官方產業別：20
8906.TWO,花王,上櫃,20,8906.TWO 花王；市場：上櫃；官方產業別：20
8908.TWO,欣雄,上櫃,23,8908.TWO 欣雄；市場：上櫃；官方產業別：23
8916.TWO,光隆,上櫃,20,8916.TWO 光隆；市場：上櫃；官方產業別：20
8917.TWO,欣泰,上櫃,23,8917.TWO 欣泰；市場：上櫃；官方產業別：23
8921.TWO,沈氏,上櫃,20,8921.TWO 沈氏；市場：上櫃；官方產業別：20
8923.TWO,時報,上櫃,32,8923.TWO 時報；市場：上櫃；官方產業別：32
8924.TWO,大田,上櫃,37,8924.TWO 大田；市場：上櫃；官方產業別：37
8926.TW,台汽電,上市,23,8926.TW 台汽電；市場：上市；官方產業別：23
8927.TWO,北基,上櫃,23,8927.TWO 北基；市場：上櫃；官方產業別：23
8928.TWO,鉅明,上櫃,37,8928.TWO 鉅明；市場：上櫃；官方產業別：37
8929.TWO,富堡,上櫃,20,8929.TWO 富堡；市場：上櫃；官方產業別：20
8930.TWO,青鋼,上櫃,10,8930.TWO 青鋼；市場：上櫃；官方產業別：10
8931.TWO,大汽電,上櫃,23,8931.TWO 大汽電；市場：上櫃；官方產業別：23
8932.TWO,智通*,上櫃,20,8932.TWO 智通*；市場：上櫃；官方產業別：20
8933.TWO,愛地雅,上櫃,37,8933.TWO 愛地雅；市場：上櫃；官方產業別：37
8935.TWO,邦泰,上櫃,20,8935.TWO 邦泰；市場：上櫃；官方產業別：20
8936.TWO,國統,上櫃,20,8936.TWO 國統；市場：上櫃；官方產業別：20
8937.TWO,合騏*,上櫃,20,8937.TWO 合騏*；市場：上櫃；官方產業別：20
8938.TWO,明安,上櫃,37,8938.TWO 明安；市場：上櫃；官方產業別：37
8940.TW,新天地,上市,16,8940.TW 新天地；市場：上市；官方產業別：16
8941.TWO,關中,上櫃,38,8941.TWO 關中；市場：上櫃；官方產業別：38
8942.TWO,森鉅,上櫃,20,8942.TWO 森鉅；市場：上櫃；官方產業別：20
8996.TW,高力,上市,5,8996.TW 高力；市場：上市；官方產業別：5
9103.TW,美德醫療-DR,上市,91,9103.TW 美德醫療-DR；市場：上市；官方產業別：91
910322.TW,康師傅-DR,上市,91,910322.TW 康師傅-DR；市場：上市；官方產業別：91
9105.TW,泰金寶-DR,上市,91,9105.TW 泰金寶-DR；市場：上市；官方產業別：91
910861.TW,神州-DR,上市,91,910861.TW 神州-DR；市場：上市；官方產業別：91
9110.TW,越南控-DR,上市,91,9110.TW 越南控-DR；市場：上市；官方產業別：91
911608.TW,明輝-DR,上市,91,911608.TW 明輝-DR；市場：上市；官方產業別：91
911622.TW,泰聚亨-DR,上市,91,911622.TW 泰聚亨-DR；市場：上市；官方產業別：91
911868.TW,同方友友-DR,上市,91,911868.TW 同方友友-DR；市場：上市；官方產業別：91
912000.TW,晨訊科-DR,上市,91,912000.TW 晨訊科-DR；市場：上市；官方產業別：91
9136.TW,巨騰-DR,上市,91,9136.TW 巨騰-DR；市場：上市；官方產業別：91
9802.TW,鈺齊-KY,上市,37,9802.TW 鈺齊-KY；市場：上市；官方產業別：37
9902.TW,台火,上市,20,9902.TW 台火；市場：上市；官方產業別：20
9904.TW,寶成,上市,37,9904.TW 寶成；市場：上市；官方產業別：37
9905.TW,大華,上市,20,9905.TW 大華；市場：上市；官方產業別：20
9906.TW,欣巴巴,上市,14,9906.TW 欣巴巴；市場：上市；官方產業別：14
9907.TW,統一實,上市,20,9907.TW 統一實；市場：上市；官方產業別：20
9908.TW,大台北,上市,23,9908.TW 大台北；市場：上市；官方產業別：23
9910.TW,豐泰,上市,37,9910.TW 豐泰；市場：上市；官方產業別：37
9911.TW,櫻花,上市,38,9911.TW 櫻花；市場：上市；官方產業別：38
9912.TW,偉聯,上市,25,9912.TW 偉聯；市場：上市；官方產業別：25
9914.TW,美利達,上市,37,9914.TW 美利達；市場：上市；官方產業別：37
9917.TW,中保科,上市,20,9917.TW 中保科；市場：上市；官方產業別：20
9918.TW,欣天然,上市,23,9918.TW 欣天然；市場：上市；官方產業別：23
9919.TW,康那香,上市,20,9919.TW 康那香；市場：上市；官方產業別：20
9921.TW,巨大,上市,37,9921.TW 巨大；市場：上市；官方產業別：37
9924.TW,福興,上市,38,9924.TW 福興；市場：上市；官方產業別：38
9925.TW,新保,上市,20,9925.TW 新保；市場：上市；官方產業別：20
9926.TW,新海,上市,23,9926.TW 新海；市場：上市；官方產業別：23
9927.TW,泰銘,上市,20,9927.TW 泰銘；市場：上市；官方產業別：20
9928.TW,中視,上市,20,9928.TW 中視；市場：上市；官方產業別：20
9929.TW,秋雨,上市,20,9929.TW 秋雨；市場：上市；官方產業別：20
9930.TW,中聯資源,上市,35,9930.TW 中聯資源；市場：上市；官方產業別：35
9931.TW,欣高,上市,23,9931.TW 欣高；市場：上市；官方產業別：23
9933.TW,中鼎,上市,20,9933.TW 中鼎；市場：上市；官方產業別：20
9934.TW,成霖,上市,38,9934.TW 成霖；市場：上市；官方產業別：38
9935.TW,慶豐富,上市,38,9935.TW 慶豐富；市場：上市；官方產業別：38
9937.TW,全國,上市,23,9937.TW 全國；市場：上市；官方產業別：23
9938.TW,百和,上市,20,9938.TW 百和；市場：上市；官方產業別：20
9939.TW,宏全,上市,20,9939.TW 宏全；市場：上市；官方產業別：20
9940.TW,信義,上市,20,9940.TW 信義；市場：上市；官方產業別：20
9941.TW,裕融,上市,20,9941.TW 裕融；市場：上市；官方產業別：20
9942.TW,茂順,上市,20,9942.TW 茂順；市場：上市；官方產業別：20
9943.TW,好樂迪,上市,16,9943.TW 好樂迪；市場：上市；官方產業別：16
9944.TW,新麗,上市,20,9944.TW 新麗；市場：上市；官方產業別：20
9945.TW,潤泰新,上市,20,9945.TW 潤泰新；市場：上市；官方產業別：20
9946.TW,三發地產,上市,14,9946.TW 三發地產；市場：上市；官方產業別：14
9949.TWO,琉園,上櫃,32,9949.TWO 琉園；市場：上櫃；官方產業別：32
9950.TWO,萬國通,上櫃,3,9950.TWO 萬國通；市場：上櫃；官方產業別：3
9951.TWO,皇田,上櫃,5,9951.TWO 皇田；市場：上櫃；官方產業別：5
9955.TW,佳龍,上市,35,9955.TW 佳龍；市場：上市；官方產業別：35
9958.TW,世紀鋼,上市,10,9958.TW 世紀鋼；市場：上市；官方產業別：10
9960.TWO,邁達康,上櫃,37,9960.TWO 邁達康；市場：上櫃；官方產業別：37
9962.TWO,有益,上櫃,10,9962.TWO 有益；市場：上櫃；官方產業別：10
