symbol,name,group,subgroup,summary,reference_url,analysis_date
00400A.TW,主動國泰動能高息,資產管理,主動型高股息 ETF,台灣首批主動型 ETF，由基金經理人選股，鎖定高股息與動能因子。,https://www.cathayholdings.com/at/,2026-05-10
00401A.TW,主動摩根台灣鑫收,資產管理,主動型收益 ETF,摩根投信發行，採主動管理策略，結合台灣優質企業債與股票收益。,https://am.jpmorgan.com/tw,2026-05-10
0050.TW,元大台灣50,核心寬基,藍籌權值股,追蹤臺灣 50 指數，涵蓋台股市場市值前 50 大企業，具市場代表性。,https://www.yuantafunds.com/,2026-05-10
0051.TW,元大中型100,核心寬基,中型成長股,追蹤中型 100 指數，鎖定市值第 51 至 150 名之企業，代表中堅力量。,https://www.moneydj.com/etf/x/basic/basic0004.xdjpx?etfid=0051.TW,2026-05-10
0052.TW,富邦科技,核心科技板塊,半導體與電子供應鏈,高度集中於台積電及關鍵電子零組件，為純度極高的台股科技 ETF。,https://www.fubon.com/asset-management/,2026-05-10
0053.TW,元大電子,核心科技板塊,電子權值股,追蹤電子類加權指數，包含半導體、電腦周邊、光電等科技核心。,https://www.yuantafunds.com/,2026-05-10
0055.TW,元大MSCI金融,金融服務,銀行保險金控,追蹤 MSCI 台灣金融指數，成分股涵蓋台灣主要金控與銀行體系。,https://www.moneydj.com/etf/x/basic/basic0004.xdjpx?etfid=0055.TW,2026-05-10
0056.TW,元大高股息,收益策略,預測型高殖利率,從台灣 50 與中型 100 中挑選未來一年預計配息率最高之 50 檔股票。,https://www.yuantafunds.com/,2026-05-10
0057.TW,富邦摩台,核心寬基,MSCI 台灣成分股,追蹤 MSCI 台灣指數，為外資觀察與配置台股的重要標準。,https://www.fubon.com/asset-management/,2026-05-10
0061.TW,元大寶滬深,區域配置,A股藍籌,追蹤滬深 300 指數，鎖定中國上交所與深交所市值最大的藍籌股。,https://www.yuantafunds.com/,2026-05-10
006201.TWO,元大富櫃50,核心寬基,中小企業與生技,追蹤櫃買中心市值前 50 大公司，成分股多為生技與電子中小企業。,https://www.tpex.org.tw/,2026-05-10
006203.TW,元大MSCI台灣,核心寬基,MSCI 指數,追蹤 MSCI 台灣指數，與 0057 相似，作為大型權值股配置工具。,https://www.yuantafunds.com/,2026-05-10
006204.TW,永豐臺灣加權,核心寬基,全市場加權,追蹤大盤加權指數，試圖複製整體台股市場之表現。,https://sitc.sinopac.com/,2026-05-10
006205.TW,富邦上証,區域配置,上證 180 指數,追蹤上證 180 指數，反映上海證券交易所大型藍籌股動向。,https://www.fubon.com/asset-management/,2026-05-10
006206.TW,元大上證50,區域配置,上證超大型股,追蹤上證 50 指數，包含上交所規模最大、流動性最好的 50 檔股票。,https://www.yuantafunds.com/,2026-05-10
006207.TW,復華滬深,區域配置,滬深 300,追蹤滬深 300 指數，提供中國 A 股市場的全方位曝險。,https://www.fhtrust.com.tw/,2026-05-10
006208.TW,富邦台50,核心寬基,藍籌權值股,與 0050 相似，追蹤臺灣 50 指數，以低管理費為其核心競爭力。,https://www.fubon.com/asset-management/,2026-05-10
00625K.TW,富邦上証+R,區域配置,人民幣計價 A 股,以人民幣計價，追蹤上證 180 指數之表现。,https://www.fubon.com/asset-management/,2026-05-10
00631L.TW,元大台灣50正2,槓桿策略,雙倍槓桿台股,追蹤臺灣 50 指數單日正向 2 倍表現，適合短期交易或策略性避險。,https://www.yuantafunds.com/,2026-05-10
00632R.TW,元大台灣50反1,槓桿策略,反向避險台股,追蹤臺灣 50 指數單日反向 1 倍表現，為台股主要的避險工具。,https://www.yuantafunds.com/,2026-05-10
00633L.TW,富邦上証正2,槓桿策略,雙倍槓桿 A 股,追蹤上證 180 指數單日正向 2 倍表現。,https://www.fubon.com/asset-management/,2026-05-10
00634R.TW,富邦上証反1,槓桿策略,反向避險 A 股,追蹤上證 180 指數單日反向 1 倍表現。,https://www.fubon.com/asset-management/,2026-05-10
00635U.TW,期元大S&P黃金,商品能源,黃金現貨期貨,追蹤 S&P GSCI Gold Index，反映國際黃金價格走勢。,https://www.yuantafunds.com/,2026-05-10
00636.TW,國泰中國A50,區域配置,A股超大型股,追蹤富時中國 A50 指數，鎖定中國市值最大的 50 家公司。,https://www.cathayholdings.com/at/,2026-05-10
00636K.TW,國泰中國A50+U,區域配置,美元計價 A 股,以美元計價，追蹤富時中國 A50 指數之表現。,https://www.cathayholdings.com/at/,2026-05-10
00637L.TW,元大滬深300正2,槓桿策略,雙倍槓桿 A 股,追蹤滬深 300 指數單日正向 2 倍表現，流動性高。,https://www.yuantafunds.com/,2026-05-10
00638R.TW,元大滬深300反1,槓桿策略,反向避險 A 股,追蹤滬深 300 指數單日反向 1 倍表現。,https://www.yuantafunds.com/,2026-05-10
00639.TW,富邦深100,區域配置,深圳成長股,追蹤深證 100 指數，成分股包含較多科技與民生消費成長股。,https://www.fubon.com/asset-management/,2026-05-10
00640L.TW,富邦日本正2,區域配置,雙倍槓桿日股,追蹤東證指數（TOPIX）單日正向 2 倍表現。,https://www.fubon.com/asset-management/,2026-05-10
00641R.TW,富邦日本反1,區域配置,反向避險日股,追蹤東證指數（TOPIX）單日反向 1 倍表現。,https://www.fubon.com/asset-management/,2026-05-10
00642U.TW,期元大S&P石油,商品能源,原油期貨,追蹤 S&P GSCI Light Sweet Crude Oil Index，反映西德州原油走勢。,https://www.yuantafunds.com/,2026-05-10
00643.TW,群益深証中小,區域配置,中國中小板,追蹤深證中小板指數，聚焦具成長潛力之中小型企業。,https://www.capitalfund.com.tw/,2026-05-10
00643K.TW,群益深証中小+R,區域配置,人民幣計價 A 股,以人民幣計價，追蹤深證中小板指數之表現。,https://www.capitalfund.com.tw/,2026-05-10
00645.TW,富邦日本,區域配置,日股寬基,追蹤東證指數（TOPIX），為台灣配置日股的核心工具之一。,https://www.fubon.com/asset-management/,2026-05-10
00646.TW,元大S&P500,區域配置,美股寬基,追蹤標普 500 指數，涵蓋美國市值前 500 大公司。,https://www.yuantafunds.com/,2026-05-10
00647L.TW,元大S&P500正2,槓桿策略,雙倍槓桿美股,追蹤 S&P 500 指數單日正向 2 倍表現。,https://www.yuantafunds.com/,2026-05-10
00648R.TW,元大S&P500反1,槓桿策略,反向避險美股,追蹤 S&P 500 指數單日反向 1 倍表現。,https://www.yuantafunds.com/,2026-05-10
00650L.TW,復華香港正2,區域配置,雙倍槓桿港股,追蹤恒生國企指數單日正向 2 倍表現。,https://www.fhtrust.com.tw/,2026-05-10
00651R.TW,復華香港反1,區域配置,反向避險港股,追蹤恒生國企指數單日反向 1 倍表現。,https://www.fhtrust.com.tw/,2026-05-10
00652.TW,富邦印度,區域配置,印度藍籌,追蹤印度 NIFTY 指數，包含印度最具代表性的 50 家大型公司。,https://www.fubon.com/asset-management/,2026-05-10
00653L.TW,富邦印度正2,槓桿策略,雙倍槓桿印度股,追蹤印度 NIFTY 指數單日正向 2 倍表現，適合捕捉印度成長動能。,https://www.fubon.com/asset-management/,2026-05-10
00654R.TW,富邦印度反1,槓桿策略,反向避險印度股,追蹤印度 NIFTY 指數單日反向 1 倍表現，用於對沖印度市場風險。,https://www.fubon.com/asset-management/,2026-05-10
00655L.TW,國泰中國A50正2,槓桿策略,雙倍槓桿 A 股,追蹤富時中國 A50 指數單日正向 2 倍表現。,https://www.cathayholdings.com/at/,2026-05-10
00656R.TW,國泰中國A50反1,槓桿策略,反向避險 A 股,追蹤富時中國 A50 指數單日反向 1 倍表現。,https://www.cathayholdings.com/at/,2026-05-10
00657.TW,國泰日經225,區域配置,日股寬基,追蹤日經 225 指數，涵蓋日本最具代表性的 225 家大型企業。,https://www.cathayholdings.com/at/,2026-05-10
00657K.TW,國泰日經225+U,區域配置,美元計價日股,以美元計價，追蹤日經 225 指數之表現。,https://www.cathayholdings.com/at/,2026-05-10
00660.TW,元大歐洲50,區域配置,歐股寬基,追蹤歐洲 STOXX 50 指數，鎖定歐元區 50 檔大型藍籌股。,https://www.yuantafunds.com/,2026-05-10
00661.TW,元大日經225,區域配置,日股寬基,追蹤日經 225 指數，提供投資人參與日本股市龍頭企業的工具。,https://www.yuantafunds.com/,2026-05-10
00662.TW,富邦NASDAQ,核心科技板塊,美股科技成長,追蹤那斯達克 100 指數，成分股包含全球科技、生技等領先企業。,https://www.fubon.com/asset-management/,2026-05-10
00663L.TW,國泰臺灣加權正2,槓桿策略,雙倍槓桿台股,追蹤大盤加權指數單日正向 2 倍表現。,https://www.cathayholdings.com/at/,2026-05-10
00664R.TW,國泰臺灣加權反1,槓桿策略,反向避險台股,追蹤大盤加權指數單日反向 1 倍表現。,https://www.cathayholdings.com/at/,2026-05-10
00665L.TW,富邦恒生國企正2,區域配置,雙倍槓桿港股,追蹤恒生中國企業指數單日正向 2 倍表現。,https://www.fubon.com/asset-management/,2026-05-10
00666R.TW,富邦恒生國企反1,區域配置,反向避險港股,追蹤恒生中國企業指數單日反向 1 倍表現。,https://www.fubon.com/asset-management/,2026-05-10
00668.TW,國泰美國道瓊,核心寬基,美股藍籌,追蹤道瓊工業平均指數，包含美國 30 檔各產業代表性龍頭。,https://www.cathayholdings.com/at/,2026-05-10
00668K.TW,國泰美國道瓊+U,核心寬基,美元計價美股,以美元計價，追蹤美國道瓊工業平均指數。,https://www.cathayholdings.com/at/,2026-05-10
00669R.TW,國泰美國道瓊反1,槓桿策略,反向避險美股,追蹤道瓊工業指數單日反向 1 倍表現。,https://www.cathayholdings.com/at/,2026-05-10
00670L.TW,富邦NASDAQ正2,槓桿策略,雙倍槓桿美股,追蹤那斯達克 100 指數單日正向 2 倍表現。,https://www.fubon.com/asset-management/,2026-05-10
00671R.TW,富邦NASDAQ反1,槓桿策略,反向避險美股,追蹤那斯達克 100 指數單日反向 1 倍表現。,https://www.fubon.com/asset-management/,2026-05-10
00673R.TW,期元大S&P原油反1,商品能源,原油期貨反向,追蹤標普高盛輕原油指數單日反向 1 倍表現。,https://www.yuantafunds.com/,2026-05-10
00674R.TW,期元大S&P黃金反1,商品能源,黃金期貨反向,追蹤標普高盛黃金指數單日反向 1 倍表現。,https://www.yuantafunds.com/,2026-05-10
00675L.TW,富邦臺灣加權正2,槓桿策略,雙倍槓桿台股,追蹤加權指數單日正向 2 倍表現。,https://www.fubon.com/asset-management/,2026-05-10
00676R.TW,富邦臺灣加權反1,槓桿策略,反向避險台股,追蹤加權指數單日反向 1 倍表現。,https://www.fubon.com/asset-management/,2026-05-10
00678.TW,群益那斯達克生技,醫療保健,精準醫療與生技,追蹤 NBI 生技指數，專注於美國掛牌的生物技術與製藥企業。,https://www.capitalfund.com.tw/,2026-05-10
00679B.TWO,元大美債20年,債券市場,長天期公債,追蹤 ICE 美國政府 20+ 年期債券指數，受利率變動影響度高。,https://www.yuantafunds.com/,2026-05-10
00680L.TW,元大美債20正2,債券市場,槓桿型美債,追蹤 ICE 美國政府 20+ 年期債券指數單日正向 2 倍表現。,https://www.yuantafunds.com/,2026-05-10
00681R.TW,元大美債20反1,債券市場,反向型美債,追蹤 ICE 美國政府 20+ 年期債券指數單日反向 1 倍表現。,https://www.yuantafunds.com/,2026-05-10
00682U.TW,期元大美元指數,外匯市場,美元匯率期貨,追蹤美元指數期貨，反映美元相對於一籃子主要貨幣的強弱。,https://www.yuantafunds.com/,2026-05-10
00683L.TW,期元大美元指正2,外匯市場,槓桿型外匯,追蹤美元指數期貨單日正向 2 倍表現。,https://www.yuantafunds.com/,2026-05-10
00684R.TW,期元大美元指反1,外匯市場,反向型外匯,追蹤美元指數期貨單日反向 1 倍表現。,https://www.yuantafunds.com/,2026-05-10
00685L.TW,群益臺灣加權正2,槓桿策略,雙倍槓桿台股,追蹤台股加權指數單日正向 2 倍表現。,https://www.capitalfund.com.tw/,2026-05-10
00686R.TW,群益臺灣加權反1,槓桿策略,反向避險台股,追蹤台股加權指數單日反向 1 倍表現。,https://www.capitalfund.com.tw/,2026-05-10
00687B.TWO,國泰20年美債,債券市場,長天期公債,追蹤 Bloomberg 美國政府 20+ 年期債券指數。,https://www.cathayholdings.com/at/,2026-05-10
00687C.TWO,國泰20年美債+櫃U,債券市場,美元計價美債,於櫃買中心交易之美元計價長天期美債 ETF。,https://www.cathayholdings.com/at/,2026-05-10
00688L.TW,國泰20年美債正2,債券市場,槓桿型美債,追蹤美國政府 20+ 年期債券指數單日正向 2 倍表現。,https://www.cathayholdings.com/at/,2026-05-10
00689R.TW,國泰20年美債反1,債券市場,反向型美債,追蹤美國政府 20+ 年期債券指數單日反向 1 倍表現。,https://www.cathayholdings.com/at/,2026-05-10
00690.TW,兆豐藍籌30,核心寬基,高質量藍籌股,篩選符合財務績效及獲利能力佳之 30 檔台股企業。,https://www.megafunds.com.tw/,2026-05-10
00692.TW,富邦公司治理,永續經營,ESG 治理企業,追蹤公司治理 100 指數，鎖定治理評鑑優良之台灣企業。,https://www.fubon.com/asset-management/,2026-05-10
00693U.TW,期街口S&P黃豆,商品能源,農產品期貨,追蹤 S&P GSCI Soybeans Index，反映國際黃豆價格波動。,https://www.jkofunds.com.tw/,2026-05-10
00694B.TWO,富邦美債1-3,債券市場,短天期公債,追蹤美債 1-3 年期指數，適合作為現金替代工具與資金避風港。,https://www.fubon.com/asset-management/,2026-05-10
00695B.TWO,富邦美債7-10,債券市場,中天期公債,追蹤美債 7-10 年期指數，波動性介於長短債之間。,https://www.fubon.com/asset-management/,2026-05-10
00696B.TWO,富邦美債20年,債券市場,長天期公債,追蹤彭博美國政府 20+ 年期債券指數，對利率極為敏感。,https://www.fubon.com/asset-management/,2026-05-10
00697B.TWO,元大美債7-10,債券市場,中天期公債,追蹤美債 7-10 年期指數，提供中等存續期間之債券配置。,https://www.yuantafunds.com/,2026-05-10
00700.TW,富邦恒生國企,區域配置,港股藍籌,追蹤恒生中國企業指數，包含在香港上市的大型中國企業。,https://www.fubon.com/asset-management/,2026-05-10
00701.TW,國泰股利精選30,收益策略,低波動高股息,篩選現金股利穩定且股價波動較低之 30 檔台股。,https://www.cathayholdings.com/at/,2026-05-10
00702.TW,國泰標普低波高息,收益策略,全全球低波高息,追蹤 S&P 500 低波動高股息指數，分散投資於美國優質標的。,https://www.cathayholdings.com/at/,2026-05-10
00703.TW,台新MSCI中國,區域配置,A股寬基,追蹤 MSCI 中國指數，涵蓋 A 股、H 股及海外掛牌中概股。,https://www.tsit.com.tw/,2026-05-10
00706L.TW,期元大S&P日圓正2,外匯市場,槓桿型日圓,追蹤日圓兌美元匯率單日正向 2 倍表現。,https://www.yuantafunds.com/,2026-05-10
00707R.TW,期元大S&P日圓反1,外匯市場,反向型日圓,追蹤日圓兌美元匯率單日反向 1 倍表現。,https://www.yuantafunds.com/,2026-05-10
00708L.TW,期元大S&P黃金正2,商品能源,槓桿型黃金,追蹤黃金期貨單日正向 2 倍表現。,https://www.yuantafunds.com/,2026-05-10
00709.TW,富邦歐洲,區域配置,歐股寬基,追蹤歐洲 STOXX 600 指數，反映歐洲市場整體動態。,https://www.fubon.com/asset-management/,2026-05-10
00710B.TW,復華彭博非投等債,債券市場,高收益債,追蹤非投資等級公司債指數，追求較高配息收益。,https://www.fhtrust.com.tw/,2026-05-10
00711B.TW,復華彭博新興債,債券市場,新興市場債,追蹤新興市場美元計價債券，涵蓋多國政府及公司債。,https://www.fhtrust.com.tw/,2026-05-10
00712.TW,復華富時不動產,房地產建築,美國抵押貸款 REITs,追蹤富時北美抵押貸款不動產投資信託指數，具高息特性。,https://www.fhtrust.com.tw/,2026-05-10
00713.TW,元大台灣高息低波,收益策略,低波動高股息,結合高股息、營運品質與低波動因子，適合作為長期存股標的。,https://www.yuantafunds.com/,2026-05-10
00714.TW,群益道瓊美國地產,房地產建築,美國權益型 REITs,追蹤道瓊美國房地產指數，涵蓋住宅、辦公、物流等 REITs。,https://www.capitalfund.com.tw/,2026-05-10
00715L.TW,期街口布蘭特正2,商品能源,槓桿型原油,追蹤布蘭特原油期貨單日正向 2 倍表現，波動極大。,https://www.jkofunds.com.tw/,2026-05-10
00717.TW,富邦美國特別股,資產管理,美國特別股,追蹤標普美國特別股指數，具股債混合特性，息率較高。,https://www.fubon.com/asset-management/,2026-05-10
00719B.TWO,元大美債1-3,債券市場,短天期公債,追蹤 1-3 年期美債，風險極低，多作為短期資金配置。,https://www.yuantafunds.com/,2026-05-10
00720B.TWO,元大投資級公司債,債券市場,投資等級公司債,追蹤彭博 20 年期以上投資等級公司債指數。,https://www.yuantafunds.com/,2026-05-10
00722B.TWO,群益投資級電信債,通訊傳播,電信債券,鎖定全球電信業發行之投資等級債券，現金流穩定。,https://www.capitalfund.com.tw/,2026-05-10
00723B.TWO,群益投資級科技債,核心科技板塊,科技公司債,投資全球科技巨頭發行之投資等級債券。,https://www.capitalfund.com.tw/,2026-05-10
00724B.TWO,群益投資級金融債,金融服務,金融公司債,投資全球大型金融機構發行之投資等級債券。,https://www.capitalfund.com.tw/,2026-05-10
00725B.TWO,國泰投資級公司債,債券市場,投資等級公司債,追蹤彭博 10 年期以上投資等級 BBB 公司債指數。,https://www.cathayholdings.com/at/,2026-05-10
00726B.TWO,國泰新興投等債,債券市場,新興投資等級債,鎖定新興市場國家中信用評等佳之主權或公司債。,https://www.cathayholdings.com/at/,2026-05-10
00727B.TWO,國泰優選非投等債,債券市場,高收益債,追蹤彭博優選非投資等級債券指數。,https://www.cathayholdings.com/at/,2026-05-10
00728.TW,第一金工業30,核心寬基,工業龍頭,追蹤臺灣工業指數，選取獲利佳且具成長性之 30 檔工業股。,https://www.fsitc.com.tw/,2026-05-10
00730.TW,富邦臺灣優質高息,收益策略,高殖利率股,篩選符合財務結構穩定且配息優良之台股標的。,https://www.fubon.com/asset-management/,2026-05-10
00731.TW,復華富時高息低波,收益策略,低波動高股息,結合高股息與低波動策略，聚焦台股大型權值標的。,https://www.fhtrust.com.tw/,2026-05-10
00733.TW,富邦臺灣中小,核心寬基,中小動能股,追蹤臺灣指數公司中小型 A 股動能指數，爆發力強。,https://www.fubon.com/asset-management/,2026-05-10
00734B.TWO,台新JPM新興債,債券市場,新興市場債,追蹤摩根大通新興市場本國貨幣債券指數。,https://www.tsit.com.tw/,2026-05-10
00735.TW,國泰臺韓科技,核心科技板塊,台韓領先科技,結合台韓兩地科技龍頭（如台積電、三星），鎖定半導體優勢。,https://www.cathayholdings.com/at/,2026-05-10
00736.TW,國泰新興市場,區域配置,新興市場寬基,追蹤 MSCI 新興市場指數，分散投資於全球新興經濟體。,https://www.cathayholdings.com/at/,2026-05-10
00737.TW,國泰AI機器人,核心科技板塊,AI 與自動化,鎖定全球人工智慧、機器人組裝、感知元件等相關企業。,https://www.cathayholdings.com/at/,2026-05-10
00738U.TW,期元大道瓊白銀,商品能源,白銀期貨,追蹤道瓊白銀期貨指數，反映國際白銀現貨波動。,https://www.yuantafunds.com/,2026-05-10
00739.TW,元大MSCI A股,區域配置,A 股寬基,追蹤 MSCI 中國 A 股指數，為外資進入 A 股市場的參考標準。,https://www.yuantafunds.com/,2026-05-10
00740B.TWO,富邦全球投等債,債券市場,投資等級債,投資全球範圍內信評佳之投資等級債券。,https://www.fubon.com/asset-management/,2026-05-10
00741B.TWO,富邦全球非投等債,債券市場,高收益債,投資全球範圍內之非投資等級債券。,https://www.fubon.com/asset-management/,2026-05-10
00746B.TWO,富邦A級公司債,債券市場,A 級投資等級債,鎖定信評 A 以上之公司債，提供較高的安全性。,https://www.fubon.com/asset-management/,2026-05-10
00749B.TWO,凱基新興債10+,債券市場,長天期新興債,鎖定 10 年期以上之新興市場美元債券。,https://www.kgifund.com.tw/,2026-05-10
00750B.TWO,凱基科技債10+,核心科技板塊,長天期科技債,鎖定 10 年期以上之全球科技產業投資等級債。,https://www.kgifund.com.tw/,2026-05-10
00751B.TWO,元大AAA至A公司債,債券市場,高信評公司債,投資全球大型企業中信評達 AAA 至 A 級之公司債，防禦性強。,https://www.yuantafunds.com/,2026-05-10
00752.TW,中信中國50,區域配置,港美中概股,追蹤 MSCI 中國外資自由投資 50 指數，鎖定新經濟龍頭（如騰訊、美團）。,https://www.ctbcbank.com/,2026-05-10
00753L.TW,中信中國50正2,槓桿策略,雙倍槓桿中概股,追蹤 MSCI 中國 50 指數單日正向 2 倍表現，參與新經濟成長。,https://www.ctbcbank.com/,2026-05-10
00754B.TWO,群益AAA-AA公司債,債券市場,極高信評公司債,鎖定全球信評最高的 AA 級以上公司債。,https://www.capitalfund.com.tw/,2026-05-10
00755B.TWO,群益投資級公用債,公用事業,電力水務債,鎖定全球公用事業發行之投資等級債券，受景氣波動影響小。,https://www.capitalfund.com.tw/,2026-05-10
00756B.TWO,群益投等新興公債,債券市場,新興主權債,鎖定新興市場國家之投資等級主權債。,https://www.capitalfund.com.tw/,2026-05-10
00757.TW,統一FANG+,核心科技板塊,科技巨頭,鎖定 10 檔全球頂尖科技巨頭（如 NVIDIA、Apple、Meta），極具進攻性。,https://www.upro.com.tw/,2026-05-10
00758B.TWO,復華能源債,商品能源,能源公司債,投資全球大型能源、石油與天然氣企業發行之公司債。,https://www.fhtrust.com.tw/,2026-05-10
00759B.TWO,復華製藥債,醫療保健,製藥產業債,鎖定全球大型製藥與生醫企業發行之公司債。,https://www.fhtrust.com.tw/,2026-05-10
00760B.TWO,復華新興企業債,債券市場,新興公司債,投資新興市場中具有競爭力之企業債。,https://www.fhtrust.com.tw/,2026-05-10
00761B.TWO,國泰A級公司債,債券市場,A 級投資等級債,鎖定彭博 10 年期以上 A 等級公司債指數。,https://www.cathayholdings.com/at/,2026-05-10
00762.TW,元大全球AI,核心科技板塊,人工智慧,追蹤 STOXX 全球人工智慧指數，涵蓋算力、演算法與大數據企業。,https://www.yuantafunds.com/,2026-05-10
00763U.TW,期街口道瓊銅,商品能源,工業金屬,追蹤道瓊銅期貨指數，反映工業需求與全球景氣。,https://www.jkofunds.com.tw/,2026-05-10
00764B.TWO,群益25年美債,債券市場,超長天期公債,追蹤 25 年期以上美債，為目前市場上存續期間最長的債券 ETF 之一。,https://www.capitalfund.com.tw/,2026-05-10
00768B.TWO,復華20年美債,債券市場,長天期公債,提供另一種長天期美債的投資管道。,https://www.fhtrust.com.tw/,2026-05-10
00770.TW,國泰北美科技,核心科技板塊,北美科技成長,追蹤標普北美科技指數，專注於美國與加拿大的軟硬體企業。,https://www.cathayholdings.com/at/,2026-05-10
00771.TW,元大US高息特別股,資產管理,美國特別股,追蹤標普美國高息特別股指數，側重高股息現金流。,https://www.yuantafunds.com/,2026-05-10
00772B.TWO,中信高評級公司債,債券市場,月配息公司債,追蹤彭博 10 年期以上高評級公司債，採「月配息」機制。,https://www.ctbcbank.com/,2026-05-10
00773B.TWO,中信優先金融債,金融服務,金融債券,追蹤彭博 10 年期以上優先順位金融債，安全性高且月配息。,https://www.ctbcbank.com/,2026-05-10
00775B.TW,新光投等債15+,債券市場,中長天期公司債,鎖定 15 年期以上投資等級公司債。,https://www.skit.com.tw/,2026-05-10
00777B.TWO,凱基AAA至A公司債,債券市場,高信評公司債,鎖定全球大型高信評企業債券。,https://www.kgifund.com.tw/,2026-05-10
00778B.TWO,凱基金融債20+,金融服務,長天期金融債,投資全球大型銀行發行之 20 年期以上債券。,https://www.kgifund.com.tw/,2026-05-10
00779B.TWO,凱基美債25+,債券市場,超長天期公債,參與美債 25 年期以上之價格波動。,https://www.kgifund.com.tw/,2026-05-10
00780B.TWO,國泰A級金融債,金融服務,金融債券,鎖定信評 A 等級以上之全球金融機構債。,https://www.cathayholdings.com/at/,2026-05-10
00781B.TWO,國泰A級科技債,核心科技板塊,科技公司債,投資信評 A 等級以上之全球科技龍頭債。,https://www.cathayholdings.com/at/,2026-05-10
00782B.TWO,國泰A級公用債,公用事業,公用事業債,鎖定信評 A 等級以上之公用事業公司債。,https://www.cathayholdings.com/at/,2026-05-10
00783.TW,富邦中証500,區域配置,中國中盤股,追蹤中証 500 指數，鎖定中國 A 股最具代表性的中型成長股。,https://www.fubon.com/asset-management/,2026-05-10
00785B.TWO,富邦金融投等債,金融服務,金融債券,鎖定金融產業投資等級公司債。,https://www.fubon.com/asset-management/,2026-05-10
00786B.TWO,元大10年IG銀行債,金融服務,銀行債,鎖定 10 年期以上全球銀行業投資等級債。,https://www.yuantafunds.com/,2026-05-10
00787B.TWO,元大10年IG醫療債,醫療保健,醫療債,鎖定 10 年期以上全球醫療產業投資等級債。,https://www.yuantafunds.com/,2026-05-10
00788B.TWO,元大10年IG電能債,公用事業,能源電能債,鎖定 10 年期以上全球公用電能產業投資等級債。,https://www.yuantafunds.com/,2026-05-10
00789B.TWO,復華公司債A3,債券市場,A級公司債,鎖定彭博 10 年期以上 A3 等級以上公司債。,https://www.fhtrust.com.tw/,2026-05-10
00791B.TWO,復華信用債1-5,債券市場,短期信用債,鎖定 1-5 年期短期投資等級信用債。,https://www.fhtrust.com.tw/,2026-05-10
00792B.TWO,群益A級公司債,債券市場,A 級投資等級債,投資全球 10 年期以上 A 級投資等級債。,https://www.capitalfund.com.tw/,2026-05-10
00793B.TWO,群益AAA-A醫療債,醫療保健,醫療債,鎖定 AAA 至 A 級之醫療產業債券。,https://www.capitalfund.com.tw/,2026-05-10
00795B.TWO,中信美國公債20年,債券市場,長天期公債,中信推出的長天期美債工具。,https://www.ctbcbank.com/,2026-05-10
00799B.TWO,國泰A級醫療債,醫療保健,醫療債,鎖定 A 等級以上全球醫療產業債券。,https://www.cathayholdings.com/at/,2026-05-10
00830.TW,國泰費城半導體,核心科技板塊,半導體龍頭,追蹤費城半導體指數 (SOX)，包含台積電 ADR、NVIDIA、Intel 等。,https://www.cathayholdings.com/at/,2026-05-10
00834B.TWO,第一金金融債10+,金融服務,金融債券,鎖定 10 年期以上全球金融機構債。,https://www.fsitc.com.tw/,2026-05-10
00836B.TWO,永豐10年A公司債,債券市場,A 級投資等級債,鎖定 10 年期以上 A 級投資等級公司債。,https://sitc.sinopac.com/,2026-05-10
00840B.TWO,凱基IG精選15+,債券市場,中長天期公司債,鎖定 15 年期以上之全球投資等級精選公司債。,https://www.kgifund.com.tw/,2026-05-10
00841B.TWO,凱基AAA-AA公司債,債券市場,極高信評公司債,投資全球最高信用等級（AA級以上）之企業債券。,https://www.kgifund.com.tw/,2026-05-10
00842B.TWO,台新美元銀行債,金融服務,銀行公司債,鎖定美元計價之全球大型銀行發行之債券。,https://www.tsit.com.tw/,2026-05-10
00844B.TWO,新光15年IG金融債,金融服務,長天期金融債,投資 15 年期以上之全球金融機構投資等級債券。,https://www.skit.com.tw/,2026-05-10
00845B.TWO,富邦新興投等債,債券市場,新興投資等級債,鎖定新興市場中具有投資等級信用評分之主權或公司債。,https://www.fubon.com/asset-management/,2026-05-10
00846B.TWO,富邦歐洲銀行債,金融服務,歐元銀行債,鎖定歐洲大型銀行發行之投資等級債券。,https://www.fubon.com/asset-management/,2026-05-10
00847B.TWO,中信美國市政債,債券市場,美國地方政府債,鎖定美國地方政府發行之市政債券，通常具有節稅與低違約特性。,https://www.ctbcbank.com/,2026-05-10
00848B.TWO,中信新興亞洲債,區域配置,亞洲債券,投資亞洲（除日本外）新興國家之投資等級債券。,https://www.ctbcbank.com/,2026-05-10
00849B.TWO,中信EM主權債0-5,債券市場,短期新興主權債,鎖定 5 年期以下之新興市場美元計價主權債，波動度較低。,https://www.ctbcbank.com/,2026-05-10
00850.TW,元大臺灣ESG永續,ESG 永續,台股 ESG 寬基,追蹤臺灣 ESG 永續指數，成分股類似 0050 但加入 ESG 評鑑篩選。,https://www.yuantafunds.com/,2026-05-10
00851.TW,台新全球AI,核心科技板塊,人工智慧,鎖定全球在 AI 演算法、數據處理及硬體設備領先之企業。,https://www.tsit.com.tw/,2026-05-10
00852L.TW,國泰美國道瓊正2,槓桿策略,美股槓桿,追蹤道瓊工業平均指數單日正向 2 倍表現。,https://www.cathayholdings.com/at/,2026-05-10
00853B.TWO,統一美債10年Aa-A,債券市場,高信評公司債,鎖定美國 10 年期以上信評介於 Aa 至 A 級之企業債。,https://www.upro.com.tw/,2026-05-10
00856B.TWO,永豐1-3年美公債,債券市場,短天期公債,鎖定美國 1-3 年期公債，適合作為現金緩衝工具。,https://sitc.sinopac.com/,2026-05-10
00857B.TWO,永豐20年美公債,債券市場,長天期公債,鎖定美國 20 年期以上公債，對利率變動敏感度高。,https://sitc.sinopac.com/,2026-05-10
00858.TWO,永豐美國500大,區域配置,美股寬基,鎖定美國市值前 500 大企業（非 S&P 500 指數，但特性相似）。,https://sitc.sinopac.com/,2026-05-10
00859B.TWO,群益0-1年美債,債券市場,超短天期公債,鎖定 1 年期以內之超短期美債，幾無利率風險，接近貨幣基金。,https://www.capitalfund.com.tw/,2026-05-10
00860B.TWO,群益1-5Y投資級債,債券市場,短中期公司債,鎖定 1-5 年期全球投資等級公司債。,https://www.capitalfund.com.tw/,2026-05-10
00861.TW,元大全球未來通訊,通訊傳播,5G 與電信,鎖定全球在 5G 基建、光通訊及通訊服務之龍頭企業。,https://www.yuantafunds.com/,2026-05-10
00862B.TWO,中信投資級公司債,債券市場,投資等級債,鎖定彭博 10 年期以上投資等級公司債指數。,https://www.ctbcbank.com/,2026-05-10
00863B.TWO,中信全球電信債,通訊傳播,電信公司債,鎖定全球電信服務龍頭發行之投資等級債。,https://www.ctbcbank.com/,2026-05-10
00864B.TWO,中信美國公債0-1,債券市場,超短天期公債,鎖定 1 年期以內之美國國庫券。,https://www.ctbcbank.com/,2026-05-10
00865B.TW,國泰US短期公債,債券市場,短天期公債,鎖定 1-3 年期美債，為資產配置中的防禦工具。,https://www.cathayholdings.com/at/,2026-05-10
00867B.TWO,新光A-BBB電信債,通訊傳播,電信公司債,鎖定 A 至 BBB 級之全球電信債券，利差相對較高。,https://www.skit.com.tw/,2026-05-10
00870B.TWO,元大15年EM主權債,債券市場,長天期新興債,鎖定 15 年期以上新興市場美元計價主權債。,https://www.yuantafunds.com/,2026-05-10
00875.TW,國泰網路資安,核心科技板塊,網路安全,鎖定全球專注於防火牆、終端防禦及雲端安全之企業。,https://www.cathayholdings.com/at/,2026-05-10
00876.TW,元大全球5G,通訊傳播,全球 5G 鏈,鎖定全球 5G 關鍵元件、設備及應用（排除中國標的）。,https://www.yuantafunds.com/,2026-05-10
00877.TWO,復華中國5G,區域配置,中國 5G 鏈,專注於中國境內的 5G 基建與通訊應用。,https://www.fhtrust.com.tw/,2026-05-10
00878.TW,國泰永續高股息,收益策略,ESG 高股息,台股國民 ETF，採季配息，篩選 ESG 評分高且股息收益佳之標的。,https://www.cathayholdings.com/at/,2026-05-10
00881.TW,國泰台灣科技龍頭,核心科技板塊,台灣 5G 科技,鎖定台灣半導體、5G 通訊及電動車供應鏈龍頭。,https://www.cathayholdings.com/at/,2026-05-10
00882.TW,中信中國高股息,區域配置,港股高息股,鎖定在香港掛牌且配息優良之中國國企與金融股。,https://www.ctbcbank.com/,2026-05-10
00883B.TWO,中信ESG投資級債,ESG 永續,ESG 債券,鎖定符合 ESG 篩選標準之全球投資等級公司債。,https://www.ctbcbank.com/,2026-05-10
00884B.TWO,中信低碳新興債,ESG 永續,低碳新興債,鎖定低碳排放特徵之新興市場美元債券。,https://www.ctbcbank.com/,2026-05-10
00885.TW,富邦越南,區域配置,越南市場,追蹤富時越南 30 指數，鎖定越南大型績優企業。,https://www.fubon.com/asset-management/,2026-05-10
00886.TWO,永豐美國科技,核心科技板塊,美國科技成長,鎖定美股市場中的科技成長型標的。,https://sitc.sinopac.com/,2026-05-10
00887.TWO,永豐中國科技50大,區域配置,中國科技股,鎖定中國 A 股中市值前 50 大科技領軍企業。,https://sitc.sinopac.com/,2026-05-10
00888.TWO,永豐台灣ESG,ESG 永續,台股 ESG 寬基,結合 ESG 與高股息因子之台股配置工具。,https://sitc.sinopac.com/,2026-05-10
00890B.TWO,凱基ESG BBB債15+,ESG 永續,長天期 ESG 債,鎖定 15 年期以上且符合 ESG 之 BBB 級債券。,https://www.kgifund.com.tw/,2026-05-10
00891.TW,中信關鍵半導體,核心科技板塊,台灣半導體鏈,專注於台灣半導體上中下游，如台積電、聯發科等。,https://www.ctbcbank.com/,2026-05-10
00892.TW,富邦台灣半導體,核心科技板塊,台灣半導體鏈,另一款專注於台灣半導體產業鏈的配置工具。,https://www.fubon.com/asset-management/,2026-05-10
00893.TW,國泰智能電動車,核心科技板塊,電動車產業鏈,全球首檔純電動車 ETF，鎖定 NVIDIA、Tesla 等上中下游龍頭。,https://www.cathayholdings.com/at/,2026-05-10
00894.TW,中信小資高價30,收益策略,高價成長股,鎖定台股高價位（如千金股）且具成長潛力之 30 檔標的。,https://www.ctbcbank.com/,2026-05-10
00895.TW,富邦未來車,核心科技板塊,自動駕駛與電能,除了電動車硬體，更納入自動駕駛軟體與共乘服務巨頭。,https://www.fubon.com/asset-management/,2026-05-10
00896.TW,中信綠能及電動車,ESG 永續,台灣綠能科技,鎖定台灣特有的綠能、電動車及半導體供應鏈。,https://www.ctbcbank.com/,2026-05-10
00897.TW,富邦基因免疫生技,醫療保健,精準醫療,鎖定全球基因編輯、免疫療法等前衛生技企業。,https://www.fubon.com/asset-management/,2026-05-10
00898.TW,國泰基因免疫革命,醫療保健,精準醫療,鎖定全球與人類基因組學相關的醫療創新科技。,https://www.cathayholdings.com/at/,2026-05-10
00899.TW,FT潔淨能源,商品能源,再生能源,追蹤標普全球潔淨能源指數，投資風力、太陽能等再生能源。,https://www.ftft.com.tw/,2026-05-10
00900.TW,富邦特選高股息30,收益策略,滾動高股息,每年 3 次大換股，旨在精準捕捉台股各季配息之最高息標的。,https://www.fubon.com/asset-management/,2026-05-10
00901.TW,永豐智能車供應鏈,核心科技板塊,台灣電動車,專注於台灣在電動車感測器、動力系統等供應鏈優勢。,https://sitc.sinopac.com/,2026-05-10
00902.TW,中信電池及儲能,核心科技板塊,電池技術,鎖定全球電池芯、電解液與原材料（如鋰、鈷）供應商。,https://www.ctbcbank.com/,2026-05-10
00903.TW,富邦元宇宙,核心科技板塊,數位娛樂與運算,鎖定 AR/VR、區塊鏈及雲端運算等元宇宙基礎設施。,https://www.fubon.com/asset-management/,2026-05-10
00904.TW,新光臺灣半導體30,核心科技板塊,台灣半導體,鎖定台股前 30 大半導體市值標的，產業純度高。,https://www.skit.com.tw/,2026-05-10
00905.TW,FT臺灣Smart,區域配置,台灣多因子,結合價值、品質與動能等因子進行選股的多因子台股工具。,https://www.ftft.com.tw/,2026-05-10
00907.TW,永豐優息存股,收益策略,低波高股息,排除電子股，鎖定穩定配息且波動較低的傳產與金融股。,https://sitc.sinopac.com/,2026-05-10
00908.TW,富邦入息REITs+,資產管理,全球不動產,投資全球高配息的不動產投資信託 (REITs)。,https://www.fubon.com/asset-management/,2026-05-10
00909.TW,國泰數位支付服務,核心科技板塊,金融科技與區塊鏈,鎖定數位支付、發卡公司及區塊鏈相關產業標的。,https://www.cathayholdings.com/at/,2026-05-10
00910.TW,第一金太空衛星,核心科技板塊,太空經濟,鎖定全球衛星通訊、低軌衛星及航太相關產業。,https://www.fsitc.com.tw/,2026-05-10
00911.TW,兆豐洲際半導體,核心科技板塊,半導體龍頭,追蹤洲際半導體指數 (ICE)，成分股類似費半但權重編制不同。,https://www.megafunds.com.tw/,2026-05-10
00912.TW,中信臺灣智慧50,區域配置,台灣權值,結合多因子篩選的台股 50 大權值股。,https://www.ctbcbank.com/,2026-05-10
00913.TW,兆豐台灣晶圓製造,核心科技板塊,台灣晶圓製造,專注於台灣具備全球領先優勢的晶圓代工與封測廠。,https://www.megafunds.com.tw/,2026-05-10
00915.TW,凱基優選高股息30,收益策略,低波高股息,兼顧高股息與低波動篩選，為近期績效表現優異的標的。,https://www.kgifund.com.tw/,2026-05-10
00916.TW,國泰全球品牌50,區域配置,品牌消費,鎖定具有強大品牌溢價能力的全球 50 大企業（如 LVMH）。,https://www.cathayholdings.com/at/,2026-05-10
00917.TW,中信特選金融,金融服務,全球金融龍頭,鎖定全球證券、投行、支付系統等多元金融標的。,https://www.ctbcbank.com/,2026-05-10
00918.TW,大華優利高填息30,收益策略,高填息高股息,選取歷史填息機率高的高股息企業，避免「領息賠價差」。,https://www.uobam.com.tw/,2026-05-10
00919.TW,群益台灣精選高息,收益策略,預測型高息,每年 5 月依實際宣告股利率選股，12 月則依預估成長性調倉。,https://www.capitalfund.com.tw/,2026-05-10
00920.TW,富邦ESG綠色電力,ESG 永續,綠色電力,全球化投資在太陽能、風能等發電與配電鏈中領先之標的。,https://www.fubon.com/asset-management/,2026-05-10
00921.TW,兆豐龍頭等權重,區域配置,台灣產業龍頭,挑選台股各產業龍頭並以「等權重」方式配置。,https://www.megafunds.com.tw/,2026-05-10
00922.TW,國泰台灣領袖50,區域配置,低碳權值股,結合低碳與獲利能力篩選的台股領袖級企業。,https://www.cathayholdings.com/at/,2026-05-10
00923.TW,群益台ESG低碳50,ESG 永續,台灣低碳 50,鎖定獲利優異且碳密度低、受惠於碳權紅利之大盤標的。,https://www.capitalfund.com.tw/,2026-05-10
00924.TW,復華S&P500成長,區域配置,美股成長股,鎖定標普 500 指數中成長因子最強的企業。,https://www.fhtrust.com.tw/,2026-05-10
00926.TW,凱基全球菁英55,區域配置,全球多因子,鎖定全球 11 大產業中表現最卓越的 55 檔菁英企業。,https://www.kgifund.com.tw/,2026-05-10
00927.TW,群益半導體收益,核心科技板塊,半導體高股息,兼顧半導體產業的成長力與穩定配息之台灣標的。,https://www.capitalfund.com.tw/,2026-05-10
00928.TWO,中信上櫃ESG 30,區域配置,上櫃成長股,專注於上櫃市場中符合 ESG 篩選的 30 檔成長龍頭。,https://www.ctbcbank.com/,2026-05-10
00929.TW,復華台灣科技優息,收益策略,月配息電子股,台股首檔月配息電子股 ETF，兼顧高息與電子產業成長性。,https://www.fhtrust.com.tw/,2026-05-10
00930.TW,永豐ESG低碳高息,ESG 永續,低碳高股息,台灣唯一兼具 ESG、低碳及高股息因子的選股工具。,https://sitc.sinopac.com/,2026-05-10
00931B.TWO,統一美債20年,債券市場,長天期公債,低單價進入美債市場的配置工具。,https://www.upro.com.tw/,2026-05-10
00932.TW,兆豐永續高息等權,收益策略,等權重高息,結合 ESG 與高息選股，並對成分股採等權重平衡配置。,https://www.megafunds.com.tw/,2026-05-10
00933B.TWO,國泰10Y+金融債,金融服務,月配息金融債,鎖定全球系統重要性銀行債，具備月配息特點。,https://www.cathayholdings.com/at/,2026-05-10
00934.TW,中信成長高股息,收益策略,成長高股息,兼顧高填息、高股息與股價成長性的月配息台股工具。,https://www.ctbcbank.com/,2026-05-10
00935.TW,野村臺灣新科技50,核心科技板塊,創新科技鏈,排除傳產與金融，專注於台灣具全球競爭力的 50 檔新科技標的。,https://www.nomurafunds.com.tw/,2026-05-10
00936.TW,台新永續高息中小,收益策略,中小型 ESG 高息,排除大型權值股，鎖定具成長潛力且具備 ESG 與高息特性的中小型股。,https://www.tsit.com.tw/,2026-05-10
00937B.TWO,群益ESG投等債20+,債券市場,長天期 ESG 債,鎖定 20 年期以上投資等級公司債，並加入 ESG 篩選與月配息機制。,https://www.capitalfund.com.tw/,2026-05-10
00938.TW,凱基優選30,收益策略,價值投資,採價值投資法，篩選低本益比、高獲利穩定度之台股企業。,https://www.kgifund.com.tw/,2026-05-10
00939.TW,統一台灣高息動能,收益策略,動能高股息,結合高息篩選與強勢股動能策略，旨在獲取息收與超額回報。,https://www.upro.com.tw/,2026-05-10
00940.TW,元大台灣價值高息,收益策略,巴菲特價值型,強調現金流、低負債及合理估值，引發全台認購風潮的月配息 ETF。,https://www.yuantafunds.com/,2026-05-10
00941.TW,中信上游半導體,核心科技板塊,半導體設備材料,鎖定全球半導體設備商與材料供應龍頭，如 ASML、應用材料。,https://www.ctbcbank.com/,2026-05-10
00942B.TWO,台新美A公司債20+,債券市場,長天期高信評債,鎖定美國 A 級以上之投資等級公司債。,https://www.tsit.com.tw/,2026-05-10
00943.TW,兆豐電子高息等權,核心科技板塊,電子高息等權,鎖定獲利穩定之電子股，並採等權重平衡各成分股影響。,https://www.megafunds.com.tw/,2026-05-10
00944.TW,野村趨勢動能高息,收益策略,動能高股息,結合「強勢陣容」動能指標與高息因子的台股工具。,https://www.nomurafunds.com.tw/,2026-05-10
00945B.TW,凱基美國非投等債,債券市場,美國非投等債,鎖定美國非投資等級債，追求較高的殖利率收益。,https://www.kgifund.com.tw/,2026-05-10
00946.TW,群益科技高息成長,核心科技板塊,科技高息成長,專注於台灣科技股，篩選外資認可、具獲利成長及高配息之標的。,https://www.capitalfund.com.tw/,2026-05-10
00947.TW,台新臺灣IC設計,核心科技板塊,IC 設計鏈,鎖定台灣具全球競爭力的 IC 設計產業鏈企業。,https://www.tsit.com.tw/,2026-05-10
00948B.TWO,中信優息投資級債,債券市場,收益型公司債,以 10 年期以上投資等級公司債為核心，強化收益表現。,https://www.ctbcbank.com/,2026-05-10
00949.TW,復華日本龍頭,區域配置,日本大型股,鎖定日本具備全球競爭力的龍頭企業，如豐田、索尼。,https://www.fhtrust.com.tw/,2026-05-10
00950B.TWO,凱基A級公司債,債券市場,中長天期公司債,鎖定中長天期 A 級投資等級公司債。,https://www.kgifund.com.tw/,2026-05-10
00951.TW,台新日本半導體,核心科技板塊,日本半導體,鎖定日本在半導體設備、材料領域具領先地位之企業。,https://www.tsit.com.tw/,2026-05-10
00952.TW,凱基台灣AI50,核心科技板塊,台灣 AI 鏈,鎖定台股中受惠於 AI 浪潮的 50 檔軟硬體服務標的。,https://www.kgifund.com.tw/,2026-05-10
00953B.TW,群益優選非投等債,債券市場,非投資等級債,鎖定全球非投資等級債券，透過信用指標篩選優質標的。,https://www.capitalfund.com.tw/,2026-05-10
00954.TW,中信日本半導體,核心科技板塊,日本半導體,另一款聚焦日本半導體上游設備與材料的配置工具。,https://www.ctbcbank.com/,2026-05-10
00955.TWO,中信日本商社,區域配置,日本五大商社,鎖定巴菲特偏好的日本綜合商社，具備多元獲利與穩定特性。,https://www.ctbcbank.com/,2026-05-10
00956.TW,中信日經高股息,區域配置,日本高息股,挑選日經 225 成分股中配息較高之 30 檔標的。,https://www.ctbcbank.com/,2026-05-10
00957B.TWO,兆豐US優選投等債,債券市場,美國公司債,優選美國市場中信用穩健之投資等級債券。,https://www.megafunds.com.tw/,2026-05-10
00958B.TWO,永豐ESG銀行債15+,金融服務,長天期金融債,鎖定 15 年期以上且符合 ESG 標準之全球銀行債。,https://sitc.sinopac.com/,2026-05-10
00959B.TWO,大華投等美債15Y+,債券市場,長天期美債,鎖定 15 年期以上美國投資等級債。,https://www.uobam.com.tw/,2026-05-10
00960.TW,野村全球航運龍頭,通訊傳播,全球航運鏈,鎖定全球貨櫃、散裝、能源運輸之航運龍頭。,https://www.nomurafunds.com.tw/,2026-05-10
00961.TW,FT臺灣永續高息,ESG 永續,台股 ESG 高息,結合 ESG 與高息優選的台股投資工具。,https://www.ftft.com.tw/,2026-05-10
00962.TW,台新AI優息動能,核心科技板塊,AI 高息成長,結合 AI 主題與高息因子的新一代配置工具。,https://www.tsit.com.tw/,2026-05-10
00963.TW,中信全球高股息,收益策略,全球高息股,鎖定全球主要已開發國家的優質高配息企業。,https://www.ctbcbank.com/,2026-05-10
00964.TW,中信亞太高股息,區域配置,亞太高息股,鎖定亞太地區（如台、港、星、澳）的高股息標的。,https://www.ctbcbank.com/,2026-05-10
00965.TW,元大航太防衛科技,核心科技板塊,航太與國防,鎖定全球國防工業、商用航太與衛星通訊龍頭標的。,https://www.yuantafunds.com/,2026-05-10
00966B.TWO,統一ESG投等債15+,ESG 永續,長天期 ESG 債,鎖定 15 年期以上且符合 ESG 篩選之投等債。,https://www.upro.com.tw/,2026-05-10
00967B.TWO,元大優息美債,債券市場,收益型美債,以美國公債為核心，強化配息頻率或收益率。,https://www.yuantafunds.com/,2026-05-10
00968B.TWO,元大優息投等債,債券市場,收益型公司債,優化全球投資等級公司債的收益結構。,https://www.yuantafunds.com/,2026-05-10
00969B.TWO,元大零息超長美債,債券市場,零息美債,鎖定 25 年期以上零息美債，對利率變動具極高敏感度。,https://www.yuantafunds.com/,2026-05-10
00970B.TWO,新光BBB投等債20+,債券市場,長天期 BBB 債,鎖定長天期 BBB 級公司債，追求較佳利差收益。,https://www.skit.com.tw/,2026-05-10
00971.TW,野村美國研發龍頭,核心科技板塊,研發投入鏈,鎖定美國高度投入 R&D 之創新領導企業。,https://www.nomurafunds.com.tw/,2026-05-10
00972.TW,野村日本動能高息,區域配置,日本動能高息,結合日本市場動能指標與高息篩選。,https://www.nomurafunds.com.tw/,2026-05-10
009800.TW,中信NASDAQ,核心科技板塊,美國科技指數,直接追蹤那斯達克 100 指數。,https://www.ctbcbank.com/,2026-05-10
009801.TW,中信美國創新科技,核心科技板塊,美國成長股,鎖定美國最具破壞式創新能力的科技龍頭。,https://www.ctbcbank.com/,2026-05-10
009802.TW,富邦旗艦50,區域配置,台灣核心權值,鎖定台股最具代表性之 50 檔藍籌企業。,https://www.fubon.com/asset-management/,2026-05-10
009803.TW,玉山市值動能50,區域配置,台灣權值動能,結合市值規模與股價動能因子，篩選台股前 50 大強勢標的。,https://www.esunbank.com.tw/,2026-05-10
009804.TW,聯邦台精彩50,區域配置,台灣核心權值,鎖定台股具備長期競爭力與穩定獲利能力的 50 檔精選標的。,https://www.usitc.com.tw/,2026-05-10
009805.TW,新光美國電力基建,商品能源,美國電力建設,鎖定美國能源轉型下的電力設備、電網優化及基建龍頭。,https://www.skit.com.tw/,2026-05-10
009806.TWO,台新標普500,區域配置,美國大盤,追蹤 S&P 500 指數，提供投資美國大型企業的標準工具。,https://www.tsit.com.tw/,2026-05-10
009807.TWO,台新標普科技精選,核心科技板塊,美國科技股,鎖定標普 500 指數中的資訊科技板塊，如 Apple、Microsoft。,https://www.tsit.com.tw/,2026-05-10
009808.TW,華南永昌優選50,區域配置,台灣核心權值,透過多重財務指標優選台股 50 檔優質大型企業。,https://www.entrust.com.tw/,2026-05-10
009809.TW,富邦淨零ESG50,ESG 永續,低碳台灣權值,鎖定台股 50 大市值股中，積極執行淨零減碳目標之企業。,https://www.fubon.com/asset-management/,2026-05-10
00980A.TW,主動野村臺灣優選,主動型 ETF,台股主動選股,野村投信首檔主動型 ETF，由經理人視市況調整配置以追求超額收益。,https://www.nomurafunds.com.tw/,2026-05-10
00980B.TWO,台新特選IG債10+,債券市場,投資等級債,鎖定 10 年期以上投資等級公司債券。,https://www.tsit.com.tw/,2026-05-10
00980D.TWO,主動聯博投等入息,主動型 ETF,全球債券主動型,聯博專業團隊主動操作之投資等級債券 ETF，強化收益品質。,https://www.abfunds.com.tw/,2026-05-10
00980T.TWO,平衡凱基美國TOP,資產管理,美股平衡型,結合美國大型股與債券配置，動態調整權重以分散風險。,https://www.kgifund.com.tw/,2026-05-10
009810.TW,玉山全球藍籌100,區域配置,全球大型股,鎖定全球市場中最具規模與獲利能力的 100 檔藍籌企業。,https://www.esunbank.com.tw/,2026-05-10
009811.TW,統一美國50,區域配置,美國核心權值,鎖定美國市值最大、最具市場代表性的 50 檔旗艦企業。,https://www.upro.com.tw/,2026-05-10
009812.TW,野村日本東證,區域配置,日本大盤,追蹤東證指數 (TOPIX)，廣泛涵蓋日本股市表現。,https://www.nomurafunds.com.tw/,2026-05-10
009813.TW,貝萊德標普卓越50,區域配置,美國精選權值,貝萊德（BlackRock）推出的美國標普 50 檔卓越企業 ETF。,https://www.blackrock.com/tw,2026-05-10
009814.TWO,富邦標普500,區域配置,美國大盤,投資美國標普 500 指數的另一選擇（上櫃版本）。,https://www.fubon.com/asset-management/,2026-05-10
009815.TWO,大華美國MAG7+,核心科技板塊,美國科技巨頭,聚焦美國「絕地七雄」(Magnificent 7) 及其相關創新領導者。,https://www.uobam.com.tw/,2026-05-10
009816.TW,凱基台灣TOP50,區域配置,台灣核心權值,鎖定台股最具代表性的 50 檔市值龍頭。,https://www.kgifund.com.tw/,2026-05-10
009817.TW,國泰日本不動產,資產管理,日本 REITs,鎖定日本市場之不動產投資信託 (REITs)，適合領息族。,https://www.cathayholdings.com/at/,2026-05-10
009818.TW,華南永昌NASDAQxT,核心科技板塊,那斯達克科技,追蹤那斯達克相關科技指數，強化特定成長因子。,https://www.entrust.com.tw/,2026-05-10
009819.TW,中信數據及電力,核心科技板塊,基礎設施與能源,鎖定 AI 時代所需的數據中心基礎設施與穩定電力供應。,https://www.ctbcbank.com/,2026-05-10
00981A.TW,主動統一台股增長,主動型 ETF,台股主動選股,統一投信專業團隊主動操盤，旨在挖掘台股高增長潛力股。,https://www.upro.com.tw/,2026-05-10
00981B.TWO,第一金優選非投債,債券市場,非投資等級債,優選信用違約風險較低、殖利率較佳的非投資等級債券。,https://www.fsitc.com.tw/,2026-05-10
00981D.TWO,主動中信非投等債,主動型 ETF,債券主動型,主動式管理的非投資等級債券 ETF，追求穩定收息。,https://www.ctbcbank.com/,2026-05-10
00981T.TW,平衡凱基雙核收息,資產管理,台灣平衡型,透過台股股債組合，提供兼具抗跌與領息特性的資產工具。,https://www.kgifund.com.tw/,2026-05-10
009820.TW,元大納斯達克精選,核心科技板塊,美國科技股,從那斯達克指數中優選特定財務或動能指標之標的。,https://www.yuantafunds.com/,2026-05-10
00982A.TW,主動群益台灣強棒,主動型 ETF,台股主動選股,群益明星經理人團隊主動選股，鎖定強勢台股標的。,https://www.capitalfund.com.tw/,2026-05-10
00982B.TWO,FT投資級債20+,債券市場,長天期投等債,鎖定全球 20 年期以上投資等級公司債。,https://www.ftft.com.tw/,2026-05-10
00982D.TW,主動富邦動態入息,主動型 ETF,全球平衡主動型,主動式配置全球多元資產，動態優化配息與報酬平衡。,https://www.fubon.com/asset-management/,2026-05-10
00982T.TW,平衡兆豐台美動能,資產管理,台美雙效平衡,結合台灣與美國市場的股債配置，強化全球風險分散。,https://www.megafunds.com.tw/,2026-05-10
00983A.TW,主動中信ARK創新,主動型 ETF,全球創新科技,中信與 ARK（女股神）合作之主動型 ETF，主打破壞式創新。,https://www.ctbcbank.com/,2026-05-10
00983B.TWO,大華優利美公債20,債券市場,長天期美債,鎖定 20 年期以上美國公債。,https://www.uobam.com.tw/,2026-05-10
00983D.TW,主動富邦複合收益,主動型 ETF,債券主動型,多元配置各類債券資產，由專業經理人進行戰術性調整。,https://www.fubon.com/asset-management/,2026-05-10
00984A.TW,主動安聯台灣高息,主動型 ETF,台股高息主動型,安聯專業團隊（旗艦台股基金背景）主動篩選台股高息成長股。,https://www.allianzgi.com.tw/,2026-05-10
00984B.TWO,大華優利美A債15,債券市場,長天期 A 級債,鎖定 15 年期以上美國 A 級投資等級債。,https://www.uobam.com.tw/,2026-05-10
00984D.TW,主動聯博全球非投,主動型 ETF,全球債券主動型,聯博專業操作之全球非投資等級債券 ETF。,https://www.abfunds.com.tw/,2026-05-10
00985A.TW,主動野村台灣50,主動型 ETF,核心權值主動型,野村團隊針對大型權值股進行主動式優化配置。,https://www.nomurafunds.com.tw/,2026-05-10
00985B.TW,群益ESG投等債0-5,債券市場,短天期 ESG 債,鎖定 5 年期以內投資等級公司債，波動相對穩定。,https://www.capitalfund.com.tw/,2026-05-10
00985D.TWO,主動貝萊德優投等,主動型 ETF,債券主動型,貝萊德（BlackRock）全球團隊操作之主動型投資等級債。,https://www.blackrock.com/tw,2026-05-10
00986A.TW,主動台新龍頭成長,主動型 ETF,台股主動選股,台新投信專業團隊主動操作，鎖定具成長性之產業龍頭。,https://www.tsit.com.tw/,2026-05-10
00986B.TWO,FT金融債10+,債券市場,長天期金融債,鎖定全球 10 年期以上投資等級金融產業債券。,https://www.ftft.com.tw/,2026-05-10
00986D.TWO,主動復華金融債息,主動型 ETF,債券主動型,由復華專業團隊主動操盤，鎖定全球具收益潛力之金融債。,https://www.fhtrust.com.tw/,2026-05-10
00987A.TW,主動台新優勢成長,主動型 ETF,台股主動選股,主動式策略選股，鎖定台股中具備長期優勢的成長企業。,https://www.tsit.com.tw/,2026-05-10
00987B.TWO,野村10+澳洲公債,債券市場,非美公債,鎖定 10 年期以上澳洲政府公債，分散單一貨幣風險。,https://www.nomurafunds.com.tw/,2026-05-10
00988A.TW,主動統一全球創新,主動型 ETF,全球主動選股,鎖定全球最具創新力之科技與消費龍頭，主動靈活配置。,https://www.upro.com.tw/,2026-05-10
00988B.TWO,玉山嚴選非投債,債券市場,非投資等級債,透過信用過濾篩選風險相對可控的高殖利率債券。,https://www.esunbank.com.tw/,2026-05-10
00989A.TW,主動摩根美國科技,主動型 ETF,美股主動選股,由摩根（J.P. Morgan）團隊操作，鎖定美國科技成長股。,https://www.jpmorgan.com/tw/am/,2026-05-10
00989B.TWO,台新美國非投等債,債券市場,美國非投等債,聚焦美國企業發行之高收益債券，追求息收增長。,https://www.tsit.com.tw/,2026-05-10
00990A.TW,主動元大AI新經濟,主動型 ETF,全球 AI 主題,鎖定 AI 軟硬體及應用端企業，經理人主動挖掘新經濟機會。,https://www.yuantafunds.com/,2026-05-10
00991A.TW,主動復華未來50,主動型 ETF,台股主動選股,鎖定台股未來 50 檔最具發展潛力之企業進行主動配置。,https://www.fhtrust.com.tw/,2026-05-10
00992A.TW,主動群益科技創新,主動型 ETF,台股科技主動型,專注於台灣科技產業的選股，透過主動管理獲取超額回報。,https://www.capitalfund.com.tw/,2026-05-10
00993A.TW,主動安聯台灣,主動型 ETF,台股主動選股,安聯明星團隊之旗艦級主動 ETF，鎖定台股全產業機會。,https://www.allianzgi.com.tw/,2026-05-10
00994A.TW,主動第一金台股優,主動型 ETF,台股主動選股,第一金團隊操作，鎖定台股優質價值與成長標的。,https://www.fsitc.com.tw/,2026-05-10
00995A.TW,主動中信台灣卓越,主動型 ETF,台股主動選股,選股邏輯聚焦卓越獲利能力與長期競爭優勢之台股。,https://www.ctbcbank.com/,2026-05-10
00996A.TW,主動兆豐台灣豐收,主動型 ETF,台股主動選股,結合高息與成長兩大主軸，由經理人靈活調整配置。,https://www.megafunds.com.tw/,2026-05-10
00997A.TW,主動群益美國增長,主動型 ETF,美股主動選股,鎖定美國市場中具備高度營收成長動能之領先企業。,https://www.capitalfund.com.tw/,2026-05-10
00998A.TWO,主動復華金融股息,主動型 ETF,台股金融主動型,專注於台灣金融業的息收與估值修復機會。,https://www.fhtrust.com.tw/,2026-05-10
1101.TW,台泥,基礎材料,水泥工業,台灣水泥龍頭，積極轉型能源產業（儲能、電池），具代表性。,https://www.taiwancement.com/,2026-05-10
1102.TW,亞泥,基礎材料,水泥工業,亞洲水泥龍頭之一，獲利穩健，亦跨足電力與航運。,https://www.acc.com.tw/,2026-05-10
1103.TW,嘉泥,基礎材料,水泥工業,除水泥本業外，近年積極轉型旅宿與資產開發。,https://www.chiahsin.com.tw/,2026-05-10
1104.TW,環泥,基礎材料,水泥工業,專注於預拌混凝土與石膏板，是建築供應鏈的重要一環。,https://www.ucctw.com/,2026-05-10
1108.TW,幸福,基礎材料,水泥工業,主要經營水泥與爐石粉生產，供應國內建設需求。,http://www.luckycement.com.tw/,2026-05-10
1109.TW,信大,基礎材料,水泥工業,台灣中小型水泥廠，在中國江蘇地區有產能布局。,http://www.scement.com.tw/,2026-05-10
1110.TW,東泥,基礎材料,水泥工業,高雄在地水泥企業，專注於南部市場。,http://www.tnc.com.tw/,2026-05-10
1201.TW,味全,非必需消費,食品工業,台灣老牌食品廠，主打乳品、果汁及調味醬料。,https://www.weichuan.com.tw/,2026-05-10
1203.TW,味王,非必需消費,食品工業,以味精與速食麵聞名，資產價值高且經營穩健。,https://www.vewong.com/,2026-05-10
1210.TW,大成,非必需消費,食品工業,台灣農畜龍頭，涵蓋飼料、肉品加工及餐飲連鎖。,https://www.dachan.com/,2026-05-10
1213.TW,大飲,非必需消費,食品工業,以「蘋果西打」聞名，近期因食安與經營面臨挑戰。,http://www.applesidra.com.tw/,2026-05-10
1215.TW,卜蜂,非必需消費,食品工業,台灣主要家禽與肉品供應商，受惠於肉價與需求穩定。,https://www.cptw.com.tw/,2026-05-10
1216.TW,統一,非必需消費,食品工業,台灣食品龍頭，超商（統一超）母公司，抗通蓬之生活選股。,https://www.uni-president.com.tw/,2026-05-10
1217.TW,愛之味,非必需消費,食品工業,主打健康罐頭與飲料，如燕麥乳、八寶粥。,https://www.agv.com.tw/,2026-05-10
1218.TW,泰山,非必需消費,食品工業,主要經營食用油、飲品，曾因經營權變動受市場關注。,https://www.taisun.com.tw/,2026-05-10
1219.TW,福壽,非必需消費,食品工業,台灣老牌飼料與油脂大廠，積極發展寵物食品。,https://www.fwusow.com.tw/,2026-05-10
1220.TW,台榮,非必需消費,食品工業,專注於玉米澱粉與果糖生產，供應國內食品廠。,http://www.tairoun.com.tw/,2026-05-10
1225.TW,福懋油,非必需消費,食品工業,台灣油脂大廠，以大豆壓榨與飼料生產為主。,http://www.fmo.com.tw/,2026-05-10
1227.TW,佳格,非必需消費,食品工業,台灣穀物與營養保健龍頭（桂格、天地合補）。,https://www.sfworldwide.com/,2026-05-10
1229.TW,聯華,非必需消費,食品工業,控股型公司，跨足麵粉本業與工業氣體（聯華林德）。,https://www.lhic.com.tw/,2026-05-10
1231.TW,聯華食,非必需消費,食品工業,零食（可樂果、萬歲牌）與超商鮮食供應大廠。,https://www.lianhwa.com.tw/,2026-05-10
1232.TW,大統益,非必需消費,食品工業,台灣最大食用油生產商，獲利與配息極其穩定。,http://www.ttos.com.tw/,2026-05-10
1233.TW,天仁,非必需消費,食品工業,台灣茶葉領導品牌，結合茶葉銷售與餐飲服務。,https://www.tenren.com.tw/,2026-05-10
1234.TW,黑松,非必需消費,食品工業,台灣飲品龍頭，資產雄厚（微風廣場土地），經營穩健。,https://www.heysong.com.tw/,2026-05-10
1235.TW,興泰,非必需消費,食品工業,經營飼料與油脂相關業務，資產題材較受市場關注。,http://www.shintay.com/,2026-05-10
1236.TW,宏亞,非必需消費,食品工業,以「巧克力共和國」、「七七乳加」聞名的零食大廠。,https://www.hunya.com.tw/,2026-05-10
1240.TWO,茂生農經,非必需消費,食品工業,提供禽畜飼料及蛋品，並跨足畜牧場經營。,https://www.mouson.com.tw/,2026-05-10
1256.TW,鮮活果汁-KY,非必需消費,食品工業,鎖定中國手搖飲市場，提供濃縮果汁與果粒等原物料。,http://www.sunjuice.com.cn/,2026-05-10
1259.TWO,安心,非必需消費,餐飲服務,摩斯漢堡（MOS Burger）台灣營運商，具穩定品牌忠誠度。,https://www.mos.com.tw/,2026-05-10
1264.TWO,德麥,非必需消費,食品原物料,台灣最大烘焙原料供應商，代理全球知名品牌。,https://www.tehmag.com.tw/,2026-05-10
1268.TWO,漢來美食,非必需消費,餐飲服務,漢來海港自助餐與名人坊母公司，具強大品牌競爭力。,https://www.hilai-foods.com/,2026-05-10
1294.TWO,漢田生技,非必需消費,保健食品,專業液態軟包包裝代工，生產各種口服保健品。,http://www.hentien.com/,2026-05-10
1295.TWO,生合,非必需消費,生技食品,專精於乳酸菌種研發與生產，應用於食品與畜牧。,https://www.synbiotech.com.tw/,2026-05-10
1301.TW,台塑,基礎材料,塑膠工業,台塑集團核心，主要生產 PVC、液鹼及聚烯烴產品。,https://www.fpc.com.tw/,2026-05-10
1303.TW,南亞,基礎材料,塑膠工業,全球塑膠加工領導者，亦跨足電子材料與印刷電路板。,https://www.npc.com.tw/,2026-05-10
1304.TW,台聚,基礎材料,塑膠工業,主攻聚乙烯（PE）及乙烯醋酸乙烯酯（EVA）生產。,http://www.usig.com.tw/,2026-05-10
1305.TW,華夏,基礎材料,塑膠工業,為 PVC 垂直整合大廠，主要應用於建築及包裝材料。,http://www.cgpc.com.tw/,2026-05-10
1307.TW,三芳,基礎材料,塑膠工業,全球人造皮革龍頭，為 Nike、Adidas 等鞋廠供應商。,https://www.sanfang.com/,2026-05-10
1308.TW,亞聚,基礎材料,塑膠工業,主要生產 LDPE 與 EVA，後者應用於光電與鞋材。,http://www.apc.com.tw/,2026-05-10
1309.TW,台達化,基礎材料,塑膠工業,主攻苯乙烯系列（ABS、GPS），應用於家電及包裝。,http://www.ttc.com.tw/,2026-05-10
1310.TW,台苯,基礎材料,塑膠工業,生產苯乙烯單體 (SM)，為下游塑膠製品之關鍵原料。,http://www.tsmc.com.tw/,2026-05-10
1312.TW,國喬,基礎材料,塑膠工業,專業苯乙烯與 ABS 廠，為台灣化學工業鏈重要節點。,http://www.gpcl.com.tw/,2026-05-10
1313.TW,聯成,基礎材料,塑膠工業,全球最大可塑劑 (PA/DOP) 生產商，具規模成本優勢。,http://www.upc.com.tw/,2026-05-10
1314.TW,中石化,基礎材料,塑膠工業,台灣唯一 CPL 及 AN 生產商，為人造纖維上游原料。,https://www.cpdc.com.tw/,2026-05-10
1315.TW,達新,基礎材料,塑膠工業,以雨衣聞名，現發展精密塑膠加工及資產開發。,https://www.daxin.com.tw/,2026-05-10
1316.TW,上曜,資產開發,建設事業,原為塑膠廠，現成功轉型為台南地區高端建案建商。,http://www.shangyau.com.tw/,2026-05-10
1319.TW,東陽,汽車相關,售後維修 (AM),全球汽車保險桿龍頭，主要市場為歐美維修件市場。,https://www.tongyang.com.tw/,2026-05-10
1321.TW,大洋,基礎材料,塑膠工業,專注於 PVC 加工及人造皮革，擁有大量北市土地資源。,http://www.ocean.com.tw/,2026-05-10
1323.TW,永裕,基礎材料,塑膠工業,生產化妝品與清潔用品之高端塑膠容器，客戶涵蓋全球。,http://www.yy-pack.com/,2026-05-10
1324.TW,地球,基礎材料,塑膠工業,專業膠帶廠，產品應用於工業、電子及文具市場。,http://www.globe.com.tw/,2026-05-10
1325.TW,恆大,基礎材料,塑膠工業,專精於不織布，為台灣口罩地圖與過濾耗材之主力。,http://www.hendar.com.tw/,2026-05-10
1326.TW,台化,基礎材料,塑膠工業,跨足石化、塑膠與化學纖維，為台塑集團重要成員。,https://www.fcc.com.tw/,2026-05-10
1336.TWO,台翰,基礎材料,塑膠工業,專注於印表機及事務機之模具開發與塑膠射出。,http://www.taihan.com.tw/,2026-05-10
1337.TW,再生-KY,基礎材料,塑膠工業,利用回收塑膠生產 EVA 發泡片材，產品應用於鞋材。,http://www.f-js.com/,2026-05-10
1338.TW,廣華-KY,汽車相關,汽車內裝,專業汽車內飾件廠，客戶涵蓋日系、歐美大型車廠。,http://www.gh-auto.com/,2026-05-10
1339.TW,昭輝,汽車相關,售後維修 (AM),生產汽車保險桿及水箱護罩，主要外銷北美市場。,http://www.sh-shao.com.tw/,2026-05-10
1340.TW,勝悅-KY,基礎材料,塑膠工業,專精於底材發泡技術，為知名運動鞋品牌供應商。,http://www.sheng-yue.com/,2026-05-10
1341.TW,富林-KY,基礎材料,塑膠工業,生產環保型 PVC 皮革，主要應用於沙發及汽車內飾。,http://www.fulin.com.vn/,2026-05-10
1342.TW,八貫,基礎材料,功能性面料,專精於 TPU 塗層織物，產品應用於醫療、戶外及航空。,https://www.eclat.com.tw/,2026-05-10
1402.TW,遠東新,基礎材料,紡織纖維,遠東集團旗艦，全球聚酯領導廠商，具備綠色回收技術。,https://www.fenc.com/,2026-05-10
1409.TW,新纖,基礎材料,紡織纖維,專業聚酯粒及纖維廠，亦跨足光電薄膜與電子材料。,http://www.shinkong.com.tw/,2026-05-10
1410.TW,南染,基礎材料,紡織纖維,老牌染整廠，近年積極活化土地資產及電子商務。,http://www.nyf.com.tw/,2026-05-10
1413.TW,宏洲,基礎材料,紡織纖維,主要從事聚酯纖維及加工絲生產，轉型開發精緻產品。,http://www.luckytex.com.tw/,2026-05-10
1414.TW,東和,基礎材料,紡織纖維,專業紡紗大廠，生產精梳棉紗及各類混紡紗線。,https://www.tungho.com.tw/,2026-05-10
1416.TW,廣豐,非必需消費,居家生活,原為毛巾大廠，現轉型為資產開發及經營桃園廣豐新天地商場。,http://www.kfm.com.tw/,2026-05-10
1417.TW,嘉裕,非必需消費,成衣服飾,台灣西服領導品牌，亦跨足軍服供應及餐飲代理。,https://www.carnival.com.tw/,2026-05-10
1418.TW,東華,基礎材料,紡織纖維,專業生產壓克力纖維，產品應用於毛毯、毛衣及人造毛皮。,http://www.thf.com.tw/,2026-05-10
1419.TW,新紡,基礎材料,紡織纖維,吳家核心企業，經營機能布料研發並持有大量北市精華區土地。,https://www.skit.com.tw/,2026-05-10
1423.TW,利華,基礎材料,紡織纖維,台灣唯一專業羊毛加工廠，生產羊毛條與防縮羊毛。,http://www.rewool.com.tw/,2026-05-10
1432.TW,大魯閣,服務業,休閒運動,原為紡織廠，轉型經營棒壘球打擊場、運動設施與購物中心。,https://www.trk.com.tw/,2026-05-10
1434.TW,福懋,基礎材料,紡織纖維,台塑集團成員，全球機能性布料龍頭，跨足智慧織物與輪胎簾布。,https://www.ftc.com.tw/,2026-05-10
1435.TW,中福,資產開發,倉儲租賃,老牌紡織轉型，主要業務為廠房租賃與土地開發。,http://www.chunghu.com.tw/,2026-05-10
1436.TW,華友聯,資產開發,建設事業,原為紡織染整，現成功轉型為深耕高雄與台南市場的建商。,https://www.hyl.com.tw/,2026-05-10
1437.TW,勤益控,資產開發,商辦租賃,老牌紡織廠轉型控股公司，經營勤益商辦租賃及資產管理。,https://www.gmt.com.tw/,2026-05-10
1438.TW,三地開發,資產開發,建設事業,原名三洋紡織，經經營權變動後轉型為綜合地產開發商。,https://www.sandigroup.com.tw/,2026-05-10
1439.TW,雋揚,資產開發,建設事業,原為中和羊毛，轉型後專注於雙北地區的精緻住宅開發。,http://www.jydevelopment.com.tw/,2026-05-10
1440.TW,南紡,基礎材料,紡織纖維,台灣紡紗與聚酯纖維龍頭，並與統一集團共同經營南紡購物中心。,https://www.tainanspin.com.tw/,2026-05-10
1441.TW,大東,基礎材料,紡織纖維,專注於高端環保紗線及特殊混紡產品開發。,https://www.grandtex.com.tw/,2026-05-10
1442.TW,名軒,資產開發,建設事業,麗寶集團旗下建商，轉型後專注於大型造鎮計畫。,https://www.msh.com.tw/,2026-05-10
1443.TW,立益物流,工商服務,物流倉儲,原為紡織廠，利用土地資產發展智慧倉儲與跨境物流服務。,http://www.liyih.com.tw/,2026-05-10
1444.TW,力麗,基礎材料,紡織纖維,聚酯加工絲大廠，開發環保回收纖維並供應電子產業織材。,http://www.lealea.com.tw/,2026-05-10
1445.TW,大宇,基礎材料,紡織纖維,專精於特殊加工絲與針織布料生產，供應運動服飾市場。,http://www.greatbell.com.tw/,2026-05-10
1446.TW,宏和,基礎材料,紡織纖維,生產各類絲綢感布料，同時擁有土地資產開發潛力。,http://www.honmyue.com.tw/,2026-05-10
1447.TW,力鵬,基礎材料,紡織纖維,全球尼龍纖維領導廠商，垂直整合化學與紡織鏈。,http://www.lealea.com.tw/,2026-05-10
1449.TW,佳和,基礎材料,紡織纖維,專精於羊毛與高科技功能布料，供應汽車內飾與軍警服裝。,https://www.chiahodesign.com/,2026-05-10
1451.TW,年興,基礎材料,紡織纖維,全牛仔布及成衣整合龍頭，為 Levi's 等品牌長期供應商。,https://www.nienhsing.com.tw/,2026-05-10
1452.TW,宏益,基礎材料,紡織纖維,專攻高階聚酯加工絲，深耕細丹尼與複合功能絲線。,https://www.hungyi.com.tw/,2026-05-10
1453.TW,大將,資產開發,建設事業,原為老牌紡織廠，現主要業務為住宅開發與商場經營。,http://www.grandgeneral.com.tw/,2026-05-10
1454.TW,台富,基礎材料,紡織纖維,主要經營圓編及經編針織布料，外銷國際運動品牌。,http://www.tai-fu.com.tw/,2026-05-10
1455.TW,集盛,基礎材料,紡織纖維,生產尼龍粒與加工絲，近年積極研發環保廢網回收技術。,https://www.zig-sheng.com/,2026-05-10
1456.TW,怡華,資產開發,建設事業,原為毛紡織大廠，現已成功轉型為地區性地產建商。,http://www.ehua.com.tw/,2026-05-10
1457.TW,宜進,基礎材料,紡織纖維,轉型控股公司，經營聚酯加工絲並大規模跨足商用不動產投資。,http://www.e-jin.com.tw/,2026-05-10
1459.TW,聯發,基礎材料,紡織纖維,專業生產聚酯加工絲，供應終端家飾與運動服市場。,http://www.lenfar.com.tw/,2026-05-10
1460.TW,宏遠,基礎材料,紡織纖維,垂直整合機能布料大廠，為 Nike 及 Patagonia 重要供應夥伴。,https://www.everest.com.tw/,2026-05-10
1463.TW,強盛新,資產開發,建設事業,原名強盛染整，轉型後專注於危老重建與都市更新建案。,http://www.johnson-silk.com.tw/,2026-05-10
1464.TW,得力,基礎材料,紡織纖維,專業機能織造廠，核心產品為超細纖維與彈性布料。,http://www.delicacy.com.tw/,2026-05-10
1465.TW,偉全,基礎材料,紡織纖維,專業經編布料生產商，產品廣泛應用於工業及服飾。,http://www.waytex.com.tw/,2026-05-10
1466.TW,聚隆,基礎材料,紡織纖維,專精於尼龍加工絲，並成功開發超細纖維除塵布系列。,https://www.acelontw.com/,2026-05-10
1467.TW,南緯,基礎材料,紡織纖維,跨國垂直整合服務商，並積極布局智慧感測衣技術。,http://www.texray.com/,2026-05-10
1468.TW,昶和,基礎材料,紡織纖維,主要經營梭織布開發與貿易，供應歐美休閒服飾品牌。,http://www.charnghuu.com.tw/,2026-05-10
1470.TW,大統新創,基礎材料,紡織纖維,專精於針織彈性布料，應用於高端內衣及壓縮運動服。,http://www.tri-ocean.com.tw/,2026-05-10
1471.TW,首利,科技電子,電源供應器,原名首利紡織，現已完全轉型為 PC 電源供應器與機殼廠。,http://www.soly-tech.com/,2026-05-10
1472.TW,三洋實業,基礎材料,紡織纖維,生產聚丙烯 (PP) 纖維，具備疏水與輕盈特性，用於機能衣。,http://www.san-yang.com.tw/,2026-05-10
1473.TW,台南,非必需消費,成衣服飾,專業成衣代工廠，產品以運動、休閒服飾為主，布局全球生產基地。,http://www.tainan.com.tw/,2026-05-10
1474.TW,弘裕,基礎材料,紡織纖維,台灣工業布料與醫療用布大廠，亦開發環保再生面料。,http://www.textile.com.tw/,2026-05-10
1475.TW,業旺,基礎材料,紡織纖維,專精於針織布料開發與生產，供應國際知名運動品牌。,http://www.yawon.com.tw/,2026-05-10
1476.TW,儒鴻,非必需消費,紡織指標,台灣機能衣股王，垂直整合織布與成衣，具備強大研發議價能力。,https://www.eclat.com.tw/,2026-05-10
1477.TW,聚陽,非必需消費,成衣服飾,全球成衣代工龍頭，以快時尚與運動服飾為核心，產能布局多元。,https://www.makalot.com.tw/,2026-05-10
1503.TW,士電,工業製造,重電設備,跨足重電、電裝品與自動化，受惠於台電強韌電網計畫。,https://www.seec.com.tw/,2026-05-10
1504.TW,東元,工業製造,重電/馬達,全球馬達大廠，積極發展電動車動力系統與能源管理。,https://www.teco.com.tw/,2026-05-10
1506.TW,正道,汽車相關,引擎零件,專業生產活塞、連桿等引擎關鍵零件，供應國內外車廠。,http://www.rightway.com.tw/,2026-05-10
1512.TW,瑞利,汽車相關,車身零件,專業汽車鈑金模具與零件廠，主要客戶包含國內外各大車系。,http://www.realee.com/,2026-05-10
1513.TW,中興電,工業製造,重電/氫能,台灣 GIS (氣體絕緣開關) 龍頭，積極佈局氫能發電與充電樁。,https://www.chem.com.tw/,2026-05-10
1514.TW,亞力,工業製造,重電設備,專精變壓器與配電盤，受惠於半導體廠擴廠需求與軌道電力系統。,https://www.allis.com.tw/,2026-05-10
1515.TW,力山,工業製造,健身器材,全球木工機與電動健身器材（如飛輪、跑步機）代工大廠。,https://www.rexton.com.tw/,2026-05-10
1516.TW,川飛,基礎材料,能源貿易,原為自行車零件廠，現轉型經營煤炭與能源物料貿易業務。,http://www.chuanfih.com.tw/,2026-05-10
1517.TW,利奇,非必需消費,自行車零件,專業生產自行車煞車系統與零組件，受惠於中高階車市需求。,http://www.leechi.com.tw/,2026-05-10
1519.TW,華城,工業製造,重電/變壓器,台灣變壓器外銷龍頭，深度參與美國電網更新與電動車充電站。,https://www.fortune.com.tw/,2026-05-10
1521.TW,大億,汽車相關,汽車燈具,台灣 OEM 汽車燈具龍頭，主要供應國內外原廠車燈。,http://www.tayih.com.tw/,2026-05-10
1522.TW,堤維西,汽車相關,售後維修(AM),全球大型 AM 車燈供應商，主要市場為歐美維修件市場。,https://www.tyceurope.com/,2026-05-10
1524.TW,耿鼎,汽車相關,售後維修(AM),專業汽車鈑金件廠，深耕北美 AM 市場，獲 CAPA 認證。,http://www.gordon.com.tw/,2026-05-10
1525.TW,江申,汽車相關,底盤零件,裕隆集團旗下，生產車架、大樑等重型車輛底盤零件。,http://www.kian-shen.com.tw/,2026-05-10
1526.TW,日馳,非必需消費,自行車零件,專業自行車變速系統、齒輪與傳動組件生產商。,http://www.sunrace.com/,2026-05-10
1527.TW,鑽全,工業製造,氣動工具,全球氣動釘槍代工龍頭，產品主要應用於建築與裝潢。,http://www.baso.com.tw/,2026-05-10
1528.TW,恩德,工業製造,工具機,跨足木工機械、數控工具機及自動化生產線開發。,https://www.anderson.com.tw/,2026-05-10
1529.TW,樂事綠能,工業製造,重電/綠能,專業配電設備廠，轉型發展太陽能電廠與綠能開發業務。,http://www.luxesolar.com.tw/,2026-05-10
1530.TW,亞崴,工業製造,工具機,專業 CNC 加工中心機大廠，產品外銷全球製造業。,https://www.awea.com/,2026-05-10
1531.TW,高林股,工業製造,工業縫紉機,以「希魯巴 (SiRUBA)」品牌聞名，為全球工業用縫紉機大廠。,http://www.siruba.com/,2026-05-10
1532.TW,勤美,工業製造,金屬鑄造,跨足鑄件製造、住宅開發（建商）與生活通路（誠品綠園道）。,https://www.cmmi.com.tw/,2026-05-10
1533.TW,車王電,汽車相關,車用電子,專業發電機調節器與點火系統，並投入電動巴士開發。,https://www.mobiletron.com/,2026-05-10
1535.TW,中宇,服務業,工程承包,中鋼集團旗下，負責環保工程、機電維護與水處理系統。,https://www.ecopro.com.tw/,2026-05-10
1536.TW,和大,汽車相關,傳動齒輪,台灣電動車傳動系統龍頭，為 Tesla 等車廠之關鍵供應商。,http://www.hota.com.tw/,2026-05-10
1537.TW,廣隆,工業製造,鉛酸電池,專業鉛酸蓄電池生產商，主要應用於不斷電系統 (UPS) 與汽機車。,http://www.kunglong.com/,2026-05-10
1538.TW,正峰,工業製造,電動工具,生產電動園林工具、水泵與相關機電產品，供應歐美市場。,http://www.zhenfeng.com.tw/,2026-05-10
1539.TW,巨庭,工業製造,木工機械,專業生產圓鋸機、刨木機等木工工具，具備 ODM 能力。,http://www.geetech.com.tw/,2026-05-10
1540.TW,喬福,工業製造,工具機,生產大型 CNC 車床與切削中心機，具備客製化研發能力。,http://www.shofuh.com.tw/,2026-05-10
1541.TW,錩泰,工業製造,木工機械,專注於專業與家用木工電動工具，主要銷往北美與歐洲。,http://www.rexon.net/,2026-05-10
1558.TW,伸興,工業製造,縫紉機代工,全球家用縫紉機代工龍頭，市佔率極高，經營與配息穩定。,https://www.zenghsing.com.tw/,2026-05-10
1560.TW,中砂,科技材料,半導體耗材,研發鑽石碟與再生晶圓，為台積電等先進製程之重要夥伴。,https://www.kinik.com.tw/,2026-05-10
1563.TW,巧新,汽車相關,鍛造輪圈,全球高端超跑與豪華車款之鍛造輪圈首選供應商。,http://www.superalloy.com.tw/,2026-05-10
1565.TWO,精華,醫療保健,隱形眼鏡,台灣隱形眼鏡代工與自有品牌龍頭，具備高度製程自動化。,http://www.stshine.com.tw/,2026-05-10
1568.TW,倉佑,汽車相關,自動變速箱,專注於自動變速箱零組件開發，供應歐美與中國車廠。,http://www.tsangyow.com.tw/,2026-05-10
1569.TWO,濱川,科技電子,電腦機殼,專業筆記型電腦金屬機殼與內構件大廠。,http://www.abc-jp.com.tw/,2026-05-10
1570.TWO,力肯,工業製造,氣動工具,專業氣動打釘機代工廠，產品外銷歐美修繕與建築市場。,http://www.pro-pneu.com/,2026-05-10
1580.TWO,新麥,非必需消費,食品機械,全球烘焙設備龍頭，提供烤箱、攪拌機等全方位烘焙系統解決方案。,http://www.sinmag.com/,2026-05-10
1582.TW,信錦,科技電子,電子組件,全球顯示器支架與軸承龍頭，跨足低軌衛星與摺疊裝置組件。,http://www.shink.com.tw/,2026-05-10
1583.TW,程泰,工業製造,工具機,台灣 CNC 車床領先廠商，具備高度垂直整合能力與自有品牌。,http://www.goodwaycnc.com/,2026-05-10
1584.TWO,精剛,基礎材料,特殊合金,專業生產鈦合金、鎳基合金等特殊金屬，應用於航太、國防及油氣。,https://www.s-m-c.com.tw/,2026-05-10
1586.TWO,和勤,汽車相關,精密零件,專業硬碟機構件與汽車精密沖壓件大廠，積極佈局電動車市場。,http://www.h-p-m.com.cn/,2026-05-10
1587.TW,吉茂,汽車相關,散熱系統,專業汽車散熱器（水箱）供應商，主要布局 AM 與 OES 市場。,http://www.cryomax.com/,2026-05-10
1589.TW,永冠-KY,工業製造,金屬鑄造,專業大型球狀石墨鑄鐵件大廠，主攻風力發電與大型工具機市場。,http://www.ygget.com/,2026-05-10
1590.TW,亞德客-KY,工業製造,氣動元件,全球氣動元件大廠，產品應用於自動化設備，具備高度獲利能力。,http://www.airtac.com/,2026-05-10
1591.TWO,駿吉-KY,工業製造,建築零件,專業氣動槍釘生產商，生產基地主要位於馬來西亞。,http://www.inmax.com.my/,2026-05-10
1593.TWO,祺驊,非必需消費,健身器材,專業健身器材關鍵零件（磁控、發電機）大廠，供應全球大品牌。,http://www.atech-motor.com/,2026-05-10
1595.TWO,川寶,科技電子,PCB設備,專業 PCB 自動曝光機廠，並透過併購跨足半導體封裝設備。,http://www.chuanpo.com/,2026-05-10
1597.TW,直得,工業製造,線性傳動,專業微型線性滑軌製造商，產品應用於生技、半導體與自動化。,https://www.chieftek.com/,2026-05-10
1598.TW,岱宇,非必需消費,健身器材,專業健身器材品牌經營與製造，產品涵蓋跑步機、橢圓機。,https://www.dyaco.com/,2026-05-10
1599.TWO,宏佳騰,非必需消費,機車製造,知名機車與沙灘車製造商，近年積極發展智慧電車與聯網系統。,https://www.aeonmotor.com.tw/,2026-05-10
1603.TW,華電,基礎材料,電器電纜,生產電力電纜與鋁導線，並跨足鋁窗與建築材料業務。,http://www.taiwan-electric.com.tw/,2026-05-10
1604.TW,聲寶,非必需消費,家用電器,台灣老牌家電龍頭，轉型經營品牌行銷與土地資產活化。,https://www.sampo.com.tw/,2026-05-10
1605.TW,華新,基礎材料,線纜/不鏽鋼,焦家核心企業，跨足不鏽鋼、電力線纜與鎳金屬，具備全球競爭力。,https://www.walsin.com/,2026-05-10
1608.TW,華榮,基礎材料,電器電纜,專業電力線纜與通信電纜製造商，受惠於公共工程與風電建置。,http://www.hwahung.com.tw/,2026-05-10
1609.TW,大亞,基礎材料,線纜/能源,專業電力電纜廠，轉型發展太陽能電廠與綠能儲能系統。,https://www.taya.com.tw/,2026-05-10
1611.TW,中電,基礎材料,照明設備,以「東亞照明」品牌聞名，為台灣傳統與 LED 照明設備龍頭。,http://www.chinaelectric.com.tw/,2026-05-10
1612.TW,宏泰,基礎材料,電器電纜,生產電力線纜與通訊線纜，產品廣泛應用於建築與工業工程。,http://www.hongtai.com.tw/,2026-05-10
1614.TW,三洋電,非必需消費,家用電器,以「SANLUX 台灣三洋」經營家電，具備穩定的國內市場佔有率。,https://www.sanlux.com.tw/,2026-05-10
1615.TW,大山,基礎材料,電器電纜,區域型電線電纜廠，專注於民生用電與小型工程市場。,http://www.tashan.com.tw/,2026-05-10
1616.TW,億泰,基礎材料,電器電纜,專業生產電線電纜與光纖，於台灣及中國均有生產據點。,http://www.evertop.com.tw/,2026-05-10
1617.TW,榮星,基礎材料,漆包線,專業漆包線大廠，產品應用於馬達、變壓器與電子組件。,http://www.jungshing.com.tw/,2026-05-10
1618.TW,合機,基礎材料,電器電纜,專業電力線纜廠，受惠於台電特高壓電網與饋線更新計畫。,http://www.hocce.com.tw/,2026-05-10
1623.TW,大東電,基礎材料,電器電纜,專注於中高壓電力線纜，主要客戶包含電力公司及大型建案。,http://www.dadong.com.tw/,2026-05-10
1626.TW,艾美特-KY,非必需消費,家用電器,全球電風扇與電暖器大廠，近年發展智慧家電與空氣過濾系統。,http://www.airmate-china.com/,2026-05-10
1702.TW,南僑,非必需消費,食品/化學,跨足油脂製造、冷凍麵糰與連鎖餐飲（如點水樓），品牌力強。,http://www.namchow.com.tw/,2026-05-10
1707.TW,葡萄王,醫療保健,生技食品,台灣保健食品龍頭，以「靈芝」、「益生菌」聞名，具備直銷通路。,https://www.grapeking.com.tw/,2026-05-10
1708.TW,東鹼,基礎材料,化學工業,專業硫酸鉀肥與進口散裝航運經營商，受惠於原物料與運價波動。,http://www.tungkuang.com.tw/,2026-05-10
1709.TW,和益,基礎材料,化學工業,全球烷基苯（洗劑原料）大廠，並轉型發展土地開發與綠能。,http://www.hychem.com.tw/,2026-05-10
1710.TW,東聯,基礎材料,化學工業,專業乙二醇 (EG) 與特用化學品廠，轉型發展高性能環氧乙烷衍生物。,http://www.oucc.com.tw/,2026-05-10
1711.TW,永光,基礎材料,特用化學,專業染料廠，成功轉型至光阻劑、顯影液等電子與醫藥特化品。,https://www.ecic.com/,2026-05-10
1712.TW,興農,非必需消費,農藥化工,台灣農藥龍頭，並跨足超市通路（台灣楓康）與團膳供應鏈。,http://www.sinon.com.tw/,2026-05-10
1713.TW,國化,基礎材料,化學工業,專業生產吊粉（保險粉）及鋅化產品，並擁有轉投資土地資產題材。,http://www.ctcc.com.tw/,2026-05-10
1714.TW,和桐,基礎材料,化學工業,全球介面活性劑原料龍頭，具備石化產業鏈完整佈局。,http://www.htc.com.tw/,2026-05-10
1717.TW,長興,基礎材料,特用化學,全球乾膜光阻龍頭，生產合成樹脂與特用化學品，應用於電子與建築。,https://www.eternal-group.com/,2026-05-10
1718.TW,中纖,基礎材料,化學工業,專業生產乙二醇 (EG) 與聚酯纖維，並轉投資金融與生技領域。,http://www.cific.com.tw/,2026-05-10
1720.TW,生達,醫療保健,製藥,台灣本土學名藥大廠，產品線涵蓋抗生素、心血管及消化系統用藥。,https://www.standard.com.tw/,2026-05-10
1721.TW,三晃,基礎材料,特用化學,專業生產抗氧化劑與特用化學品，應用於塑料、塗料及電子材料。,http://www.sunko.com.tw/,2026-05-10
1722.TW,台肥,基礎材料,化肥/資產,台灣肥料龍頭，擁有大量土地資產，轉型發展南港經貿園區開發。,https://www.taifer.com.tw/,2026-05-10
1723.TW,中碳,基礎材料,煤化學,中鋼集團旗下，為台灣唯一煤化工廠，生產負極材料供應電動車鏈。,https://www.cscc.com.tw/,2026-05-10
1725.TW,元禎,基礎材料,化學貿易,專業化學品貿易商，代理多國石化與精密化學原料。,http://www.ytcc.com.tw/,2026-05-10
1726.TW,永記,基礎材料,塗料,台灣塗料大廠（虹牌油漆），產品橫跨民用、工業、船舶與特殊防蝕。,https://www.rainbowpaint.com.tw/,2026-05-10
1727.TW,中華化,基礎材料,特用化學,生產電子級酸液與特用化學品，供應半導體、面板與水處理。,http://www.china-chemical.com.tw/,2026-05-10
1730.TW,花仙子,非必需消費,家用品,台灣家用清潔龍頭，品牌包含花仙子、去味大師、克潮靈。,https://www.farcent.com.tw/,2026-05-10
1731.TW,美吾華,非必需消費,美妝髮品,以「美吾髮」染髮劑聞名，並積極布局博登藥局連鎖通路。,https://www.maywufa.com.tw/,2026-05-10
1732.TW,毛寶,非必需消費,家用品,專業清潔劑製造商，主攻居家洗劑、抗菌防護與嬰幼兒洗滌。,https://www.maobao.com.tw/,2026-05-10
1733.TW,五鼎,醫療保健,醫材設備,專業血糖儀與測試片 OEM/ODM 廠，深耕遠距醫療監測。,https://www.apexbio.com.tw/,2026-05-10
1734.TW,杏輝,醫療保健,製藥,知名製藥集團，業務涵蓋藥品製造、保健食品及連鎖杏一藥局。,https://www.sinphar.com/,2026-05-10
1735.TW,日勝化,基礎材料,合成樹脂,專業生產聚氨酯 (PU) 樹脂，廣泛應用於人工皮革與運動鞋材。,http://www.nikkachemical.com.tw/,2026-05-10
1736.TW,喬山,非必需消費,健身器材,全球前三大健身器材商，擁自有品牌 Matrix、Vision 與 Horizon。,https://www.johnsonfitness.com/,2026-05-10
1737.TW,臺鹽,非必需消費,食品生技,台灣鹽業龍頭，轉型經營包裝水、化妝品及醫藥用鹽。,https://www.tybio.com.tw/,2026-05-10
1742.TWO,台蠟,基礎材料,精製蠟,生產特種工業用蠟，應用於精密鑄造、電子封裝與食品業。,http://www.taiwax.com.tw/,2026-05-10
1752.TW,南光,醫療保健,製藥,專業針劑製造大廠，產品外銷日本、美國，專攻高端醫療市場。,http://www.nangkuang.com.tw/,2026-05-10
1760.TW,寶齡富錦,醫療保健,新藥開發,跨足新藥、醫美與感控，指標產品為腎病新藥「拿百磷」。,https://www.pbf.com.tw/,2026-05-10
1762.TW,中化生,醫療保健,原料藥,中化集團旗下的原料藥廠，專精於發酵與合成技術，供應全球。,https://www.ccpc.com.tw/,2026-05-10
1773.TW,勝一,基礎材料,電子級溶劑,台灣半導體清洗與顯影溶劑龍頭，為台積電等先進製程供應商。,https://www.shinychem.com.tw/,2026-05-10
1776.TW,展宇,基礎材料,合成樹脂,生產環保型水性 PU 樹脂，應用於皮革、紡織與塗料工業。,http://www.headway.com.tw/,2026-05-10
1777.TWO,生泰,醫療保健,原料藥,生達集團旗下原料藥廠，專業生產各類西藥原料外銷全球。,http://www.syn-tech.com.tw/,2026-05-10
1781.TWO,合世,醫療保健,醫材設備,專業生產電子血壓計、霧化器等居家用醫療儀器。,http://www.healthandlife.com.tw/,2026-05-10
1783.TW,和康生,醫療保健,膠原蛋白,大江集團成員，專注於膠原蛋白與玻尿酸醫療器材，應用於醫美與骨科。,https://www.maxigen.com/,2026-05-10
1784.TWO,訊聯,醫療保健,細胞治療,台灣幹細胞與基因檢測領導者，近年擴展至再生醫療與代工 (CDMO)。,https://www.bionetcorp.com/,2026-05-10
1785.TWO,光洋科,科技材料,貴金屬回收,全球硬碟濺鍍靶材大廠，專精貴金屬精煉與循環利用技術。,https://www.solartech.com.tw/,2026-05-10
1786.TW,科妍,醫療保健,透明質酸,專精於透明質酸（玻尿酸）交聯技術，產品應用於關節炎與醫美。,https://www.scivision.com.tw/,2026-05-10
1788.TWO,杏昌,醫療保健,醫材經銷,專精於血液透析（洗腎）相關器材經銷，具備穩定長期需求。,http://www.mbi.com.tw/,2026-05-10
1789.TW,神隆,醫療保健,原料藥,統一集團旗下，全球癌症藥物原料藥領先廠商，具備 CDMO 能力。,https://www.scinopharm.com/,2026-05-10
1795.TW,美時,醫療保健,跨國藥廠,台灣營收規模最大藥廠，主攻癌症藥與特殊困難學名藥全球市場。,https://www.lotuspharm.com/,2026-05-10
1796.TWO,金穎生技,醫療保健,微生物發酵,專業微生物發酵 CDMO，代工生產益生菌與保健食品原料。,https://www.genemountain.com/,2026-05-10
1799.TWO,易威,醫療保健,特殊劑型藥,專注於困難學名藥開發，具備經皮吸收與緩釋錠劑技術。,http://www.e-wealth.com.tw/,2026-05-10
1802.TW,台玻,基礎材料,玻璃工業,台灣玻璃產業龍頭，產品涵蓋平板玻璃、玻璃纖維與電子布。,https://www.taiwanglass.com/,2026-05-10
1805.TW,寶徠,資產開發,建設事業,原為磁磚廠，現轉型經營住宅與商用不動產開發。,http://www.pau-lian.com.tw/,2026-05-10
1806.TW,冠軍,基礎材料,陶瓷磁磚,台灣磁磚領先品牌，產品應用於建築裝潢與公共工程。,https://www.champion.com.tw/,2026-05-10
1808.TW,潤隆,資產開發,建設事業,興富發集團旗下，主要經營住宅大樓開發，具備高營收爆發力。,http://www.run-long.com.tw/,2026-05-10
1809.TW,中釉,基礎材料,陶瓷釉料,全球知名釉料生產商，並跨足光電陶瓷與特殊玻璃材料。,http://www.china-glaze.com.tw/,2026-05-10
1810.TW,和成,非必需消費,居家衛浴,以「HCG 和成衛浴」聞名，跨足防彈陶瓷與精密陶瓷組件。,https://www.hcg.com.tw/,2026-05-10
1813.TWO,寶利徠,醫療保健,鏡片技術,專業研發光學鏡片專利技術，以自有專利授權全球。,http://www.polycore.com.tw/,2026-05-10
1815.TWO,富喬,基礎材料,玻璃纖維,專業生產電子級與工業級玻璃纖維布，供應 PCB 上游產業。,http://www.fcs.com.tw/,2026-05-10
1817.TW,凱撒衛,非必需消費,居家衛浴,台灣衛浴設備大廠，以自有品牌 Caesar 經營，並在越南具備極高市佔。,https://www.caesar.com.tw/,2026-05-11
1903.TW,士紙,基礎材料,造紙/資產,萬海集團旗下，轉型經營紙類加工品與土地開發，資產活化潛力高。,https://www.shihlinpaper.com.tw/,2026-05-11
1904.TW,正隆,基礎材料,工業用紙,台灣工紙龍頭，專精於包裝紙箱與循環回收紙業，受惠於電商物流。,https://www.clc.com.tw/,2026-05-11
1905.TW,華紙,基礎材料,紙漿文化紙,永豐餘旗下，台灣唯一整合林漿紙之企業，積極推廣無塑紙材與碳匯。,https://www.chp.com.tw/,2026-05-11
1906.TW,寶隆,基礎材料,造紙貿易,專注於工業用紙之代理與進出口貿易，並持有大量榮成股權。,http://www.pao-lung.com/,2026-05-11
1907.TW,永豐餘,基礎材料,造紙控股,跨足工業、文化與消費用紙（五月花），並轉投資生技與材料研發。,https://www.yfy.com/,2026-05-11
1909.TW,榮成,基礎材料,工業用紙,深耕兩岸低碳造紙市場，為工業用紙與綠色包裝之指標廠商。,https://www.longchenpaper.com/,2026-05-11
2002.TW,中鋼,基礎材料,鋼鐵指標,台灣鋼鐵業領袖，生產各類鋼捲、鋼板，產品為下游工業之基礎原料。,https://www.csc.com.tw/,2026-05-11
2006.TW,東和鋼鐵,基礎材料,建築鋼材,台灣型鋼龍頭，產品應用於大型建築結構，具備穩定的營建需求。,https://www.tunghosteel.com/,2026-05-11
2007.TW,燁興,基礎材料,不鏽鋼線材,義聯集團旗下，主要生產碳鋼及不鏽鋼盤元、線材，供應扣件業。,http://www.yehsing.com.tw/,2026-05-11
2008.TW,高興昌,基礎材料,鋼管製造,生產黑鋼管、鍍鋅鋼管及鋼帶，產品應用於公共工程與工業管線。,http://www.ksc.com.tw/,2026-05-11
2009.TW,第一銅,基礎材料,銅材加工,專業銅片、銅帶生產商，受惠於電子零件與電網建置之銅材需求。,http://www.fcc.com.tw/,2026-05-11
2010.TW,春源,基礎材料,鋼鐵加工,跨足鋼板剪裁加工、鋼骨結構工程及汽車零件製造。,https://www.cyber.com.tw/,2026-05-11
2012.TW,春雨,基礎材料,螺絲扣件,全球知名扣件大廠，產品廣泛應用於建築、交通與工業維修。,http://www.chunyu.com.tw/,2026-05-11
2013.TW,中鋼構,基礎材料,鋼骨結構,中鋼旗下，專注於摩天大樓、廠房及橋樑之鋼骨工程設計與施工。,https://www.cssc.com.tw/,2026-05-11
2014.TW,中鴻,基礎材料,熱冷軋鋼,中鋼集團成員，生產熱軋鋼捲、冷軋鋼捲與鍍鋅鋼捲，具備市場代表性。,https://www.chsteel.com.tw/,2026-05-11
2015.TW,豐興,基礎材料,電爐鋼鐵,台灣電爐大廠，專精於型鋼、條鋼與線材，獲利能力優於傳統高爐廠。,http://www.fenghsin.com.tw/,2026-05-11
2017.TW,官田鋼,基礎材料,鋼鐵線材,專業生產盤元、鐵絲與螺絲，並跨足鍍鋅鋼線加工市場。,http://www.kts.com.tw/,2026-05-11
2020.TW,美亞,基礎材料,鋼管製造,生產鍍鋅鋼管、不鏽鋼管與車用零件，產品多元且營運穩健。,http://www.mayer.com.tw/,2026-05-11
2022.TW,聚亨,基礎材料,鋼鐵線材,具備從盤元到螺絲的一條龍生產能力，並在泰國具備生產優勢。,http://www.tycons.com.tw/,2026-05-11
2023.TW,燁輝,基礎材料,鍍面鋼鐵,義聯集團旗下，全球主要鍍鋅及彩塗鋼捲廠，受惠於太陽能支架需求。,http://www.yieh.com.tw/,2026-05-11
2024.TW,志聯,基礎材料,精鋼線材,專業磨光鋼棒與快削鋼線生產商，供應電子、電機及汽車產業。,http://www.jilien.com.tw/,2026-05-11
2025.TW,千興,基礎材料,不鏽鋼板,專業不鏽鋼冷軋廠，提供不鏽鋼捲與板材裁切加工。,http://www.chimhsing.com.tw/,2026-05-11
2027.TW,大成鋼,基礎材料,鋼鋁進口商,北美鋁板、不鏽鋼與扣件進口龍頭，具備強大庫存管理與價格影響力。,https://www.taisun.com.tw/,2026-05-11
2028.TW,威致,基礎材料,電爐鋼鐵,專業生產鋼筋、盤元與特殊合金鋼，產品通過多國認證外銷。,http://www.wei-chih.com.tw/,2026-05-11
2029.TW,盛餘,基礎材料,鍍面鋼鐵,專業生產鍍鋁鋅及彩塗鋼板，產品定位高端，品質穩定。,https://www.sheng-yu.com.tw/,2026-05-11
2030.TW,彰源,基礎材料,不鏽鋼管,台灣不鏽鋼管出口指標，產品應用於化工、食品、水處理與營建。,http://www.froch.com/,2026-05-11
2031.TW,新光鋼,基礎材料,鋼鐵裁剪,台灣最大鋼鐵通路剪裁商，跨足離岸風電水下基礎與太陽能支架。,https://www.sksc.com.tw/,2026-05-11
2032.TW,新鋼,基礎材料,不鏽鋼加工,專業不鏽鋼表面處理與裁切配送，服務小批量客製化需求。,http://www.shinkong.com.tw/,2026-05-11
2033.TW,佳大,基礎材料,鋼線線纜,專業生產鍍鋅鋼線、預力鋼線及各類金屬線材。,http://www.jia-ta.com.tw/,2026-05-11
2034.TW,允強,基礎材料,不鏽鋼管板,全球重要不鏽鋼管供應商，近年大舉投資土耳其建立生產基地。,https://www.yc-inox.com/,2026-05-11
2035.TWO,唐榮公司,基礎材料,不鏽鋼煉鋼,台灣老牌不鏽鋼煉鋼廠，由政府主導經營，主要生產 300 系不鏽鋼。,http://www.tangeng.com.tw/,2026-05-11
2038.TW,海光,基礎材料,建築鋼筋,專業生產電爐小鋼胚與熱軋鋼筋，主要供應國內公共工程需求。,http://www.hai-kuang.com.tw/,2026-05-11
2049.TW,上銀,工業製造,線性滑軌,全球傳動控制組件領先者，專精線性滑軌、滾珠螺桿與工業機器人。,https://www.hiwin.tw/,2026-05-11
2059.TW,川湖,科技電子,伺服器導軌,全球高階伺服器導軌與隱藏式軸承龍頭，技術門檻與獲利能力極高。,http://www.kingslide.com/,2026-05-11
2061.TWO,風青,基礎材料,漆包線,專業漆包線大廠，供應馬達、感測器及電子零件應用。,http://www.v-f.com.tw/,2026-05-11
2062.TW,橋椿,非必需消費,廚衛組件,全球鋅壓鑄龍頭，專業代工知名品牌之廚衛水龍頭及相關組件。,http://www.sunspring.com.tw/,2026-05-11
2063.TWO,世鎧精密,工業製造,複合螺絲,專業研發及生產建築用複合螺絲，具備高度抗腐蝕與鑽孔力。,http://www.shehkai.com.tw/,2026-05-11
2064.TWO,晉椿,基礎材料,磨光鋼棒,專業精密磨光鋼棒廠，供應自行車零件、家電零件與機械設備。,http://www.chinchun.com.tw/,2026-05-11
2065.TWO,世豐,工業製造,建築螺絲,專業生產各類螺絲，產品廣泛外銷北美、歐洲與亞洲市場。,http://www.shehfung.com.tw/,2026-05-11
2066.TWO,世德,汽車相關,精密扣件,專業汽車、航太及工業用扣件廠，為 Tesla 等電動車大廠供應商。,http://www.sumee.com/,2026-05-11
2067.TWO,嘉鋼,基礎材料,鑄鐵件,專業生產農機、工程機械及液壓泵之精密鑄件，主要外銷歐美。,http://www.jiakang.com.tw/,2026-05-11
2069.TW,運錩,基礎材料,不鏽鋼加工,專業不鏽鋼冷軋廠，深耕中國與台灣市場，產品供應家電與工業。,http://www.ycmsteel.com/,2026-05-11
2070.TWO,精湛,工業製造,檢測設備,全球光學影像篩選機領導者，專門檢測扣件缺陷，受惠於自動化需求。,https://www.ccm-inspection.com/,2026-05-11
2072.TW,世紀風電,能源轉型,離岸風電,世紀鋼集團成員，為台灣離岸風電水下基礎（套管式）製造大廠。,http://www.century-wind.com.tw/,2026-05-11
2073.TWO,雄順,基礎材料,鋼鐵加工,專業線材盤元酸洗與抽線加工廠，為下游扣件業的重要中游廠商。,http://www.hsiungshun.com.tw/,2026-05-11
2101.TW,南港,基礎材料,輪胎製造,台灣老牌輪胎廠，並擁有大量南港土地開發案（世界明珠）之資產題材。,https://www.nankang-tyre.com/,2026-05-11
2102.TW,泰豐,基礎材料,輪胎製造,專業生產轎車與休旅車輪胎，近年重心轉向資產活化與品牌經營。,http://www.federaltire.com.tw/,2026-05-11
2103.TW,台橡,基礎材料,合成橡膠,全球知名合成橡膠大廠，產品供應輪胎、運動鞋材與醫療材料。,https://www.tsrc.com.tw/,2026-05-11
2104.TW,國際中橡,基礎材料,碳黑/生技,全球主要碳黑供應商（輪胎關鍵原料），並具備龐大的生技權利金收入。,https://www.csrcgroup.com/,2026-05-11
2105.TW,正新,基礎材料,輪胎龍頭,全球前十大輪胎大廠，以「MAXXIS 瑪吉斯」品牌行銷全球。,https://www.maxxis.com/,2026-05-11
2106.TW,建大,基礎材料,輪胎製造,專業自行車、機車及轎車輪胎大廠，在全球具備完整產銷佈局。,https://www.kendatire.com/,2026-05-11
2107.TW,厚生,基礎材料,橡膠資產,生產橡膠皮、塑膠布，並積極參與資產活化與營建開發計畫。,http://www.hwasung.com.tw/,2026-05-11
2108.TW,南帝,基礎材料,NBR手套,全球 NBR 乳膠大廠，產品主要供應拋棄式醫療及工業用手套需求。,https://www.nantex.com.tw/,2026-05-11
2109.TW,華豐,基礎材料,輪胎製造,以「DURO」品牌聞名，專注於機車、農耕機與特殊用途輪胎。,http://www.duro.com.tw/,2026-05-11
2114.TW,鑫永銓,基礎材料,輸送帶,專業生產工業用輸送帶與同步帶，產品應用於礦業、港口與物流。,https://www.hyc-king.com/,2026-05-11
2115.TW,六暉-KY,汽車相關,氣門嘴,全球氣門嘴龍頭，供應輪胎大廠與 TPMS 胎壓偵測器整合商。,http://www.luhai.com.tw/,2026-05-11
2201.TW,裕隆,汽車相關,汽車製造,台灣汽車龍頭，代理品牌、自有品牌與土地開發（裕隆城）併行發展。,https://www.yulon-motor.com.tw/,2026-05-11
2204.TW,中華,汽車相關,商用車製造,專精於商用車與電動二輪車，近年與 MG 品牌合作成效顯著。,https://www.china-motor.com.tw/,2026-05-11
2206.TW,三陽工業,汽車相關,二輪/四輪,台灣機車領導品牌（SYM），並代理現代汽車（Hyundai）業務。,https://www.sym.com.tw/,2026-05-11
2207.TW,和泰車,汽車相關,汽車銷售,台灣市佔率冠軍，代理 Toyota 與 Lexus，具備龐大的租賃與維修利潤。,https://www.hotaimotor.com.tw/,2026-05-11
2208.TW,台船,工業製造,造船工程,台灣指標造紙廠，承接潛艦國造、離岸風電工作船與貨櫃輪業務。,https://www.csbcnet.com.tw/,2026-05-11
2211.TW,長榮鋼,基礎材料,鋼構/環保,專注於高樓與廠房鋼構工程，並轉投資廢棄物處理與能源環保業務。,https://www.egc.com.tw/,2026-05-11
2221.TWO,大甲,基礎材料,潔淨管件,專業生產半導體級與化工用之潔淨管線元件（潔淨接頭）。,http://www.ta-chia.com.tw/,2026-05-11
2227.TW,裕日車,汽車相關,汽車銷售,負責 Nissan 與 Infiniti 品牌之研發與銷售，收益受惠於轉投資收入。,https://www.nissan.com.tw/,2026-05-11
2228.TW,劍麟,汽車相關,安全組件,全球汽車安全氣囊啟動器及預縮式安全帶精密零件領導廠商。,http://www.iron-force.com.tw/,2026-05-11
2230.TWO,泰茂,汽車相關,活塞環,台灣活塞環大廠，並跨足儲能與菸酒貿易事業。,https://www.teymou.com.tw/,2026-05-11
2231.TW,為升,汽車相關,汽車電子,全球 TPMS 售後市場龍頭，積極研發毫米波雷達與 ADAS 系統。,http://www.cub.com.tw/,2026-05-11
2233.TW,宇隆,汽車相關,精密零件,專業噴油嘴、心軸組件大廠，應用於汽車引擎、醫療器材及航太。,http://www.ulin.com.tw/,2026-05-11
2235.TWO,謚源,汽車相關,散熱電機,專業生產汽車風扇、鼓風機與車窗馬達，深耕北美售後市場 (AM)。,http://www.shiyuan.com.tw/,2026-05-11
2236.TW,百達-KY,汽車相關,沖壓件,專精於汽車、機車與碟盤精密沖壓組件，並發展服務型機器人業務。,http://www.patec-intl.com/,2026-05-11
2239.TW,英利-KY,汽車相關,結構組件,主要供應中國品牌汽車之金屬與複合材料結構件，具備輕量化技術。,http://www.engley.com.cn/,2026-05-11
2241.TW,艾姆勒,汽車相關,散熱模組,專業研發電動車逆變器冷卻模組，採用先進金屬粉末射出成形技術。,http://www.amulaire.com/,2026-05-11
2243.TW,宏旭-KY,汽車相關,模具製造,專業汽車鈑金模具設計與製造大廠，客戶涵蓋國際知名車廠。,http://www.sh-hx.com/,2026-05-11
2247.TW,汎德永業,汽車相關,豪車經銷,台灣豪華車代理龍頭，品牌涵蓋 BMW、Porsche，具備穩定高利潤。,http://www.pan-germany.com.tw/,2026-05-11
2248.TW,華勝-KY,汽車相關,車內飾件,專業生產汽車金屬飾板、背光模組及車載電子組件。,http://www.vassion.com/,2026-05-11
2250.TW,IKKA-KY,汽車相關,精密塑料,第一家在台上市的日系企業，專業生產汽車電動轉向與煞車組件。,http://www.ikka-holding.com/,2026-05-11
2254.TW,巨鎧精密-創,汽車相關,改裝燈具,專注於高端汽車改裝車燈研發，產品具備高度設計美感與技術屏障。,https://www.cobras-tech.com/,2026-05-11
2258.TW,鴻華先進-創,汽車相關,電動車平台,鴻海與裕隆合資，主打「MIH」開放平台，為電動車研發之指標。,https://www.foxtronev.com/,2026-05-11
2301.TW,光寶科,科技電子,電源管理,全球電源管理龍頭，成功轉型至 AI 伺服器電源、車用電子與雲端中心。,https://www.liteon.com/,2026-05-11
2302.TW,麗正,科技電子,半導體元件,專業整流二極體製造商，產品應用於消費電子、車用及電源供應器。,http://www.rectron.com/,2026-05-11
2303.TW,聯電,科技電子,晶圓代工,全球領先的成熟製程晶圓代工廠，產品廣泛應用於車用、IoT 及驅動 IC。,https://www.umc.com/,2026-05-11
2305.TW,全友,科技電子,影像掃描,專業影像輸入設備製造商，近年轉型至醫用與工業用高階影像檢測。,http://www.microtek.com.tw/,2026-05-11
2308.TW,台達電,科技電子,電源與能源,全球電源管理龍頭，跨足工業自動化、電動車零件與綠能儲能系統。,https://www.deltaww.com/,2026-05-11
2312.TW,金寶,科技電子,電子代工,金仁寶集團成員，專注於 3D 投影機、印表機及通訊裝置代工。,https://www.calcomp.com.tw/,2026-05-11
2313.TW,華通,科技電子,印刷電路板,全球高階 HDI 板龍頭，主要供應低軌衛星、手機與筆電市場。,https://www.compeq.com.tw/,2026-05-11
2314.TW,台揚,科技電子,衛星通訊,專業衛星通訊設備商，產品涵蓋 LNB 與 VSAT，受惠於低軌衛星趨勢。,http://www.mtigroup.com/,2026-05-11
2316.TW,楠梓電,科技電子,印刷電路板,專注於多層印刷電路板製造，並受惠於轉投資公司之收益。,http://www.wus.com.tw/,2026-05-11
2317.TW,鴻海,科技電子,電子代工,全球最大電子代工廠，積極布局電動車、機器人及數位健康（3+3）戰略。,https://www.honhai.com/,2026-05-11
2321.TW,東訊,科技電子,通訊設備,專業企業通訊系統廠商，近年致力於智慧工廠與能源監控方案。,http://www.tecom.com.tw/,2026-05-11
2323.TW,中環,科技電子,儲存媒體,全球主要光碟片製造商，近年轉型餐飲休閒並透過金融操作獲利。,http://www.cmcnet.com.tw/,2026-05-11
2324.TW,仁寶,科技電子,電子代工,全球筆電代工大廠，積極拓展智慧醫療、車用電子及 5G 應用。,https://www.compal.com/,2026-05-11
2327.TW,國巨*,科技電子,被動元件,全球被動元件龍頭，透過國際收購建構出完整的電阻、電容與電感鏈。,https://www.yageo.com/,2026-05-11
2328.TW,廣宇,科技電子,線束組件,鴻海集團成員，專注於電線電纜、連接器及 PCB 組裝，積極跨足車用。,http://www.pan-intl.com/,2026-05-11
2329.TW,華泰,科技電子,封裝測試,專業半導體封裝與電子代工廠，受惠於快閃記憶體封裝與伺服器代工。,http://www.ose.com.tw/,2026-05-11
2330.TW,台積電,科技電子,晶圓代工,全球半導體製程領導者，擁有先進的 3nm/2nm 技術，是 AI 產業的基石。,https://www.tsmc.com/,2026-05-11
2331.TW,精英,科技電子,主機板代工,專業主機板、筆電與充電樁代工廠，隸屬大同集團旗下。,https://www.ecs.com.tw/,2026-05-11
2332.TW,友訊,科技電子,網路設備,以「D-Link」品牌行銷全球，專注於網路交換器、網通產品與智慧家居。,https://www.dlink.com/,2026-05-11
2337.TW,旺宏,科技電子,記憶體,全球唯讀記憶體 (ROM) 龍頭，並深耕 NOR Flash 市場與車用應用。,https://www.mxic.com.tw/,2026-05-11
2338.TW,光罩,科技電子,光罩製造,台灣重要獨立光罩大廠，受惠於成熟製程晶圓代工需求之成長。,http://www.tmc.com.tw/,2026-05-11
2340.TW,台亞,科技電子,化合物半導體,原名光磊，轉型發展第三代半導體、感測元件與功率元件。,https://www.taya-sc.com/,2026-05-11
2342.TW,茂矽,科技電子,晶圓代工,專注於 MOSFET 與二極體之 6 吋晶圓代工，積極跨足車用功率元件。,https://www.mosel.com.tw/,2026-05-11
2344.TW,華邦電,科技電子,記憶體,專業記憶體製造商，產品涵蓋 DRAM、NOR Flash 及安全快閃記憶體。,https://www.winbond.com/,2026-05-11
2345.TW,智邦,科技電子,網路交換器,全球白牌資料中心交換器領導者，受惠於雲端與 AI 驅動之網路升級。,https://www.accton.com/,2026-05-11
2347.TW,聯強,科技電子,電子通路,亞太地區最大資通訊、雲端、組件及數位產品之配銷服務龍頭。,https://www.synnex.com.tw/,2026-05-11
2348.TW,海悅,金融地產,房產代銷,台灣房屋代銷龍頭，掌握龐大新成屋預售案量，並積極跨足營建開發。,http://www.hiyes.tw/,2026-05-11
2349.TW,錸德,科技電子,儲存媒體,專業光碟片製造廠，積極轉型發展綠能、B2B 高階歸檔光碟及餐飲。,http://www.ritek.com/,2026-05-11
2351.TW,順德,科技電子,導線架,全球車用功率導線架龍頭，與國際 IDM 大廠關係緊密，獲利穩健。,https://www.sdi.com.tw/,2026-05-11
2352.TW,佳世達,科技電子,系統整合,以品牌 (BenQ) 與代工併行，近年轉型發展醫療與智慧零售之艦隊模式。,https://www.qisda.com/,2026-05-11
2353.TW,宏碁,科技電子,電腦品牌,全球 PC 品牌大廠，積極發展 AI PC 與多元生活風格產品。,https://www.acer.com/,2026-05-11
2354.TW,鴻準,科技電子,金屬機殼,鴻海集團成員，專注於電子產品散熱模組與機殼製造，積極發展醫材。,http://www.foxconn-tech.com.tw/,2026-05-11
2355.TW,敬鵬,科技電子,印刷電路板,全球車用 PCB 龍頭，產品應用於汽車儀表、中控及電力管理系統。,http://www.chinpoon.com/,2026-05-11
2356.TW,英業達,科技電子,電子代工,筆電與伺服器代工大廠，在 AI 伺服器與邊緣運算領域佈局深厚。,https://www.inventec.com/,2026-05-11
2357.TW,華碩,科技電子,電腦品牌,全球主機板與電競電腦領導品牌，積極整合 AI 技術至終端產品。,https://www.asus.com/,2026-05-11
2359.TW,所羅門,科技電子,AI視覺/能源,代理能源設備，近年轉型 AI 視覺與機器人手臂，受惠於自動化浪潮。,https://www.solomon.com.tw/,2026-05-11
2360.TW,致茂,科技電子,精密檢測,全球精密電子量測與自動化檢測龍頭，產品應用於電動車與半導體。,https://www.chromaate.com/,2026-05-11
2362.TW,藍天,科技電子,電腦代工/百貨,專業高階筆電代工廠，並經營中國大陸百腦匯電腦商場與資產開發。,http://www.clevo.com.tw/,2026-05-11
2363.TW,矽統,科技電子,IC設計,聯電集團旗下，主要產品為多媒體與觸控晶片，近年積極調整佈局。,https://www.sis.com.tw/,2026-05-11
2364.TW,倫飛,科技電子,強固型電腦,專業強固型筆電製造商，產品應用於軍工、警消與工業極端環境。,http://www.twinhead.com.tw/,2026-05-11
2365.TW,昆盈,科技電子,電腦週邊,以「Genius」品牌聞名，生產滑鼠、鍵盤與音響等消費電子週邊。,https://www.geniusnet.com.tw/,2026-05-11
2367.TW,燿華,科技電子,印刷電路板,專業高階 HDI 板大廠，近年積極佈局低軌衛星板與車用板市場。,http://www.anypcb.com/,2026-05-11
2368.TW,金像電,科技電子,印刷電路板,全球伺服器 PCB 龍頭，受惠於 AI 伺服器與交換器規格升級趨勢。,http://www.gce.com.tw/,2026-05-11
2369.TW,菱生,科技電子,封裝測試,專業記憶體與感測元件封裝廠，產品涵蓋電源管理與光學感測元件。,http://www.lingsen.com.tw/,2026-05-11
2371.TW,大同,科技電子,電機/資產,台灣老牌大電機廠，專注於重電系統、電力基礎建設及豐富的資產題材。,https://www.tatung.com/,2026-05-11
2373.TW,震旦行,商業服務,辦公設備,兩岸辦公設備領導品牌，提供影印機租賃、辦公家具及 3D 列印方案。,https://www.aurora.com.tw/,2026-05-11
2374.TW,佳能,科技電子,光學模組,從數位相機代工轉型，發展車用鏡頭、AI 智慧監控與影像處理解決方案。,https://www.abilitycorp.com.tw/,2026-05-11
2375.TW,凱美,科技電子,被動元件,國巨集團成員，專業生產電解電容器、風扇與電阻組件。,https://www.kaimei.com/,2026-05-11
2376.TW,技嘉,科技電子,電腦硬體,全球主機板與顯示卡大廠，為 AI 伺服器（HGX/MGX）的核心供應商。,https://www.gigabyte.com.tw/,2026-05-11
2377.TW,微星,科技電子,電腦硬體,全球電競電腦品牌龍頭，產品橫跨電競筆電、顯示卡及車用電子。,https://www.msi.com/,2026-05-11
2379.TW,瑞昱,科技電子,IC 設計,全球網路與多媒體 IC 龍頭，其乙太網路與無線通訊晶片市佔極高。,https://www.realtek.com/,2026-05-11
2380.TW,虹光,科技電子,影像掃描,專業饋紙式掃描器製造商，發展醫療影像設備與文件數位化方案。,http://www.avision.com/,2026-05-11
2382.TW,廣達,科技電子,電子代工,全球第一大筆電代工廠，且為全球 AI 伺服器製造與出貨的龍頭。,https://www.quantatw.com/,2026-05-11
2383.TW,台光電,科技電子,銅箔基板,全球無鹵素銅箔基板 (CCL) 龍頭，為高階伺服器與 AI 產品關鍵材料商。,https://www.emctw.com/,2026-05-11
2385.TW,群光,科技電子,電腦週邊,全球鍵盤與電源供應器大廠，產品廣泛應用於 PC、筆電與物聯網。,https://www.chicony.com/,2026-05-11
2387.TW,精元,科技電子,筆電鍵盤,全球最大筆電鍵盤供應商，客戶涵蓋全球所有一線筆電品牌。,http://www.sunrex.com.tw/,2026-05-11
2388.TW,威盛,科技電子,IC 設計,從處理器設計轉型，專注於邊緣 AI、車載視覺系統與工業物聯網晶片。,https://www.viatech.com.tw/,2026-05-11
2390.TW,云辰,科技電子,安控系統,專業無線居家安全監控系統廠商，並積極轉投資生技產業。,http://www.everspring.com/,2026-05-11
2392.TW,正崴,科技電子,連接組件,專業線纜組合、連接器與電池模組廠，隸屬鴻海集團關係體系。,https://www.foxlink.com.tw/,2026-05-11
2393.TW,億光,科技電子,LED 封裝,台灣 LED 封裝龍頭，產品應用於車用照明、背光、感測與不可見光。,https://www.everlight.com/,2026-05-11
2395.TW,研華,科技電子,工業電腦,全球工業電腦 (IPC) 龍頭，主導智慧工廠與工業物聯網 (IIoT) 平台。,https://www.advantech.com/,2026-05-11
2397.TW,友通,科技電子,工業電腦,佳世達集團旗下，專注於嵌入式板卡與強固型工業系統。,https://www.dfi.com/,2026-05-11
2399.TW,映泰,科技電子,主機板,專業主機板製造商，近年轉型工業電腦與邊緣 AI 運算設備。,https://www.biostar.com.tw/,2026-05-11
2401.TW,凌陽,科技電子,IC 設計,專業多媒體、車用電子及 AIoT SoC 晶片設計公司。,https://www.sunplus.com/,2026-05-11
2402.TW,毅嘉,科技電子,軟性電路板,專業軟板與按鍵零件廠，深耕車載用軟板市場，受惠車用電子化趨勢。,https://www.ichiatools.com/,2026-05-11
2404.TW,漢唐,科技電子,無塵室工程,半導體與面板業無塵室機電工程龍頭，為台積電等大廠的核心夥伴。,http://www.uis.com.tw/,2026-05-11
2405.TW,輔信,科技電子,迷你電腦,原名浩鑫，專注於迷你準系統與工業電腦，並積極跨足醫療科技。,https://www.shuttle.com/,2026-05-11
2406.TW,國碩,基礎材料,太陽能,生產光碟片起家，現專注於太陽能矽晶圓、導電漿與綠能案場開發。,http://www.giga-solar.com/,2026-05-11
2408.TW,南亞科,科技電子,DRAM 製造,台塑集團旗下，台灣 DRAM 生產龍頭，具備先進製程研發能力。,https://www.nanya.com/,2026-05-11
2409.TW,友達,科技電子,面板製造,全球顯示面板巨頭，轉型發展車用顯示系統與能源管理解決方案。,https://www.auo.com/,2026-05-11
2412.TW,中華電,通訊服務,電信龍頭,台灣電信業領導者，擁有最廣光纖、5G 網路及轉投資影視雲端業務。,https://www.cht.com.tw/,2026-05-11
2413.TW,環科,科技電子,電磁組件,專業生產變壓器與電源模組，並開發車用毫米波雷達感測系統。,http://www.umec.com.tw/,2026-05-11
2414.TW,精技,科技電子,電子通路,專業資通訊產品代理商，並提供自動資料收集系統與倉儲物流方案。,https://www.unitech.com.tw/,2026-05-11
2415.TW,錩新,基礎材料,揚聲器組件,全球車用揚聲器導磁座龍頭，供應知名音響品牌與車廠。,http://www.fineblanking.com/,2026-05-11
2417.TW,圓剛,科技電子,影像採集,專業直播、視訊及影像處理設備商，發展 AI 邊緣運算平台。,https://www.avermedia.com/,2026-05-11
2419.TW,仲琦,科技電子,網通設備,佳世達集團成員，專注於電纜數據機 (Cable Modem) 與寬頻存取設備。,https://www.hitrontech.com/,2026-05-11
2420.TW,新巨,科技電子,工業電源,專業生產微動開關與伺服器電源供應器，具備高度研發利基。,https://www.zippy.com/,2026-05-11
2421.TW,建準,科技電子,散熱風扇,全球精密散熱風扇大廠，受惠於伺服器、車用與通訊設備散熱需求。,https://www.sunon.com/,2026-05-11
2423.TW,固緯,科技電子,電子儀器,專業電子測試與量測儀器製造商，產品廣泛用於教育與電子研發。,https://www.gwinstek.com/,2026-05-11
2424.TW,隴華,通訊服務,海事通訊,專注於海上衛星通訊服務與寬頻內容平台開發。,http://www.longhwat.com.tw/,2026-05-11
2425.TW,承啟,科技電子,主機板/AI,專注於主機板與顯示卡，並透過轉投資切入 AI 運算伺服器市場。,http://www.chaintech.com.tw/,2026-05-11
2426.TW,鼎元,科技電子,感測元件,富采集團成員，專業生產發光二極體及感測元件晶粒，應用於穿戴裝置與醫療。,http://www.tyntek.com.tw/,2026-05-11
2427.TW,三商電,科技電子,系統整合,專業金融自動化（ATM）與公共工程通訊系統整合商，深耕智慧城市解決方案。,https://www.mercuries.com.tw/,2026-05-11
2428.TW,興勤,科技電子,被動元件,全球熱敏/壓敏電阻領軍廠商，產品廣泛應用於車用電子、工業與家電保護。,https://www.thinking.com.tw/,2026-05-11
2429.TW,銘旺科,科技電子,面板組件,專注於觸控面板與液晶顯示模組，提供光電產品製造服務。,http://www.minwong.com.tw/,2026-05-11
2430.TW,燦坤,商業零售,電子通路,台灣家電零售龍頭，擁有廣大實體門市與會員體系，轉型發展虛實整合購物。,https://www.tk3c.com.tw/,2026-05-11
2431.TW,聯昌,科技電子,電源供應,專業電源供應器製造商，產品涵蓋電視、螢幕及車載充電系統。,http://www.lcs.com.tw/,2026-05-11
2432.TW,倚天酷碁-創,科技電子,電腦週邊,宏碁集團子公司，專注於智慧穿戴、自行車週邊及電腦週邊精品。,https://www.acergadget.com/,2026-05-11
2433.TW,互盛電,商業服務,辦公設備,震旦集團成員，主要代理理光 (Ricoh) 影印機與提供辦公自動化軟硬體。,https://www.husing.com.tw/,2026-05-11
2434.TW,統懋,科技電子,半導體元件,專業整流二極體大廠，產品應用於車用、太陽能及電源供應器。,http://www.mospec.com.tw/,2026-05-11
2436.TW,偉詮電,科技電子,IC 設計,全球 USB PD (快速充電) 控制 IC 龍頭，積極佈局伺服器風扇控制 IC。,https://www.weltrend.com.tw/,2026-05-11
2438.TW,翔耀,科技電子,面板加工,提供光電面板切割與組裝服務，並積極轉型發展 AI 算力中心業務。,http://www.shinyores.com.tw/,2026-05-11
2439.TW,美律,科技電子,電聲組件,全球電聲產品領導者，主要供應高階耳機、揚聲器模組與助聽器。,https://www.merry.com.tw/,2026-05-11
2440.TW,太空梭,科技電子,線材加工,專業銅線及光纖線材製造商，產品應用於高階傳輸線與新能源車。,http://www.space-shuttle.com.tw/,2026-05-11
2441.TW,超豐,科技電子,封裝測試,隸屬力成集團，專注於成熟製程之導線架封裝，獲利能力穩健。,http://www.greatek.com.tw/,2026-05-11
2442.TW,新美齊,金融地產,營建開發,從顯示器廠成功轉型為精品住宅開發商，並持續經營車用電子相關業務。,http://www.jean.com.tw/,2026-05-11
2444.TW,兆勁,科技電子,網通設備,專業網路通訊設備廠，跨足雷射晶片封裝與先進記憶體模組。,http://www.gigabyte.net.tw/,2026-05-11
2449.TW,京元電子,科技電子,封裝測試,全球半導體測試龍頭，特別在行動通訊、AI 與聯網晶片測試具備領先地位。,https://www.kyec.com.tw/,2026-05-11
2450.TW,神腦,商業零售,通訊通路,中華電信子公司，為台灣最大行動通訊銷售通路，並擴展全通路服務。,https://www.senao.com.tw/,2026-05-11
2451.TW,創見,科技電子,記憶體模組,台灣知名記憶體品牌，專注於工業用與消費型記憶體卡、碟與固態硬碟。,https://www.transcend-info.com/,2026-05-11
2453.TW,凌群,科技電子,系統整合,專業資訊服務大廠，深耕金融、政府及醫療系統，積極發展 AI 與資安方案。,https://www.syscom.com.tw/,2026-05-11
2454.TW,聯發科,科技電子,IC 設計,全球手機晶片領導大廠，積極跨足 AI PC、車用與邊緣運算晶片領域。,https://www.mediatek.com/,2026-05-11
2455.TW,全新,科技電子,化合物半導體,全球砷化鎵磊晶片龍頭，受惠於 5G 手機、Wi-Fi 7 與光通訊需求。,http://www.vpec.com.tw/,2026-05-11
2457.TW,飛宏,科技電子,電源與充電,專業電源供應器廠，轉投資「馳諾瓦」成為全球電動車快充樁重要廠商。,https://www.phihong.com/,2026-05-11
2458.TW,義隆,科技電子,IC 設計,全球觸控板與指紋辨識 IC 領導者，產品廣泛用於全球筆電品牌。,https://www.emc.com.tw/,2026-05-11
2459.TW,敦吉,科技電子,通路與製造,橫跨電子零組件通路、精密模組製造與檢測驗證服務之綜合型廠商。,http://www.unitech.com.tw/,2026-05-11
2460.TW,建通,科技電子,電機端子,全球精密電器端子龍頭，並發展高導銅合金異型材，切入新能源車。,http://www.gem-terminal.com.cn/,2026-05-11
2461.TW,光群雷,科技電子,防偽材料,全球鐳射防偽材料大廠，產品應用於煙酒、醫藥及防偽標籤。,https://www.k laser.com/,2026-05-11
2462.TW,良得電,科技電子,線材組件,專業電源線模組供應商，積極轉型至伺服器、低軌衛星與車載應用。,http://www.ltgroup.com.cn/,2026-05-11
2464.TW,盟立,科技電子,自動化系統,自動化倉儲與物流系統大廠，受惠於半導體自動化與 AI 算力基礎設施。,https://www.mirle.com.tw/,2026-05-11
2465.TW,麗臺,科技電子,電腦硬體,NVIDIA 重要夥伴，轉型發展 AI 算力中心解決方案、智慧醫療與工作站。,https://www.leadtek.com/,2026-05-11
2466.TW,冠西電,科技電子,光電組件,專業生產光耦合器與繼電器，應用於通信、家電及電源管理。,http://www.cosmo-ic.com/,2026-05-11
2467.TW,志聖,科技電子,半導體設備,提供 PCB 與半導體先進封裝之熱製程設備，為台積電概念股。,https://www.csun.com.tw/,2026-05-11
2468.TW,華經,科技電子,系統整合,提供影像處理、雲端基礎架構及智慧物流解決方案之服務商。,https://www.waverain.com/,2026-05-11
2471.TW,資通,通訊服務,軟體服務,提供 ERP、HRM 及金融解決方案之軟體商，深耕製造業與銀行業。,https://www.ares.com.tw/,2026-05-11
2472.TW,立隆電,科技電子,被動元件,專業鋁質電解電容器大廠，積極拓展車用、綠能與電訊基地台市場。,https://www.lelon.com/,2026-05-11
2474.TW,可成,科技電子,機殼與醫材,曾為手機機殼巨頭，現擁有龐大現金儲備，積極轉型至醫療與航太領域。,https://www.catcher-group.com/,2026-05-11
2476.TW,鉅祥,科技電子,沖壓模具,專業精密連續沖壓模具廠，產品跨足車用鏡頭機殼與光電組件。,http://www.gsh.com.tw/,2026-05-11
2477.TW,美隆電,科技電子,電聲製造,專業家用與專業級音響、揚聲器代工廠，具備強大 ODM 技術能力。,http://www.meiloon.com.tw/,2026-05-11
2478.TW,大毅,科技電子,被動元件,國巨集團成員，為全球晶片電阻大廠，深耕保護與感測組件。,https://www.tai.com.tw/,2026-05-11
2480.TW,敦陽科,通訊服務,系統整合,台灣最大資訊與通訊系統整合服務商之一，客戶涵蓋半導體與金融龍頭。,https://www.systex.com/,2026-05-11
2481.TW,強茂,科技電子,半導體元件,全球主要整流二極體製造商，專注於功率半導體封裝，深耕車用與工業市場。,http://www.panjit.com.tw/,2026-05-11
2482.TW,連宇,科技電子,讀卡設備,專業支付卡讀取與加密設備製造商，產品應用於零售、自助服務終端。,http://www.uicworld.com/,2026-05-11
2483.TW,百容,科技電子,電子開關,專業電子開關、繼電器與終端連接器製造商，應用於通訊與工控設備。,http://www.ece.com.tw/,2026-05-11
2484.TW,希華,科技電子,頻率元件,專業石英晶體振盪器廠，產品應用於 5G 通訊、物聯網及車用電子。,http://www.siward.com.tw/,2026-05-11
2485.TW,兆赫,科技電子,通訊設備,專業數位衛星、有線電視接收設備大廠，發展智慧居家與影音傳輸。,http://www.zinwell.com.tw/,2026-05-11
2486.TW,一詮,科技電子,導線架/散熱,LED 導線架大廠，近年積極發展 AI 伺服器高階散熱解決方案（均熱片）。,http://www.ect.com.tw/,2026-05-11
2488.TW,漢平,科技電子,音訊設備,專業 DJ 音響與黑膠唱盤 ODM 製造商，在高階音訊設備市場具利基。,http://www.hanpin.com.tw/,2026-05-11
2489.TW,瑞軒,科技電子,影像顯示,顯示器與電視代工廠，近年切入電腦週邊與機器人代工領域。,https://www.amtran.com.tw/,2026-05-11
2491.TW,吉祥全,科技電子,電子材料,從事半導體材料與電子零組件之製造及銷售，具資產活化題材。,http://www.pqi.com.tw/,2026-05-11
2492.TW,華新科,科技電子,被動元件,全球被動元件大廠，隸屬華新麗華集團，產品涵盖電阻、電容及低溫陶瓷。,https://www.passivecomponents.com/,2026-05-11
2493.TW,揚博,科技電子,設備代銷,專業 PCB 與半導體設備代理及製程技術服務商，專注高階濕製程。,http://www.ampoc.com.tw/,2026-05-11
2495.TW,普安,科技電子,儲存系統,專業磁碟陣列 (RAID) 與網路附屬儲存 (NAS) 設備商，擁自有品牌。,https://www.infortrend.com/,2026-05-11
2496.TW,卓越,商業服務,教育諮詢,台灣知名升學補習品牌，轉型發展教育科技與幼教領域。,http://www.choice-success.com/,2026-05-11
2497.TW,怡利電,科技電子,車用電子,專注於抬頭顯示器 (HUD)、車載多媒體與先進駕駛輔助系統。,http://www.e-lead.com.tw/,2026-05-11
2498.TW,宏達電,科技電子,虛擬實境,專注於虛擬實境 (VR/AR) 硬體與「VIVERSE」元宇宙生態系佈局。,https://www.htc.com/,2026-05-11
2501.TW,國建,金融地產,營建開發,台灣首家上市建商，為國泰集團旗下，以高品質住宅開發與穩健著稱。,https://www.cathay-red.com.tw/,2026-05-11
2504.TW,國產,基礎材料,預拌混凝土,台灣預拌混凝土龍頭，具備垂直整合砂石與建材供應鏈之競爭優勢。,https://www.goldsun.com.tw/,2026-05-11
2505.TW,國揚,金融地產,營建開發,專業住宅與商辦大廠，積極跨足工業地產與都市更新開發。,http://www.kyh.com.tw/,2026-05-11
2506.TW,太設,金融地產,營建開發,台灣資深開發商，業務涵蓋不動產建設、百貨零售與公共工程。,http://www.pacific-con.com.tw/,2026-05-11
2509.TW,全坤建,金融地產,營建開發,專注於大台北地區精華地段之住宅開發與都市更新案。,http://www.chuan-kuen.com.tw/,2026-05-11
2511.TW,太子,金融地產,營建開發,統一集團背景，專注於全台住宅開發，並跨足飯店經營。,http://www.prince.com.tw/,2026-05-11
2514.TW,龍邦,金融地產,投資控股,不動產開發與投資，目前為泰山企業之大股東，具市場經營權題材。,http://www.longbon.com.tw/,2026-05-11
2515.TW,中工,工程營造,公共工程,台灣指標性綜合營造商，承攬大型基礎建設、智慧社區與離岸風電工程。,https://www.bes.com.tw/,2026-05-11
2516.TW,新建,工程營造,公共工程,專注於大型公共工程與廠房建設，具備豐富的隧道與軌道工程經驗。,http://www.newasia.com.tw/,2026-05-11
2520.TW,冠德,金融地產,營建開發,專注於捷運聯開案、住宅開發，旗下並擁有環球購物中心。,https://www.kindom.com.tw/,2026-05-11
2524.TW,京城,金融地產,營建開發,高雄地區代表性大型建商，掌握南台灣龐大土地儲備。,http://www.king-town.com.tw/,2026-05-11
2527.TW,宏璟,金融地產,營建開發,日量光集團成員，專注於大台北住宅與工業廠辦之開發。,http://www.hungching.com.tw/,2026-05-11
2528.TW,皇普,金融地產,營建開發,積極轉型後致力於全國性推案，專注於首購與換屋住宅市場。,https://www.hp-con.com.tw/,2026-05-11
2530.TW,華建,金融地產,營建開發,專業房地產開發商，深耕都市更新與區域整合開發。,http://www.greatchina.com.tw/,2026-05-11
2534.TW,宏盛,金融地產,營建開發,以台北市豪宅「仁愛帝寶」聞名，專注於高品質大型社區開發。,http://www.hung盛.com.tw/,2026-05-11
2535.TW,達欣工,工程營造,營造工程,台灣優質甲級營造廠，專精於高階住宅、商辦及科技廠房營建。,http://www.da-cin.com.tw/,2026-05-11
2536.TW,宏普,金融地產,營建開發,專注於大台北精華區住宅及高價值商辦開發，獲利穩健。,http://www.hungpu.com.tw/,2026-05-11
2537.TW,聯上發,金融地產,營建開發,聯上集團旗下，深耕大台北與桃園地區之住宅開發與銷售。,http://www.len-sun.com.tw/,2026-05-11
2538.TW,基泰,金融地產,營建開發,專注於台北市精華區中小規模之精品住宅開發。,http://www.keetay.com.tw/,2026-05-11
2539.TW,櫻花建,金融地產,營建開發,深耕台中與彰化地區，以高性價比住宅產品快速去化為特色。,http://www.sakura-con.com.tw/,2026-05-11
2540.TW,愛山林,金融地產,房產代銷,台灣知名房地產代銷與自建開發商，掌握龐大代銷案量。,http://www.jsl.com.tw/,2026-05-11
2542.TW,興富發,金融地產,營建開發,台灣推案量第一之營建集團，專注於全國性住宅與商辦開發。,http://www.highwealth.com.tw/,2026-05-11
2543.TW,皇昌,工程營造,公共工程,專業營造大廠，擅長橋樑、隧道及大型基礎設施等公共工程。,http://www.hccl.com.tw/,2026-05-11
245.TW,皇翔,金融地產,營建開發,專業住宅開發商，並積極跨足飯店與商業地產經營。,http://www.hsc.com.tw/,2026-05-11
2546.TW,根基,工程營造,營造工程,冠德集團旗下，專注於高品質住宅營建及科技廠房工程。,http://www.kedge.com.tw/,2026-05-11
2547.TW,日勝生,金融地產,營建開發,專業捷運聯開案大廠，跨足水資源處理與銀髮養生住宅開發。,http://www.radium.com.tw/,2026-05-11
2548.TW,華固,金融地產,營建開發,台灣指標性精品住宅與頂級商辦開發商，以高效推案與穩定配息著稱。,http://www.huaku.com.tw/,2026-05-11
2596.TWO,綠意,金融地產,營建開發,深耕北台灣工業廠辦與住宅開發，專注於利基型房地產市場。,http://www.green-concept.com.tw/,2026-05-11
2597.TW,潤弘,工程營造,營造工程,潤泰集團成員，專精於預鑄工法與高科技廠房營造，具技術領先優勢。,http://www.ruentex.com.tw/,2026-05-11
2601.TW,益航,運輸物流,航運與投資,經營大宗物資散裝航運，並轉投資中國百貨零售與融資租賃業務。,http://www.fesc.com.tw/,2026-05-11
2603.TW,長榮,運輸物流,貨櫃航運,全球主要貨櫃航運巨頭，擁有強大船隊規模與全球化航線佈局。,https://www.evergreen-marine.com/,2026-05-11
2605.TW,新興,運輸物流,散裝航運,專業散裝航運與油輪租賃商，具備超大型原油輪 (VLCC) 營運經驗。,http://www.shinc.com.tw/,2026-05-11
2606.TW,裕民,運輸物流,散裝航運,遠東集團旗下，全球主要散裝航運商，專注於鐵礦砂、煤炭與散裝貨運。,https://www.u-ming.com.tw/,2026-05-11
2607.TW,榮運,運輸物流,物流服務,長榮集團成員，提供內陸貨櫃運輸、倉儲物流及貨櫃終端管理服務。,https://www.evergreen-logistics.com/,2026-05-11
2608.TW,嘉里大榮,運輸物流,陸路運輸,台灣物流通路領導者，提供零擔快遞、冷鏈物流及第三方物流服務。,https://www.kerrytj.com/,2026-05-11
2609.TW,陽明,運輸物流,貨櫃航運,台灣國有背景之貨櫃航運大廠，為全球「THE Alliance」聯盟重要成員。,https://www.yangming.com/,2026-05-11
2610.TW,華航,運輸物流,航空運輸,台灣旗艦航空公司，擁有強大的貨運機隊與遍及全球的客運網絡。,https://www.china-airlines.com/,2026-05-11
2611.TW,志信,運輸物流,陸路運輸,提供內陸貨櫃運輸與倉儲，並跨足加油站經營與房地產開發。,http://www.shihhsin.com.tw/,2026-05-11
2612.TW,中航,運輸物流,散裝航運,專業散裝航運服務，同時經營內陸運輸與物流倉儲業務。,http://www.cmt.com.tw/,2026-05-11
2613.TW,中櫃,運輸物流,港口服務,提供碼頭貨櫃裝卸、倉儲與物流服務，為台灣重要港口經營業者。,http://www.cctcorp.com.tw/,2026-05-11
2614.TW,東森,商業零售,電商與媒體,經營電視購物「東森購物」、虛擬通路與寵物實體門市，並具倉儲業務。,http://www.emc.com.tw/,2026-05-11
2615.TW,萬海,運輸物流,貨櫃航運,專精於亞洲近洋航線的貨櫃航運商，近年積極拓展美國、南美遠洋航線。,https://www.wanhai.com/,2026-05-11
2616.TW,山隆,運輸物流,物流與能源,正隆集團旗下，提供內陸貨櫃物流服務，並經營大型加油站連鎖。,http://www.slc.com.tw/,2026-05-11
2617.TW,台航,運輸物流,散裝航運,官股背景之散裝航運商，主要運送大宗原物料與提供代管船服務。,http://www.taiwanline.com.tw/,2026-05-11
2618.TW,長榮航,運輸物流,航空運輸,台灣民營航空領導品牌，以卓越的服務品質與強大的全球航網聞名。,https://www.evaair.com/,2026-05-11
2630.TW,亞航,運輸物流,飛機維修,專業飛機維修（MRO）中心，服務範圍涵蓋軍用與民用飛機維修。,http://www.airasia.com.tw/,2026-05-11
2633.TW,台灣高鐵,運輸物流,鐵道運輸,台灣西部走廊的交通大動脈，經營全台唯一的高速鐵路運輸系統。,https://www.thsrc.com.tw/,2026-05-11
2634.TW,漢翔,科技工業,航太製造,台灣航太龍頭，負責軍機研發製造與民用飛機零組件（如引擎）代工。,https://www.aidc.com.tw/,2026-05-11
2636.TW,台驊控股,運輸物流,貨代承攬,全方位物流供應鏈服務商，專精於海空運承攬、倉儲與物流整合。,https://www.the-alliance.com/,2026-05-11
2637.TW,慧洋-KY,運輸物流,散裝航運,台灣最大的散裝船隊營運商，專注於中小型節能散裝船之租賃。,https://www.wisdomline.com.tw/,2026-05-11
2640.TWO,大車隊,運輸物流,出租車服務,台灣計程車服務領軍業者，透過 APP 與雲端技術經營龐大車隊規模。,https://www.55688.com.tw/,2026-05-11
2641.TWO,正德,運輸物流,散裝航運,專注於中小型散裝貨輪經營與租賃，佈局亞太區域貿易市場。,http://www.franbo.com.tw/,2026-05-11
2642.TW,宅配通,運輸物流,陸路運輸,東元集團與日本快遞合作，經營全台宅配物流與倉儲配送服務。,https://www.e-can.com.tw/,2026-05-11
2643.TWO,捷迅,運輸物流,貨代承攬,專業空海運承攬與報關服務商，深耕電子產品跨境物流領域。,http://www.geis.com.tw/,2026-05-11
2645.TW,長榮航太,科技工業,飛機維修,長榮集團成員，全球前十大飛機維修廠商，並具備航太組件製造力。,https://www.egat.com.tw/,2026-05-11
2646.TW,星宇航空,運輸物流,航空運輸,新一代高端服務航空公司，積極佈局長程航線與轉機市場。,https://www.starlux-airlines.com/,2026-05-11
2701.TW,萬企,觀光餐旅,百貨餐飲,經營百貨商場、戲院與餐飲業務，持有精華區地產之租賃收益。,http://www.wan-chi.com.tw/,2026-05-11
2702.TW,華園,觀光餐旅,飯店經營,台灣資深飯店集團，主要經營據點分布於高雄及美國加州地區。,http://www.hotelholiday.com.tw/,2026-05-11
2704.TW,國賓,觀光餐旅,飯店經營,指標性五星級飯店，目前多個據點進行改建轉型為精品住宅與商辦。,https://www.ambassador-hotels.com/,2026-05-11
2705.TW,六福,觀光餐旅,觀光遊樂,經營野生動物園、遊樂園及五星級飯店，為全方位旅遊服務集團。,http://www.leofoo.com.tw/,2026-05-11
2706.TW,第一店,觀光餐旅,飯店經營,主要經營商務型旅館「第一大飯店」，並具備穩健的資產租賃收益。,http://www.first-hotel.com.tw/,2026-05-11
2707.TW,晶華,觀光餐旅,飯店經營,台灣頂級飯店龍頭，擁有「Regent」品牌經營權，具全球連鎖規模。,https://www.silks-hotels.com/,2026-05-11
2712.TW,遠雄來,觀光餐旅,觀光遊樂,經營位於花蓮的遠雄悅來大飯店與遠雄海洋公園，為東台灣觀光指標。,https://www.farglory-hotel.com.tw/,2026-05-11
2718.TWO,全心投控,觀光餐旅,飯店經營,轉型後之投資控股公司，目前主要營運重心為連鎖旅館經營。,http://www.fpt.com.tw/,2026-05-11
2719.TWO,燦星旅,觀光餐旅,旅遊服務,知名旅遊經紀平台，提供國內外旅遊諮詢、機票及套裝行程預訂。,https://www.startravel.com.tw/,2026-05-11
2722.TW,夏都,觀光餐旅,飯店經營,經營墾丁夏都沙灘酒店及台南夏都城旅，具備稀缺性的海景資源優勢。,https://www.ktshadu.com.tw/,2026-05-11
2723.TW,美食-KY,觀光餐旅,連鎖餐飲,經營「85度C」品牌，全球跨國經營連鎖咖啡、蛋糕與麵包市場。,https://www.85cafe.com/,2026-05-11
2724.TWO,藝舍-KY,觀光餐旅,飯店管理,從事精品旅館經營管理與資產開發，專注於都會區生活化住宿體驗。,http://www.ezstay.com.tw/,2026-05-11
2726.TWO,雅茗-KY,觀光餐旅,手搖飲品,經營「快樂檸檬 (Happy Lemon)」等茶飲品牌，具備全球授權與加盟實力。,https://www.yaming.com/,2026-05-11
2727.TW,王品,觀光餐旅,連鎖餐飲,台灣多品牌餐廳領導者，涵蓋排餐、火鍋、燒肉等多元餐飲業態。,https://www.wowprime.com/,2026-05-11
2729.TWO,瓦城,觀光餐旅,連鎖餐飲,台灣最大的東方餐飲集團，旗下擁有瓦城泰國料理、大心等多個知名品牌。,https://www.ttfb.com/,2026-05-11
2731.TW,雄獅,觀光餐旅,旅遊服務,台灣旅遊業龍頭，提供全方位出入境旅遊、票務、訂房及數位旅遊整合服務。,https://www.liontravel.com/,2026-05-11
2732.TWO,六角,觀光餐旅,手搖飲品,經營「Chatime 日出茶太」，為全球主要的手搖飲授權商，足跡遍及各國。,https://www.lakaffagroup.com.tw/,2026-05-11
2734.TWO,易飛網,觀光餐旅,旅遊服務,台灣第一家廉價航空機票銷售平台，深耕自由行與小資旅遊市場。,https://www.ezfly.com/,2026-05-11
2736.TWO,富野,觀光餐旅,飯店經營,經營連鎖商務與休閒飯店，據點分布於台北、台東、嘉義及高雄。,http://www.hoyaresort.com.tw/,2026-05-11
2739.TW,寒舍,觀光餐旅,飯店經營,經營台北喜來登、寒舍艾美及寒居酒店，定位於高階餐旅與策展美學。,http://www.mghotel.com.tw/,2026-05-11
2740.TWO,華軒,商業服務,投資控股,專注於觀光及餐飲產業之策略投資與資源整合。,http://www.huashuan.com.tw/,2026-05-11
2743.TWO,山富,觀光餐旅,旅遊服務,提供精緻出境旅遊行程與票務服務，深耕東北亞與東南亞線市場。,https://www.travel4u.com.tw/,2026-05-11
2745.TWO,五福,觀光餐旅,旅遊服務,專業旅行社，提供全方位團體旅遊規劃與票務代訂服務。,https://www.lifetour.com.tw/,2026-05-11
2748.TW,雲品,觀光餐旅,飯店經營,雲朗觀光集團旗下，經營日月潭雲品溫泉酒店及頤品大飯店宴會業務。,https://www.fleurdechinehotel.com/,2026-05-11
2751.TWO,王座,觀光餐旅,連鎖餐飲,六角國際旗下，代理國內外知名連鎖餐飲品牌（如銀座杏子日式豬排）。,https://www.kingza.com.tw/,2026-05-11
2752.TWO,豆府,觀光餐旅,連鎖餐飲,台灣韓式料理領導廠商，旗下擁有涓豆腐等多品牌，連鎖化程度高。,http://www.dubuhouse.com.tw/,2026-05-11
2753.TW,八方雲集,觀光餐旅,連鎖餐飲,台灣平價中式快餐龍頭，經營水餃鍋貼連鎖，並跨足梁社漢排骨。,https://www.bafang.com.tw/,2026-05-11
2754.TWO,亞洲藏壽司,觀光餐旅,連鎖餐飲,日本 Kura Sushi 在台子公司，以扭蛋機制與自動化供餐系統為特色。,https://www.kurasushi.tw/,2026-05-11
2755.TWO,揚秦,觀光餐旅,連鎖餐飲,經營「麥味登」與「炸雞大獅」，專注於早午餐與特色小吃加盟體系。,https://www.superqin.com.tw/,2026-05-11
2756.TWO,聯發國際,觀光餐旅,手搖飲品,經營「Sharetea 歇腳亭」，專注於國際市場授權與手搖茶飲海外發展。,https://www.sharetea.com.tw/,2026-05-11
2762.TW,世界健身-KY,運動休閒,連鎖健身,經營「World Gym」健身俱樂部，為台灣最大規模之連鎖健身體系。,https://www.worldgymtaiwan.com/,2026-05-11
2801.TW,彰銀,金融保險,商業銀行,台灣主要三商銀之一，官股背景背景，提供全方位消金與企金服務。,https://www.bankchb.com/,2026-05-11
2812.TW,台中銀,金融保險,商業銀行,地區性銀行發展為全國性銀行之典範，深耕中部中小企業融資市場。,https://www.tcbbank.com.tw/,2026-05-11
2816.TW,旺旺保,金融保險,產物保險,旺旺集團成員，提供汽機車險、住宅火險與商業責任保險服務。,https://www.wwunion.com/,2026-05-11
2820.TW,華票,金融保險,票券金融,專業從事商業本票簽證、承銷、經紀與自營業務，調節市場資金流量。,http://www.chbfc.com.tw/,2026-05-11
2832.TW,台產,金融保險,產物保險,台灣歷史悠久之產物保險公司，專注於財產與個人保險市場。,https://www.tfmi.com.tw/,2026-05-11
2834.TW,臺企銀,金融保險,商業銀行,台灣唯一的中小企業專業銀行，協助企業取得中長期營運資金。,https://www.tbb.com.tw/,2026-05-11
2836.TW,高雄銀,金融保險,商業銀行,高雄市政府具主導權之銀行，扮演推動在地產業與金融服務之角色。,https://www.bok.com.tw/,2026-05-11
2838.TW,聯邦銀,金融保險,商業銀行,聯邦集團旗下，發展信用卡、房貸與財富管理，積極布局數位金融。,https://www.fedbank.com.tw/,2026-05-11
2845.TW,遠東銀,金融保險,商業銀行,遠東集團背景，專注於財富管理與Bankee社群銀行，具多元金流渠道。,https://www.feib.com.tw/,2026-05-11
2849.TW,安泰銀,金融保險,商業銀行,提供整合型金融解決方案，以彈性的企金與法金業務為其發展特色。,https://www.entieb.com.tw/,2026-05-11
2850.TW,新產,金融保險,產物保險,新光集團成員，提供全方位產險規劃，在商用險種具有競爭實力。,https://www.shinkong.com.tw/,2026-05-11
2851.TW,中再保,金融保險,再保險,台灣唯一專業再保險公司，扮演保險分散風險與穩定保險業的角色。,https://www.crc.com.tw/,2026-05-11
2852.TW,第一保,金融保險,產物保險,提供完善的個人與企業保險，以穩健經營與優質理賠服務著稱。,https://www.firstins.com.tw/,2026-05-11
2855.TW,統一證,金融保險,證券經紀,統一集團旗下，提供證券、期貨、投信與理財規劃之全方位金融服務。,https://www.pscnet.com.tw/,2026-05-11
2867.TW,三商壽,金融保險,人壽保險,提供全方位壽險規劃、醫療保險與退休管理，具備廣大業務員體系。,https://www.mli.com.tw/,2026-05-11
2880.TW,華南金,金融保險,金融控股,以華南銀行為核心，涵蓋證券、產險、投信等子公司之官股金控。,https://www.hnfg.com.tw/,2026-05-11
2881.TW,富邦金,金融保險,金融控股,台灣獲利王，橫跨銀行、壽險、產險與證券，具強大資本與資產管理。,https://www.fubon.com/,2026-05-11
2882.TW,國泰金,金融保險,金融控股,台灣資產規模最大之金控，以國泰人壽與世華銀行為兩大核心獲利支柱。,https://www.cathayholdings.com/,2026-05-11
2883.TW,凱基金,金融保險,金融控股,原開發金，更名後強化品牌整合，以凱基證券、凱基銀行及凱基人壽為核心。,https://www.cdfholding.com/,2026-05-11
2884.TW,玉山金,金融保險,金融控股,台灣財富管理與 ESG 領導金控，以玉山銀行為核心，數位金融與海外佈局積極。,https://www.esunfhc.com/,2026-05-11
2885.TW,元大金,金融保險,金融控股,台灣證券與 ETF 市場龍頭，擁有強大的經紀、自營與資產管理（元大投信）體系。,https://www.yuanta.com/,2026-05-11
2886.TW,兆豐金,金融保險,金融控股,以兆豐銀行為核心的官股金控，專精於法金、國貿融資及外匯業務。,https://www.megaholdings.com.tw/,2026-05-11
2887.TW,台新新光金,金融保險,金融控股,台新金與新光金合併後之實體，規模大幅躍升，強化銀行、壽險與證券三支柱。,https://www.taishinholdings.com.tw/,2026-05-11
2889.TW,國票金,金融保險,金融控股,台灣唯一以票券業為核心的金控，並與日本樂天合資經營樂天國際商銀。,http://www.ibf.com.tw/,2026-05-11
2890.TW,永豐金,金融保險,金融控股,以永豐銀行與永豐金證券為雙核心，致力於數位轉型與綠色金融發展。,https://www.sinopac.com/,2026-05-11
2891.TW,中信金,金融保險,金融控股,台灣消金龍頭，中國信託銀行具全球化網絡，並擁有台灣人壽保險業務。,https://www.ctbeholding.com/,2026-05-11
2892.TW,第一金,金融保險,金融控股,歷史悠久的官股金控，第一銀行在中小企業貸款與放款市佔率維持領先。,https://www.firstholding.com.tw/,2026-05-11
2897.TW,王道銀行,金融保險,商業銀行,台灣首家原生數位銀行，轉型自工業銀行，專注於綠色融資與特色零售金融。,https://www.o-bank.com/,2026-05-11
2901.TW,欣欣,商業零售,百貨商場,經營台北「欣欣大眾百貨」，結合餐飲、影城與精品零售，具資產管理性質。,http://www.shinshin-ltd.com.tw/,2026-05-11
2903.TW,遠百,商業零售,百貨商場,遠東集團旗下，經營遠東百貨、SOGO及愛買量販，為台灣百貨連鎖巨頭。,https://www.feds.com.tw/,2026-05-11
2904.TW,匯僑,商業服務,物流倉儲,提供專業化學品、石油產品之港區儲運與裝卸服務，具特許經營優勢。,http://www.acegroup.com.tw/,2026-05-11
2905.TW,三商,商業零售,投資控股,涵蓋美廉社、三商巧福、三商壽及拿坡里，為生活化之多元投資控股集團。,https://www.mercuries.com.tw/,2026-05-11
2906.TW,高林,商業零售,貿易代理,從事成衣出口、品牌服飾代理及生活百貨貿易，並跨足餐飲與地產開發。,http://www.colins.com.tw/,2026-05-11
2908.TW,特力,商業零售,居家修繕,經營特力屋 (Test Rite) 與 HOLA 特力和樂，為台灣家居與修繕通路龍頭。,https://www.testritegroup.com/,2026-05-11
2910.TW,統領,商業零售,百貨商場,經營統領廣場 (Tonlin Plaza)，並積極進行資產租賃與房地產相關投資。,http://www.tonlin.com.tw/,2026-05-11
2911.TW,麗嬰房,商業零售,母嬰用品,台灣母嬰服飾與用品領導品牌，擁有自有品牌及全球多家知名通路授權。,https://www.lesenphants.com.tw/,2026-05-11
2912.TW,統一超,商業零售,連鎖超商,經營 7-ELEVEN，為台灣零售業龍頭，橫跨物流、食品加工與電商支付。,https://www.7-11.com.tw/,2026-05-11
2913.TW,農林,農業休閒,茶業經營,台灣百年茶場經營者，擁有大量土地資產，目前轉向綠能與休閒觀光發展。,https://www.ttch.com.tw/,2026-05-11
2915.TW,潤泰全,商業零售,投資控股,潤泰集團核心企業，轉投資南山人壽、大潤發，並經營紡織與百貨貿易。,http://www.ruentex.com.tw/,2026-05-11
2916.TWO,滿心,商業零售,服飾代理,專業代理國際知名服飾品牌（如 Munsingwear），深耕百貨公司專櫃市場。,https://www.munsin.com.tw/,2026-05-11
2923.TW,鼎固-KY,金融地產,營建開發,專注於中國一線城市（如上海）之商場租賃與住宅房地產開發。,http://www.sinobest.com.cn/,2026-05-11
2924.TWO,宏太-KY,商業零售,成衣貿易,從事機能性與時尚服飾之出口贸易，並代理國際品牌通路業務。,http://www.great-top.com/,2026-05-11
2926.TWO,誠品生活,商業零售,文化百貨,以書店為核心的文化創意平台，經營百貨商場、餐飲與旅館開發業務。,https://www.eslitecorp.com/,2026-05-11
2929.TW,淘帝-KY,商業零售,童裝品牌,深耕中國童裝市場，經營 TOPBI 品牌，專注於設計開發與通路管理。,http://www.topbi.com.cn/,2026-05-11
2937.TWO,集雅社,商業零售,電器通路,經營百貨專櫃與連鎖門市，專業銷售高端影音產品、家電與系統整合。,https://www.gseven.com.tw/,2026-05-11
2939.TW,永邑-KY,商業零售,連鎖通路,經營區域性連鎖生活百貨與餐飲通路，專注於特定市場之品牌運作。,http://www.yye-ky.com/,2026-05-11
2941.TWO,米斯特,商業零售,流行服飾,經營 Life8 等電商與實體服飾品牌，以快時尚與大數據驅動零售。,https://www.life8.com.tw/,2026-05-11
2945.TW,三商家購,商業零售,連鎖超商,經營「美廉社」，定位為社區型折扣超市，具備高度的社區滲透力。,https://www.simplemart.com.tw/,2026-05-11
2947.TWO,振宇五金,商業零售,五金修繕,經營連鎖專業五金賣場，提供居家修繕、工業工具之「自助式」購物環境。,https://www.ald.com.tw/,2026-05-11
2948.TWO,寶陞,居家生活,建材零售,專業木地板與建材進出口商，深耕美國市場，提供一站式居家建材服務。,https://www.pro-step.com.tw/,2026-05-11
2949.TWO,欣新網,商業零售,電商服務,提供全方位電商營運代理，包含倉儲物流、數位廣告與品牌代操作。,https://www.hhw.com.tw/,2026-05-11
3002.TW,歐格,電子零組件,電源轉換,生產電子電源轉換器、多功能排插及智慧居家電源管理系統。,http://www.ahoku.com.tw/,2026-05-11
3003.TW,健和興,電子零組件,連接器製造,專業端子與連接器製造商，深耕電動車充電、綠能與工控連網應用。,https://www.kssterminals.com.tw/,2026-05-11
3004.TW,豐達科,科技工業,航太零件,生產航太及工業用高端緊固件（螺帽、螺栓），為全球引擎大廠供應鏈。,http://www.nafc.com.tw/,2026-05-11
3005.TW,神基,電腦週邊,強固電腦,全球第二大強固型行動運算方案供應商，並生產汽車與航太機構件。,https://www.getacgroup.com/,2026-05-11
3006.TW,晶豪科,半導體,記憶體設計,專業利基型記憶體 (DRAM) 設計公司，專注於消費性電子與通訊應用。,https://www.esmt.com.tw/,2026-05-11
3008.TW,大立光,光學元件,鏡頭模組,全球手機鏡頭龍頭，擁有極高之塑膠鏡片研發與精密模具製造技術。,http://www.largan.com.tw/,2026-05-11
3010.TW,華立,科技工業,材料通路,台灣領先的科技材料通路商，供應半導體、面板及光學之關鍵化學材料。,https://www.wahlee.com/,2026-05-11
3011.TW,今皓,電子零組件,連接線纜,專業連接線與連接器製造商，產品應用涵蓋電腦周邊、車用電子及通訊設備。,http://www.jeihao.com.tw/,2026-05-11
3013.TW,晟銘電,電腦週邊,機殼製造,專精於行動裝置與伺服器機殼開發，近期受惠於 AI 伺服器機櫃與液冷技術需求。,http://www.uneec.com/,2026-05-11
3014.TW,聯陽,半導體,IC 設計,專注於 PC 與筆電控制器 IC (Super I/O)，以及多媒體、顯示器相關控制技術。,https://www.ite.com.tw/,2026-05-11
3015.TW,全漢,電子零組件,電源供應器,全球領先的電源供應器廠商，提供 PC、伺服器及工業應用之高效能電力解決方案。,https://www.fsp-group.com/,2026-05-11
3016.TW,嘉晶,半導體,晶圓製造,"專業磊晶供應商，專注於矽及第三代半導體（GaN, SiC）磊晶技術開發。",http://www.episil-precision.com/,2026-05-11
3017.TW,奇鋐,電子零組件,散熱方案,全球散熱方案巨頭，提供 AI 伺服器、通訊基站所需之散熱模組與液冷系統。,http://www.avc.co/,2026-05-11
3018.TW,隆銘綠能,工程營造,機電工程,提供環保綠能工程、廢棄物處理及機電系統整合服務。,http://www.long-ming.com.tw/,2026-05-11
3019.TW,亞光,光學元件,鏡頭模組,跨足數位影像、雷射測距與車用鏡頭，擁有強大的玻璃研磨與非球面鏡片技術。,http://www.asia-optical.com/,2026-05-11
3021.TW,鴻名,電子零組件,線束加工,經營連接線組加工及資訊產品通路，產品廣泛應用於家電與車用領域。,http://www.well-shin.com.tw/,2026-05-11
3022.TW,威強電,電腦週邊,工業電腦,全球工業電腦領先品牌，專注於智慧醫療、物聯網整合及自動化控制方案。,https://www.ieiworld.com/,2026-05-11
3023.TW,信邦,電子零組件,連接線組,專攻高度客製化的線束組件，深耕醫療、航空、綠能與電動車高階應用。,https://www.sinbon.com/,2026-05-11
3024.TW,憶聲,商業零售,家電經營,經營家電品牌「歌林 (Kolin)」，並投入電子產品代工與地產開發。,http://www.action.com.tw/,2026-05-11
3025.TW,星通,通訊網路,關鍵通訊,專注於關鍵任務通訊 (MCC) 系統，提供電力、鐵道等關鍵基礎設施通訊方案。,https://www.looptelecom.com/,2026-05-11
3026.TW,禾伸堂,電子零組件,被動元件,專業 MLCC 製造商，同時代理高品質電子零件，專注於通訊與工控市場。,https://www.holystone.com.tw/,2026-05-11
3027.TW,盛達,電子零組件,電源與綠能,提供通信設備與電源解決方案，並轉向智慧電網與儲能系統開發。,https://www.billion.com/,2026-05-11
3028.TW,增你強,電子零組件,電子通路,領先的半導體通路商，代理多家國際大廠零件，提供技術支援與供應鏈服務。,http://www.zenitron.com.tw/,2026-05-11
3029.TW,零壹,資訊服務,軟體分銷,台灣知名加值軟體代理商，深耕雲端運算、資安及大數據整合方案。,https://www.zerone.com.tw/,2026-05-11
3030.TW,德律,科技工業,自動檢測,專業自動光學檢測 (AOI) 設備商，應用於 PCB 組裝與半導體封測檢驗。,https://www.tri.com.tw/,2026-05-11
3031.TW,佰鴻,電子零組件,LED 封裝,生產 LED 封裝組件、顯示器與紅外線感測器，應用於照明及穿戴裝置。,http://www.bright.com.tw/,2026-05-11
3032.TW,偉訓,電腦週邊,機殼與電源,提供 PC 機殼、電競電源供應器及伺服器機櫃，並跨足醫療照護設備。,https://www.hec-group.com.tw/,2026-05-11
3033.TW,威健,電子零組件,電子通路,專業半導體零組件代理，服務範圍涵蓋電腦、通訊及消費性電子市場。,http://www.weikeng.com.tw/,2026-05-11
3034.TW,聯詠,半導體,IC 設計,台灣顯示器驅動 IC 龍頭，產品廣泛應用於電視、手機、筆電之顯示面板。,https://www.novatek.com.tw/,2026-05-11
3035.TW,智原,半導體,ASIC 服務,專業 ASIC (特殊應用積體電路) 設計服務與 IP 供應商，專注於邊緣運算。,https://www.faraday-tech.com/,2026-05-11
3036.TW,文曄,電子零組件,電子通路,全球主要電子零組件通路商，透過併購壯大規模，提供全方位零組件供應。,https://www.wtmec.com/,2026-05-11
3037.TW,欣興,電子零組件,PCB/載板,全球領先的 ABF 載板與高密度連接板 (HDI) 製造商，受惠於高階晶片封裝。,https://www.unimicron.com/,2026-05-11
3038.TW,全台,光學元件,液晶模組,專業中小尺寸液晶顯示模組製造商，應用於車用、工業及醫療顯示裝置。,http://www.amt.com.tw/,2026-05-11
3040.TW,遠見,資訊服務,電子商務,以「哈佛 (Haver)」電子辭典起家，轉型為投資控股並經營地產租賃。,http://www.golden-global.com/,2026-05-11
3041.TW,揚智,半導體,IC 設計,提供數位機上盒 (STB) 系統單晶片及多媒體運算解決方案。,https://www.alitech.com/,2026-05-11
3042.TW,晶技,電子零組件,石英頻率,全球石英頻率元件龍頭，提供精密的石英震盪器，為電子鐘脈之關鍵。,https://www.txccorp.com/,2026-05-11
3043.TW,科風,電子零組件,不斷電系統,專業不斷電系統 (UPS) 製造商，提供關鍵設備穩定電力的保護方案。,http://www.pcm.com.tw/,2026-05-11
3044.TW,健鼎,電子零組件,PCB 製造,全球主要 PCB 供應商，產品多元且製程成熟，應用於記憶體模組與車用。,http://www.tripod-tech.com/,2026-05-11
3045.TW,台灣大,通訊網路,電信服務,台灣三大電信營運商之一，積極整合電商 (momo)、行動通訊與影音內容。,https://www.taiwanmobile.com/,2026-05-11
3046.TW,建碁,電腦週邊,數位看板,宏碁集團旗下，專注於數位看板、工業應用之小型化電腦系統開發。,https://www.aopen.com/,2026-05-11
3047.TW,訊舟,通訊網路,網通設備,提供全方位網路通訊產品，包含無線基地台、交換器及物聯網設備。,https://www.edimax.com/,2026-05-11
3048.TW,益登,電子零組件,電子通路,專業半導體代理商，深耕通訊、計算及儲存領域，提供完整方案整合。,https://www.edomtech.com/,2026-05-11
3049.TW,精金,光學元件,觸控模組,專注於觸控面板、感測技術及軟性顯示材料之研發與生產。,http://www.hannstar.com/,2026-05-11
3050.TW,鈺德,資訊服務,光碟加工,傳統光碟壓片大廠，目前積極轉型文創產業、餐飲經營及綠色能源。,http://www.u-tech.com.tw/,2026-05-11
3051.TW,力特,光學元件,偏光板製造,專業偏光板供應商，為液晶顯示器 (LCD) 面板之關鍵光學組件。,http://www.optimax.com.tw/,2026-05-11
3052.TW,夆典,工程營造,機電水電,提供水電、機電工程與公共建設服務，並跨足不動產開發與光電。,http://www.fongdien.com.tw/,2026-05-11
3054.TW,立萬利,生技醫療,健康食品,跨足電子零件通路與生技領域，主要經營健康營養食品之研發與銷售。,http://www.leadman.com.tw/,2026-05-11
3055.TW,蔚華科,半導體,封測設備,專業半導體測試解決方案供應商，代理全球頂尖測試設備，服務封測大廠。,https://www.spirox.com.tw/,2026-05-11
3056.TW,富華新,工程營造,營建開發,原總太地產，轉型投控並經營房地產開發與資產管理，聚焦中部市場。,http://www.fuhuanew.com.tw/,2026-05-11
3057.TW,喬鼎,電腦週邊,雲端儲存,提供高階磁碟陣列 (RAID) 儲存系統及多媒體影音後製儲存解決方案。,http://www.promise.com.tw/,2026-05-11
3058.TW,立德,電子零組件,電源供應器,專業開關電源供應器製造商，應用於通訊、綠能與工業電力保護領域。,http://www.leader.com.tw/,2026-05-11
3059.TW,華晶科,光學元件,影像辨識,轉型數位影像方案與車用、醫用視覺系統，提供 3D 感測與 AI 相機技術。,http://www.altek.com.tw/,2026-05-11
3060.TW,銘異,電腦週邊,硬碟機構件,專業硬碟零組件供應商，並投入自動化設備與精密光電組件製造。,http://www.min-aik.com.tw/,2026-05-11
3062.TW,建漢,通訊網路,網通設備,鴻海集團旗下，提供寬頻無線設備、數位家庭網關及衛星通訊產品。,http://www.cybertan.com.tw/,2026-05-11
3064.TWO,泰偉,運動休閒,遊戲開發,專業電子遊戲機台軟硬體開發商，專注於博弈遊戲與博弈產業設備。,http://www.astrocorp.com.tw/,2026-05-11
3066.TWO,李洲,電子零組件,LED 封裝,從事 LED 元件、顯示屏模組封裝及光電產品貿易服務。,http://www.oasistek.com/,2026-05-11
3067.TWO,全域,通訊網路,寬頻通訊,提供數位通訊整合方案，包含光纖寬頻設備與智慧家庭連結系統。,http://www.trendcomm.com.tw/,2026-05-11
3071.TWO,協禧,電子零組件,散熱風扇,專業精密散熱風扇與散熱模組製造商，應用於伺服器、車用及消費電子。,https://www.adda.com.tw/,2026-05-11
3073.TWO,天方能源,電子零組件,綠能產業,轉型綠色能源，投資開發太陽能、風力發電場及儲能維運服務。,http://www.tfenergy.com.tw/,2026-05-11
3078.TWO,僑威,電子零組件,電源供應器,專注於高階電競 PC 與伺服器電源供應器，並具備無線充電技術研發實力。,http://www.cwt.com.tw/,2026-05-11
3081.TWO,聯亞,通訊網路,光通訊晶片,提供光通訊用雷射磊晶片 (EPI)，受惠於矽光子技術與資料中心升級需求。,http://www.landamark.com/,2026-05-11
3083.TWO,網龍,資訊服務,遊戲開發,智冠集團旗下，擁有《武林群俠傳》等經典 IP，專注於手遊與線上遊戲。,https://www.chinesegamer.net/,2026-05-11
3085.TWO,新零售,資訊服務,電子商務,整合網路行銷與品牌經營，致力於新零售模式下之品牌電商管理。,http://www.newretail.com.tw/,2026-05-11
3086.TWO,華義*,資訊服務,遊戲發行,知名遊戲發行與營運商，深耕電競遊戲市場並擁有豐富的遊戲代理經驗。,http://www.wayi.com.tw/,2026-05-11
3088.TWO,艾訊,電腦週邊,工業電腦,專注於嵌入式電腦板卡、強固型系統及工業物聯網 (IIoT) 解決方案。,https://www.axiomtek.com/,2026-05-11
3090.TW,日電貿,電子零組件,被動元件,台灣領先的被動元件通路商，代理電解電容等零組件，服務多家科技大廠。,http://www.ndm-group.com.tw/,2026-05-11
3092.TW,鴻碩,電子零組件,連接線組,全球主要顯示器連接線商，並積極轉型開發電動車充電槍與車用線束。,http://www.longwell.com/,2026-05-11
3093.TWO,港建*,半導體,設備通路,代理半導體、PCB 與表面貼裝技術 (SMT) 之高端生產與檢測設備。,http://www.ame.com.tw/,2026-05-11
3094.TW,聯傑,半導體,IC 設計,專注於嵌入式乙太網路、物聯網連結 IC 及電子紙驅動技術研發。,http://www.davicom.com.tw/,2026-05-11
3095.TWO,及成,電子零組件,機構件製造,專業精密模具製造與機構件加工，應用於手機、數位相機與通訊設備。,http://www.chitwing.com.tw/,2026-05-11
3105.TWO,穩懋,半導體,砷化鎵代工,全球最大化合物半導體 (GaAs) 代工廠，為 5G 與低軌衛星射頻元件關鍵。,https://www.winfoundry.com/,2026-05-11
3114.TWO,好德,電子零組件,電子通路,代理多項高階電子零件與機電系統，專注於半導體設備、儲能與電動車市場。,http://www.howteh.com.tw/,2026-05-11
3115.TWO,富榮綱,電子零組件,貿易通路,從事電子零組件貿易與供應鏈整合服務。,http://www.fullwealth.com.tw/,2026-05-11
3118.TWO,進階,生技醫療,臨床前試驗,提供醫藥開發所需之毒理測試、藥理實驗及醫材認證之專業服務。,http://www.ebio.com.tw/,2026-05-11
3122.TWO,笙泉,半導體,MCU 設計,專業微控制器 (MCU) 開發商，專注於智慧生活、無線通訊與綠能控制應用。,http://www.megawin.com.tw/,2026-05-11
3128.TWO,昇銳,通訊網路,安全監控,專業監控錄影系統 (DVR/NVR) 製造商，深耕車載監控與工業影像辨識。,http://www.hi-sharp.com.tw/,2026-05-11
3130.TW,一零四,資訊服務,人力資源,經營 104 人力銀行，為台灣龍頭徵才平台，並提供薪酬、獵才與職涯發展。,https://www.104.com.tw/,2026-05-11
3131.TWO,弘塑,半導體,濕製程設備,台灣半導體濕製程設備領導者，產品切入先進封裝 (CoWoS) 之洗淨與蝕刻。,http://www.grandplastic.com.tw/,2026-05-11
3135.TW,凌航,半導體,記憶體模組,生產自有品牌 Neo Forza 記憶體與 SSD，專注於電競與高階工業運算。,https://www.goldkey.com.tw/,2026-05-11
3138.TW,耀登,通訊網路,射頻天線,提供天線技術方案、RF 測試設備及低軌衛星陣列天線研發。,https://www.auden.com.tw/,2026-05-11
3141.TWO,晶宏,半導體,IC 設計,領先的電子標籤 (ESL) 驅動 IC 供應商，受惠於零售數位化趨勢。,http://www.ultrachip.com/,2026-05-11
3147.TWO,大綜,資訊服務,系統整合,提供企業級雲端架構、網路資安及智慧工廠自動化整合服務。,http://www.mitac.com.tw/,2026-05-11
3149.TW,正達,光學元件,玻璃加工,專精於光學薄膜玻璃與建築節能玻璃加工，並投入車用蓋板玻璃開發。,http://www.gtoc.com.tw/,2026-05-11
3150.TW,鈺寶-創,半導體,無線音訊,專業無線音訊晶片開發，提供家庭劇院、電競耳機所需之低延遲傳輸技術。,http://www.syncomm.com.tw/,2026-05-11
3152.TWO,璟德,電子零組件,低溫共燒陶瓷,生產高頻濾波器與射頻組件 (LTCC)，為 5G 手機、Wi-Fi 7 之關鍵組件。,http://www.acxc.com.tw/,2026-05-11
3158.TWO,嘉實,資訊服務,財經資訊,經營「MoneyDJ 理財網」，並為券商提供 XQ 全球贏家交易系統。,http://www.moneydj.com/,2026-05-11
3162.TWO,精確,科技工業,鋁合金件,敏實集團旗下，專注於電動車電池盒及車用精密鋁壓鑄件製造。,http://www.shsh.com.tw/,2026-05-11
3163.TWO,波若威,通訊網路,光纖元件,專業光纖主被動元件製造商，深耕 WDM 數據中心與雲端運算光纖連結方案。,http://www.browave.com/,2026-05-11
3164.TW,景岳,生技醫療,功能性益生菌,專注於功能性益生菌之研發與生產，提供抗過敏、代謝調節之生物製劑。,http://www.genmont.com.tw/,2026-05-11
3167.TW,大量,科技工業,PCB 設備,專業 PCB 鑽孔機與成型機製造商，並跨足半導體檢測與自動化設備開發。,http://www.taliang.com/,2026-05-11
3168.TW,眾福科,電腦週邊,戶外顯示器,佳世達集團旗下，專注於航海、工業及戶外強固型顯示模組。,http://www.jeku.com/,2026-05-11
3169.TWO,亞信,半導體,通訊 IC,專精於嵌入式乙太網路連結方案，產品應用於工業物聯網與智慧工廠。,http://www.asix.com.tw/,2026-05-11
3171.TWO,炎洲流通,貿易百貨,包裝材料,負責炎洲集團旗下包裝膠帶、塑膠薄膜之通路與物業租賃服務。,http://www.ycc.com.tw/,2026-05-11
3176.TWO,基亞,生技醫療,新藥開發,專注於癌症新藥開發、細胞治療及分子診斷技術。,http://www.medigen.com.tw/,2026-05-11
3178.TWO,公準,科技工業,精密機械,提供半導體設備、航太及醫療之精密零件加工，為艾司摩爾 (ASML) 供應鏈。,http://www.gongin.com.tw/,2026-05-11
3188.TWO,鑫龍騰,工程營造,營建開發,高雄地區知名建商，專注於住宅大樓開發與不動產買賣。,http://www.slth.com.tw/,2026-05-11
3189.TW,景碩,半導體,IC 載板,全球主要載板供應商，專注於 BT 載板與 ABF 載板，服務晶片封裝需求。,http://www.kinsus.com.tw/,2026-05-11
3191.TWO,雲嘉南,貿易百貨,便利商店,經營加盟體系之零售服務與通路開發。,http://www.yjn.com.tw/,2026-05-11
3205.TWO,佰研,生技醫療,保健食品,經營生技食品開發、有機連鎖門市「無毒的家」及化妝品代理。,http://www.bioly.com.tw/,2026-05-11
3206.TWO,志豐,電子零組件,聲學元件,專業電聲元件製造商，提供蜂鳴器、麥克風及揚聲器解決方案。,http://www.kingstate.com.tw/,2026-05-11
3207.TWO,耀勝,電子零組件,變壓器,生產各種高頻變壓器、電感及線圈，廣泛應用於顯示器與車用電子。,http://www.yahsin.com.tw/,2026-05-11
3209.TW,全科,電子零組件,電子通路,專業通訊電子零件代理商，產品涵蓋網路寬頻、光通訊及多媒體。,http://www.alltek.com/,2026-05-11
3211.TWO,順達,電子零組件,電池模組,全球筆電電池模組大廠，近期積極轉型開發儲能系統與輕型電動車電池。,http://www.dynapack.com.tw/,2026-05-11
3213.TWO,茂訊,電腦週邊,強固型電腦,經營強固型筆電製造與品牌電腦銷售通路（茂訊電腦）。,http://www.getac.com/,2026-05-11
3217.TWO,優群,電子零組件,連接器,專業連接器設計商，為筆電 DDR 與 M.2 連接器之市場領導者。,http://www.argosy.com.tw/,2026-05-11
3218.TWO,大學光,生技醫療,眼科連鎖,經營「大學眼科」與「大學眼鏡」連鎖，提供雷射近視手術與視力保健服務。,http://www.eyecenter.com.tw/,2026-05-11
3219.TWO,倚強科,半導體,測試介面,提供半導體測試治具與自動化測試設備整合方案。,http://www.e-strong.com.tw/,2026-05-11
3221.TWO,台嘉碩,電子零組件,頻率元件,專業 SAW (表面聲波) 濾波器與石英晶體商，應用於通訊與車載。,https://www.taisaw.com/,2026-05-11
3224.TWO,三顧,生技醫療,再生醫療,跨足電子零件通路與再生醫學，引進細胞層片技術，專注於軟骨修復。,http://www.3eye.com.tw/,2026-05-11
3226.TWO,龍鋒,車用零件,車用燈具,專業售後市場 (AM) 車燈製造商，產品出口至歐美等全球市場。,http://www.eagleeyes.com.tw/,2026-05-11
3227.TWO,原相,半導體,IC 設計,全球 CMOS 感測 IC 領導商，專精於電競滑鼠、穿戴裝置與手勢辨識。,http://www.pixart.com.tw/,2026-05-11
3228.TWO,金麗科,半導體,IC 設計,專注於 x86 相容處理器與系統單晶片 (SoC) 開發，應用於工業控制。,http://www.rdc.com.tw/,2026-05-11
3229.TW,晟鈦,電子零組件,PCB 製造,專業 PCB 樣品與小量生產製造商，並提供電子代工 (EMS) 服務。,http://www.shintai.com.tw/,2026-05-11
3230.TWO,錦明,科技工業,精密沖壓,提供液晶顯示器架、筆電轉軸及車用結構件之精密沖壓零件。,http://www.jin-ming.com.tw/,2026-05-11
3231.TW,緯創,電腦週邊,EMS 代工,全球資通訊代工大廠，受惠於 AI 伺服器垂直整合、車用與工業電腦。,https://www.wistron.com/,2026-05-11
3232.TWO,昱捷,電子零組件,半導體通路,代理日系電子零組件，並提供半導體封裝材料與表面處理技術。,http://www.yujet.com.tw/,2026-05-11
3234.TWO,光環,通訊網路,光主動元件,提供光纖通訊關鍵晶片與組件，深耕數據中心與 FTTH 接入網市場。,http://www.trueoptic.com.tw/,2026-05-11
3236.TWO,千如,電子零組件,電感器,專業被動元件製造商，產品包括電感、濾波器，應用於通訊與車電。,http://www.abc-ir.com/,2026-05-11
3252.TWO,海灣,觀光餐飲,飯店經營,經營連鎖飯店與房地產開發，代表品牌包括台中海灣藝術酒店。,http://www.hione.com.tw/,2026-05-11
3257.TW,虹冠電,半導體,IC 設計,專注於電源管理 IC (PWM) 研發，產品應用於高效率電源供應器。,http://www.champion-micro.com/,2026-05-11
3259.TWO,鑫創,半導體,IC 設計,專精於微機電 (MEMS) 麥克風與快閃記憶體控制 IC 開發。,http://www.solidstatememory.com/,2026-05-11
3260.TWO,威剛,電腦週邊,記憶體模組,全球主要記憶體品牌商，產品包含 DRAM、SSD 及電競品牌 XPG。,https://www.adata.com/,2026-05-11
3264.TWO,欣銓,半導體,晶圓測試,專業半導體測試大廠，深耕車用 IC、微控制器 (MCU) 與通訊晶片測試。,http://www.arith.com.tw/,2026-05-11
3265.TWO,台星科,半導體,封裝測試,專注於晶圓凸塊 (Bumping) 與高階封測，為矽格集團旗下成員。,http://www.wafertek.com.tw/,2026-05-11
3266.TW,昇陽,工程營造,營建開發,知名豪宅品牌建商，專注於精緻住宅開發與都市更新計畫。,http://www.sunty.com.tw/,2026-05-11
3268.TWO,海德威,電子零組件,電子通路,代理銷售 MCU、面板驅動 IC 及各種主動零件，並提供技術整合服務。,http://www.hidow.com.tw/,2026-05-11
3272.TWO,東碩,電腦週邊,擴充底座,全球領先的擴充底座 (Docking Station) 設計商，專精於高速傳輸介面。,http://www.goodway.com.tw/,2026-05-11
3276.TWO,宇環,電子零組件,PCB 製造,志超集團旗下，專注於多層印刷電路板 (PCB) 生產，應用於消費電子與光電產品。,http://www.uniflex.com.tw/,2026-05-11
3284.TWO,太普高,科技工業,印刷材料,專業感光版材 (CTP) 製造商，為印刷產業上游關鍵耗材供應商。,http://www.tophigh.com.tw/,2026-05-11
3285.TWO,微端,電腦週邊,液晶模組,提供液晶顯示模組 (LCM) 與人機介面整合方案，深耕醫療及工控市場。,http://www.microtips.com.tw/,2026-05-11
3287.TWO,廣寰科,電腦週邊,電競周邊,經營電競耳機、滑鼠及多媒體影音產品，以 Kworld 品牌行銷全球。,http://www.kworld-global.com/,2026-05-11
3288.TWO,點晶,半導體,IC 設計,專注於 LED 驅動 IC 及混合訊號處理技術，應用於照明與顯示看板。,http://www.siti.com.tw/,2026-05-11
3289.TWO,宜特,半導體,驗證測試,亞洲領先的晶片驗證實驗室，提供可靠度分析、失效分析及車用電子認證服務。,https://www.istgroup.com/,2026-05-11
3290.TWO,東浦,電子零組件,精密模具,專業精密塑膠模具及射出成型廠商，產品涵蓋通訊、車用及消費性電子機構件。,http://www.tong-pau.com.tw/,2026-05-11
3293.TWO,鈊象,資訊服務,遊戲開發,台灣遊戲股王，專精於商用遊戲機與線上博弈手遊（如明星三缺一），具高獲利能力。,http://www.igs.com.tw/,2026-05-11
3294.TWO,英濟,電子零組件,機構件製造,提供高階精密模具與射出成型服務，並跨足擴增實境 (AR) 光學零組件研發。,http://www.megaforce.com.tw/,2026-05-11
3296.TW,勝德,電子零組件,電源保護,專業電源保護裝置 (Surge Protector) 製造商，專注於智慧家庭電力管理。,http://www.stps.com.tw/,2026-05-11
3297.TWO,杭特,通訊網路,安全監育,專業網路攝影機 (IP Camera) 與視訊監控系統商，提供整合型安防方案。,http://www.hunter.com.tw/,2026-05-11
3303.TWO,岱稜,科技工業,燙金材料,全球前三大真空蒸鍍燙金箔供應商，產品廣泛應用於包裝、標籤及室內建材。,https://www.univacco.com.tw/,2026-05-11
3305.TW,昇貿,電子零組件,銲錫材料,全球主要銲錫供應商，提供無鉛錫膏、低溫錫膏，受惠於電子製程環保趨勢。,http://www.shenmao.com/,2026-05-11
3306.TWO,鼎天,通訊網路,GPS 設備,廣達集團旗下，專注於衛星定位系統 (GPS) 模組、車載通訊及導航技術。,http://www.a-track.com.tw/,2026-05-11
3308.TW,聯德,電子零組件,電源供應器,專業開關電源供應器製造商，產品應用於資訊、通訊及醫療產業。,http://www.bestec.com.tw/,2026-05-11
3310.TWO,佳穎,科技工業,精密沖壓,提供車用連接器、導線架及精密沖壓零組件，並跨足地產開發業務。,http://www.jpp.com.tw/,2026-05-11
3311.TW,閎暉,電腦週邊,機構件製造,鴻海集團成員，轉型車用觸控模組、內裝機構件及穿戴式電子產品開發。,http://www.ichia.com/,2026-05-11
3312.TW,弘憶股,電子零組件,電子通路,專業半導體通路商，代理多家國際大廠零件，並積極布局 AI 雲端租賃服務。,http://www.gmv.com.tw/,2026-05-11
3313.TWO,斐成,電子零組件,被動元件,經營電子零組件通路與不動產建設，產品包括電容器、電感等被動元件。,http://www.ftech.com.tw/,2026-05-11
3317.TWO,尼克森,半導體,功率元件,專業功率半導體 (MOSFET) IC 設計商，產品應用於主機板、筆電及伺服器。,http://www.niko-sem.com/,2026-05-11
3321.TW,同泰,電子零組件,軟性電路板,欣興集團旗下，生產各類軟式印刷電路板 (FPC)，應用於手機、載板及車載顯示。,http://www.ttpc.com.tw/,2026-05-11
3322.TWO,建舜電,電子零組件,連接線材,專業連接線與連接器製造商，專注於高速傳輸線材及天線產品研發。,http://www.jce.com.tw/,2026-05-11
3323.TWO,加百裕,電子零組件,電池模組,提供筆電、電動工具及二輪電動車電池組，並布局儲能系統 (ESS)。,http://www.celxpert.com.tw/,2026-05-11
3324.TWO,雙鴻,電子零組件,散熱方案,全球散熱模組巨頭，專精於 VC 均熱板與液冷技術，應用於 AI 伺服器與高階顯卡。,http://www.auras.com.tw/,2026-05-11
3325.TWO,旭品,電腦週邊,機殼製造,專業電腦機殼與散熱產品製造商，產品跨足水處理設備及醫療器材代工。,http://www.archm.com.tw/,2026-05-11
3332.TWO,幸康,電子零組件,電源轉換器,專注於 DC-DC 電源轉換器研發，深耕鐵路、醫療、工控及通訊高階電源。,http://www.cincon.com.tw/,2026-05-11
3338.TW,泰碩,電子零組件,散熱元件,提供散熱器、導熱管及連接器產品，廣泛應用於通訊基站、車用及伺服器。,http://www.teksun.com.tw/,2026-05-11
3339.TWO,泰谷,電子零組件,LED 晶粒,專業 LED 磊晶片與晶粒製造商，主要應用於照明、背光及感測器市場。,http://www.tekcore.com.tw/,2026-05-11
3346.TW,麗清,車用零件,LED 車燈,專業車用 LED 燈具模組商，打入多家國際車廠鏈，受益於車燈電子化趨勢。,http://www.li-cheng.com.tw/,2026-05-11
3349.TWO,寶德,電腦週邊,滑鼠鍵盤,專業電競及辦公用輸入設備代工商，具備無線傳輸與低功耗技術。,http://www.btl-group.com.tw/,2026-05-11
3354.TWO,律勝,電子零組件,軟板材料,專業軟式印刷電路板材料 (FCCL) 製造商，並發展聚醯亞胺 (PI) 薄膜技術。,http://www.microcosm.com.tw/,2026-05-11
3356.TW,奇偶,通訊網路,安全監控,以「GeoVision」品牌行銷全球，提供整合 AI 影像辨識之智慧監控系統。,http://www.geovision.com.tw/,2026-05-11
3357.TWO,臺慶科,電子零組件,電感元件,專業電感與濾波器製造商，產品切入車用電子、伺服器及 5G 通訊領域。,http://www.tai-tech.com.tw/,2026-05-11
3360.TWO,尚立,電子零組件,電子通路,專業半導體通路商，主要代理索尼 (Sony) CMOS 感測器及其相關影像元件。,http://www.sunnic.com.tw/,2026-05-11
3362.TWO,先進光,光學元件,鏡頭模組,大立光子公司，專精於筆電、平板及車用鏡頭，近期積極開發塑膠與玻璃混合鏡片。,http://www.aoet.com.tw/,2026-05-11
3363.TWO,上詮,通訊網路,光纖連結,矽光子指標廠商，專注於光纖連結器與 CPO 封裝技術，為雲端中心關鍵供應商。,http://www.foci.com.tw/,2026-05-11
3372.TWO,典範,半導體,封裝測試,專業半導體後段封裝測試服務商，專注於記憶體晶片與邏輯 IC 封測。,http://www.gem.com.tw/,2026-05-11
3373.TWO,熱映,科技工業,精密量測,專注於紅外線量測技術，產品包括額溫槍、工業測溫儀及氣體偵測設備。,http://www.radiantek.com.tw/,2026-05-11
3374.TWO,精材,半導體,封裝測試,台積電旗下，專注於晶圓級封裝 (WLP) 與 3D 堆疊封裝，受惠於 CMOS 感測器需求。,https://www.xintec.com.tw/,2026-05-11
3376.TW,新日興,電子零組件,精密轉軸,全球筆電轉軸與穿戴裝置機構件領導廠商，近期切入摺疊手機轉軸鏈。,http://www.szs.com.tw/,2026-05-11
3379.TWO,彬台,科技工業,自動化設備,提供食品、飲料及化學工業之整廠自動化包裝與輸送設備解決方案。,http://www.bintai.com.tw/,2026-05-11
3380.TW,明泰,通訊網路,網通設備,佳世達集團旗下，專注於網路交換機、寬頻設備及 5G 固定無線接入 (FWA) 研發。,https://www.alphanetworks.com/,2026-05-11
3388.TWO,崇越電,化學工業,矽利康代理,專業材料通路商，代理銷售大越化學 (Shin-Etsu) 矽利康材料，應用於車用與醫療。,http://www.topco-global.com/,2026-05-11
3390.TWO,旭軟,電子零組件,軟性電路板,專業軟式印刷電路板 (FPC) 製造商，專注於車載面板、醫療與穿戴裝置應用。,http://www.flexium.com.tw/,2026-05-11
3402.TWO,漢科,半導體,工程維修,專業半導體廠房管路與化學供應系統設備商，為廠務工程之關鍵合作夥伴。,http://www.actherm.com.tw/,2026-05-11
3406.TW,玉晶光,光學元件,鏡頭模組,全球光學鏡頭領導者，為蘋果供應鏈成員，專精於手機、VR/AR 之高階光學鏡頭。,http://www.gseo.com/,2026-05-11
3413.TW,京鼎,半導體,設備代工,鴻海集團旗下，專業半導體製程設備製造商，為美商應用材料 (Applied Materials) 之重要夥伴。,http://www.foxsemicon.com/,2026-05-11
3416.TW,融程電,電腦週邊,強固型平板,全球強固型工業電腦領導商，專注於石化、交通運輸及軍工等極端環境應用。,https://www.winmate.com/,2026-05-11
3419.TW,譁裕,通訊網路,射頻天線,專業天線製造商，產品涵蓋基地台、網通產品及車載天線解決方案。,http://www.whayu.com/,2026-05-11
3426.TWO,台興,電子零組件,電磁閥組,專業電磁閥與電磁鐵製造商，應用於工業設備、水系統控制與汽車零組件。,http://www.tai-shing.com.tw/,2026-05-11
3430.TWO,奇鈦科,化學工業,特用化學品,提供特種添加劑與光引發劑，專注於環保塗料、電子材料及醫藥中間體。,http://www.chitec.com/,2026-05-11
3432.TW,台端,電子零組件,連接器,專業連接器商，產品應用於消費性電子，近期跨足投資與轉型發展。,http://www.tailyn.com.tw/,2026-05-11
3434.TWO,哲固,通訊網路,安全監控,專業視訊傳輸與監控設備商，專注於高解析度視訊模組與工業顯示技術。,http://www.tme.com.tw/,2026-05-11
3437.TW,榮創,電子零組件,LED 封裝,鴻海集團成員，專注於背光與照明 LED 封裝技術，並布局 Micro LED 開發。,http://www.aoti.com.tw/,2026-05-11
3438.TWO,類比科,半導體,IC 設計,專業電源管理 IC (PMIC) 設計商，專精於面板顯示驅動相關之電源晶片。,http://www.aati.com.tw/,2026-05-11
3441.TWO,聯一光電,光學元件,玻璃毛胚,提供光學玻璃毛胚與精密成型加工，應用於數位相機、投影機與車載鏡頭。,http://www.link-all.com.tw/,2026-05-11
3443.TW,創意,半導體,ASIC 設計,台積電旗下 SoC 設計服務商，專注於高階 AI 晶片及 HBM 儲存控制之專案委託。,https://www.globalunichip.com/,2026-05-11
3444.TWO,利機,電子零組件,材料通路,專業半導體與顯示器材料供應商，代理封裝材料、散熱與均熱片產品。,http://www.niching.com.tw/,2026-05-11
3447.TW,展達,通訊網路,網通代工,神盾集團成員，提供數位家庭連結、寬頻接入與物聯網感知設備代工服務。,http://www.xavi.com.tw/,2026-05-11
3450.TW,聯鈞,半導體,光封測,專業光通訊封裝測試商，受惠於 800G 光模組封裝與矽光子 CPO 產業浪潮。,http://www.luxnetcorp.com.tw/,2026-05-11
3455.TWO,由田,科技工業,AOI 檢測,專業自動光學檢測 (AOI) 設備商，應用於 PCB、半導體封裝及顯示面板檢測。,http://www.utechzone.com.tw/,2026-05-11
3465.TWO,進泰電子,電子零組件,音響設備,專注於中高階木質音響、家庭劇院與多媒體喇叭之開發與製造。,http://www.kingstate.com.tw/,2026-05-11
3466.TWO,德晉,資訊服務,電子商務,轉型經營電子商務與數位轉型服務，提供雲端零售管理系統方案。,http://www.topcom.com.tw/,2026-05-11
3467.TWO,台灣精材,半導體,耗材製造,提供半導體製程所需之陶瓷、石英及金屬精密零件，應用於蝕刻與洗淨。,http://www.gem.com.tw/,2026-05-11
3479.TWO,安勤,電腦週邊,工業電腦,仁寶集團旗下，提供醫療、零售及嵌入式工業電腦板卡與系統整合方案。,https://www.avalue.com.tw/,2026-05-11
3481.TW,群創,光電業,液晶面板,全球主要顯示器面板廠，積極發展自動化生產與車用、醫療高價值顯示技術。,https://www.innolux.com/,2026-05-11
3483.TWO,力致,電子零組件,散熱風扇,專業散熱風扇與熱導管製造商，深耕筆電、伺服器及通訊設備散熱市場。,http://www.forcecon.com.tw/,2026-05-11
3484.TWO,崧騰,電子零組件,電源開關,專業開關、插座與變頻控制器製造商，主要應用於電動工具、家電與車用。,http://www.sointec.com/,2026-05-11
3489.TWO,森寶,工程營造,營建開發,從事不動產建築開發與委託營造服務，主要經營住宅大樓建案。,http://www.senbao.com.tw/,2026-05-11
3490.TWO,單井,科技工業,封裝設備,專業半導體與 LED 封裝模組、裁切設備商，並跨足太陽能發電開發。,http://www.shinjung.com.tw/,2026-05-11
3491.TWO,昇達科,通訊網路,微波元件,低軌衛星指標股，專精於高頻微波/毫米波濾波器，為全球衛星商關鍵供應鏈。,http://www.mtigroup.com/,2026-05-11
3492.TWO,長盛,電子零組件,車用線束,提供車用影音系統連結器、天線及高階電子線組，打入全球一線車廠。,http://www.pro-an.com.tw/,2026-05-11
3494.TW,誠研,電腦週邊,印表機,以「HiTi」品牌經營熱昇華數位照片列印機，應用於證照與觀光影像列印。,http://www.hiti.com/,2026-05-11
3498.TWO,陽程,科技工業,自動化設備,提供面板、PCB 及半導體產業之自動化搬運與倉儲系統整合。,http://www.usiglobal.com/,2026-05-11
3499.TWO,環天科,通訊網路,定位模組,專注於 GPS 追蹤器、穿戴式運動手錶及工業級導航接收模組開發。,http://www.globalsat.com.tw/,2026-05-11
3501.TW,維熹,電子零組件,電源線組,正崴集團旗下，生產家電與資通訊用電源線，積極轉型至電動車充電樁線材。,http://www.wellshin.com.tw/,2026-05-11
3504.TW,揚明光,光學元件,投影光學,專業微投影光學引擎與取像鏡頭商，產品涵蓋工業 3D 列印與車載光學元件。,http://www.youngoptics.com/,2026-05-11
3508.TWO,位速,電子零組件,表面處理,提供手機、消費電子外殼之表面塗裝、電鍍及薄膜電化技術服務。,http://www.ways.com.tw/,2026-05-11
3511.TWO,矽瑪,電子零組件,連接器,專業高階連接器製造商，應用於穿戴式裝置、醫療器材及工業檢測。,http://www.cima.com.tw/,2026-05-11
3512.TWO,皇龍,工程營造,營建開發,經營大台南地區之住宅建案開發、土地買賣及商業大樓規劃。,http://www.huanglong.com.tw/,2026-05-11
3515.TW,華擎,電腦週邊,主機板/伺服器,和碩集團旗下，經營主機板、顯示卡及工業電腦，並積極發展 AI 伺服器業務。,https://www.asrock.com/,2026-05-11
3516.TWO,亞帝歐,電子零組件,LED 照明,專業 LED 照明產品製造商，產品涵蓋室內外照明、背光模組及車用照明零件。,http://www.adeolighting.com/,2026-05-11
3518.TW,柏騰,電子零組件,表面處理,專業 EMI 防磁處理與真空鍍膜廠商，產品應用於筆電、手機外殼及車用零件。,http://www.potechele.com/,2026-05-11
3520.TWO,華盈,電子零組件,連接線材,專業通訊與消費電子連接線組製造商，並開發車用與醫療器材專用線材。,http://www.f-m.com.tw/,2026-05-11
3521.TWO,台鋼建設,工程營造,營建開發,台鋼集團成員，負責住宅與工業地產開發、都市更新及建築工程管理。,http://www.tsg.com.tw/,2026-05-11
3522.TWO,御嵿,觀光餐飲,婚宴餐飲,經營「頂鮮」、「晶宴會館」等連鎖餐飲與婚宴品牌，提供精緻餐飲服務。,http://www.top-fresh.com/,2026-05-11
3523.TWO,迎輝,電子零組件,光學膜,專業聚光片與擴散片製造商，產品應用於大尺寸電視及筆電背光模組。,http://www.efun.com.tw/,2026-05-11
3526.TWO,凡甲,電子零組件,連接器,專精於伺服器、筆電及電動車（電池管理系統）之高頻連接器製造。,http://www.fcl.com.tw/,2026-05-11
3527.TWO,聚積,半導體,IC 設計,全球 LED 驅動 IC 領導商，專注於小間距顯示看板、車用照明及 Micro LED。,http://www.mblock.com.tw/,2026-05-11
3528.TW,安馳,電子零組件,電子通路,專業半導體代理商，深耕工控、軍工及航太領域，代理 Xilinx 及 ADI 產品。,http://www.ansel.com.tw/,2026-05-11
3529.TWO,力旺,半導體,矽智財 (IP),全球非揮發性記憶體 IP 領導商，專精於 OTP、MTP 技術，與各大晶圓廠緊密合作。,https://www.ememory.com.tw/,2026-05-11
3530.TW,晶相光,半導體,IC 設計,專業 CMOS 影像感測器 (CIS) 設計商，深耕安控、車用紀錄器及生物醫療應用。,http://www.soinc.com.tw/,2026-05-11
3531.TWO,先益,電子零組件,背光模組,生產 LED 背光模組與光學零件，主要應用於手機、平板及車載儀表板。,http://www.sharp-edge.com.tw/,2026-05-11
3532.TW,台勝科,半導體,矽晶圓,日本 SUMCO 集團成員，生產 8 吋與 12 吋矽晶圓，供應晶圓代工與記憶體廠。,http://www.formosasumco.com.tw/,2026-05-11
3533.TW,嘉澤,電子零組件,連接器,伺服器 CPU Socket 與 DDR 插槽領導商，受惠於 Intel 與 AMD 新平台升級。,http://www.lotus.com.tw/,2026-05-11
3535.TW,晶彩科,科技工業,AOI 檢測,專業自動光學檢測 (AOI) 設備商，專注於面板、半導體與封裝製程檢測。,http://www.favite.com/,2026-05-11
3537.TWO,堡達,電子零組件,被動元件代理,代理松下 (Panasonic) 電解電容器，產品應用於網通、工控及再生能源能源設備。,http://www.potechele.com/,2026-05-11
3540.TWO,曜越,電腦週邊,電競設備,經營 Thermaltake 品牌，專注於電競機殼、散熱器及電源供應器。,http://www.thermaltake.com/,2026-05-11
3541.TWO,西柏,通訊網路,影音處理,專業高階專業影音 (Pro-AV) 設備商，提供 4K/8K 視訊轉換與訊號處理器。,http://www.cypress.com.tw/,2026-05-11
3543.TW,州巧,電子零組件,精密沖壓,提供光電產品機構件、精密沖壓模具，並轉型開發長照醫療輔具。,http://www.jochu.com/,2026-05-11
3545.TW,敦泰,半導體,IC 設計,領先的面板驅動與觸控整合晶片 (IDC) 供應商，專注於手機與車用顯示器。,http://www.focaltech-electronics.com/,2026-05-11
3546.TWO,宇峻,資訊服務,遊戲開發,知名遊戲研發商，代表作包括《三國群英傳》，專注於 IP 授權與跨境手遊營運。,http://www.uj.com.tw/,2026-05-11
3548.TWO,兆利,電子零組件,精密轉軸,專業轉軸廠商，產品涵蓋筆電、顯示器，並打入摺疊手機供應鏈。,http://www.jarlly.com/,2026-05-11
3550.TW,聯穎,電子零組件,連接線材,專業通訊線材、高速傳輸線製造商，應用於雲端中心、醫療及工控。,http://www.copartner.com.tw/,2026-05-11
3551.TWO,世禾,半導體,設備洗淨,專業半導體與光電製程設備組件洗淨商，為台積電與面板廠之關鍵協力廠商。,http://www.sh-tech.com.tw/,2026-05-11
3552.TWO,同致,車用零件,影像辨識,專業自動停車系統 (APA) 與倒車雷達商，致力於 ADAS 駕駛輔助系統開發。,http://www.tungthih.com/,2026-05-11
3555.TWO,博士旺,資訊服務,數位行銷,提供 AI 驅動之數位廣告投放與行銷自動化方案，並跨足生技投資。,http://www.pst.com.tw/,2026-05-11
3556.TWO,禾瑞亞,半導體,IC 設計,專精於觸控晶片設計，產品廣泛應用於工業電腦、醫療、ATM 及航太系統。,http://www.egalax.com.tw/,2026-05-11
3557.TW,嘉威,電子零組件,光學材料,生產導光板、光學擴散片，近期成功轉型為居家生活用品與廚具設計開發。,http://www.giwell.com.tw/,2026-05-11
3558.TWO,神準,通訊網路,網通設備,神腦集團旗下，專注於企業級無線網路設備、網路伺服器及工業網通。,http://www.senao.com/,2026-05-11
3563.TW,牧德,科技工業,AOI 檢測,提供 PCB、載板及半導體封裝之自動光學檢測系統，獲日月光與旺矽入股。,http://www.machvision.com.tw/,2026-05-11
3564.TWO,其陽,電腦週邊,網路安全,友通旗下，提供網路安全硬體平台、伺服器及雲端儲存設備代工。,http://www.caswell.com.tw/,2026-05-11
3567.TWO,逸昌,半導體,封裝測試,專注於類比與混合訊號 IC 之封裝與測試服務，產品應用於電源管理。,http://www.icem.com.tw/,2026-05-11
3570.TWO,大塚,資訊服務,軟體代理,專業 CAD/CAM 軟體代理商，為製造業提供數位設計與生命週期管理整合服務。,http://www.ojt.com.tw/,2026-05-11
3576.TW,聯合再生,綠能,太陽能,整合原新日光、昱晶、昇陽光電而成之太陽能電池與系統開發龍頭。,https://www.urecorp.com/,2026-05-11
3577.TWO,泓格,通訊網路,工業控制器,專注於工業物聯網、數據採集與控制模組，提供工業 4.0 監測方案。,http://www.icpdas.com/,2026-05-11
3580.TWO,友威科,科技工業,真空鍍膜,提供真空濺鍍 (Sputter) 設備製造與代工服務，應用於半導體 FOPLP 封裝。,http://www.uviat.com/,2026-05-11
3581.TWO,博磊,半導體,測試介面,專業半導體測試治具、探針卡及自動化設備商，產品應用於晶圓測試。,http://www.potechele.com/,2026-05-11
3583.TW,辛耘,半導體,濕製程設備,專業半導體製程設備製造與代理商，深耕 CoWoS 先進封裝濕製程設備。,http://www.scientech.com.tw/,2026-05-11
3587.TWO,閎康,半導體,檢測分析,亞洲領先的半導體第三方檢測實驗室，提供材料分析 (MA) 與失效分析 (FA)。,https://www.mstinc.com/,2026-05-11
3588.TW,通嘉,半導體,IC 設計,專業電源管理 IC (PMIC) 設計商，深耕 USB PD、快充技術及中高壓轉換電源方案。,http://www.leadtrend.com.tw/,2026-05-11
3591.TW,艾笛森,電子零組件,LED 封裝,提供高功率 LED 封裝、光機電整合服務，專注於車載照明及特殊商業照明市場。,http://www.edison-opto.com.tw/,2026-05-11
3592.TW,瑞鼎,半導體,IC 設計,明基友達集團旗下，領先的面板驅動 IC 與觸控 IC 廠，涵蓋 OLED 及車載應用。,http://www.raydium.com.tw/,2026-05-11
3593.TW,力銘,電子零組件,電源模組,專注於顯示器電源、車用電子電源模組及精密塑膠機構件開發與製造。,http://www.ememory.com.tw/,2026-05-11
3594.TWO,磐儀,電腦週邊,工業電腦,專業嵌入式工業電腦商，致力於智慧城市、智慧醫療及物聯網 (IoT) 系統整合。,http://www.arbor-technology.com/,2026-05-11
3596.TW,智易,通訊網路,網通設備,仁寶集團旗下，專注於寬頻接入、WiFi-7 路由器及 5G 用戶終端設備 (CPE)。,https://www.arcadyan.com/,2026-05-11
3597.TWO,映興,電子零組件,線束組件,提供防水連接器、車用線束及智慧化照明控制系統，應用於綠能與自動化設備。,http://www.avic.com.tw/,2026-05-11
3605.TW,宏致,電子零組件,連接器,專業高階連接器廠，產品應用於高速運算、車用電子、工業及醫療領域。,http://www.acesconn.com/,2026-05-11
3607.TW,谷崧,電子零組件,塑膠射出,專業精密塑膠射出成型廠商，應用於手機機構件、數位相機與車載零組件。,http://www.coxon.com.tw/,2026-05-11
3609.TWO,三一東林,貿易百貨,汽車代理,經營高階精品汽車改裝品牌代理 (BRABUS) 及高端照明系統設計業務。,http://www.31global.com/,2026-05-11
3611.TWO,鼎翰,電腦週邊,標籤印表機,以「TSC」品牌經營熱轉印條碼印表機，市佔率全球領先，應用於零售與物流。,https://www.tscprinters.com/,2026-05-11
3615.TWO,安可,光電業,鍍膜基板,提供 ITO 導電玻璃、減反射鍍膜等光學材料，廣泛用於觸控面板與抗反射蓋板。,http://www.aimcore.com.tw/,2026-05-11
3617.TW,碩天,電腦週邊,不斷電系統,以「CyberPower」品牌深耕全球 UPS 市場，專注於雲端中心與家用能源管理。,http://www.cyberpower.com/,2026-05-11
3622.TW,洋華,光電業,觸控面板,生產電阻式與電容式觸控面板，並轉型跨足機電事業，提供電力系統零件。,http://www.youngfast.com/,2026-05-11
3623.TWO,富晶通,光電業,觸控面板,中環與富士通合資，專注於工業、醫療與航太等高信賴性觸控感測模組。,http://www.transtech.com.tw/,2026-05-11
3624.TWO,光頡,電子零組件,被動元件,專精於薄膜電阻與高頻電感，應用於精密儀器、車用電子及醫療設備。,http://www.viking.com.tw/,2026-05-11
3625.TWO,西勝,電子零組件,電池模組,提供筆記型電腦與電動工具之鋰電池模組，並發展儲能與輕型電動車電池。,http://www.simplo.com.tw/,2026-05-11
3628.TWO,盈正,科技工業,電源控制,專業電力電子與不間斷電源設備商，深耕太陽能併網型逆變器與儲能系統。,http://www.ablerex.com.tw/,2026-05-11
3629.TWO,地心引力,資訊服務,遊戲營運,轉型經營數位文創與手機遊戲代理營運，並投資數位內容開發。,http://www.gravity-tech.com.tw/,2026-05-11
3630.TWO,新鉅科,光學元件,鏡頭模組,提供手機、NB 及遊戲機之 3D 感測鏡頭，為微軟遊戲設備供應鏈成員。,http://www.newmax.com.tw/,2026-05-11
3631.TWO,晟楠,電子零組件,錫材供應,專業銲錫絲、錫棒及助焊劑製造商，供應半導體封裝與電子組裝產業。,http://www.shengnan.com.tw/,2026-05-11
3632.TWO,研勤,資訊服務,導航軟體,經營「PAPAGO!」品牌，專注於車載導航系統、行車紀錄器及人臉辨識方案。,http://www.papagoinc.com/,2026-05-11
3645.TW,達邁,電子零組件,聚醯亞胺膜,專業 PI 膜製造商，應用於軟板 (FPC)、散熱片及摺疊手機之高階材料。,http://www.taimide.com/,2026-05-11
3646.TWO,艾恩特,電子零組件,連接器,專注於車載連接器及精密工業控制元件，深耕歐洲車廠供應鏈。,http://www.ant-precision.com.tw/,2026-05-11
3652.TW,精聯,電腦週邊,自動辨識,專業軍規級 PDA、條碼掃邊器及 RFID 讀取設備商，深耕智慧物流與醫療。,http://www.ute.com/,2026-05-11
3653.TW,健策,電子零組件,均熱片,全球伺服器 CPU 均熱片領導商，受惠於 AI 伺服器高瓦數散熱需求增長。,http://www.jpp.com.tw/,2026-05-11
3661.TW,世芯-KY,半導體,ASIC 設計,台股 AI 股王，專注於高階 AI 加速器與高效能運算 (HPC) 之 ASIC 設計。,https://www.alchip.com/,2026-05-11
3663.TWO,鑫科,化學工業,濺鍍靶材,中鋼集團成員，生產貴金屬靶材與電子材料，應用於半導體、光電及記錄媒體。,http://www.thinfilm.com.tw/,2026-05-11
3664.TWO,安瑞-KY,通訊網路,網路安全,提供應用交付控制 (ADC) 及雲端安全防護方案，深耕印度與美洲市場。,http://www.arraynetworks.com/,2026-05-11
3665.TW,貿聯-KY,電子零組件,高速連接,全球連接方案領導者，產品涵蓋特斯拉車用線束、伺服器高速線及半導體設備。,https://www.bizlinktech.com/,2026-05-11
3666.TWO,光耀,光電業,光學增亮膜,專業中小尺寸液晶面板增亮膜商，產品主要應用於手機、平板及筆電。,http://www.optoma.com.tw/,2026-05-11
3669.TW,圓展,通訊網路,視訊會議,專注於企業級視訊會議系統、智慧教室教學攝影機及 AI 影像追蹤技術。,https://www.aver.com/tw,2026-05-11
3672.TWO,康聯訊,通訊網路,光纖接入,專業光纖通訊設備商，提供光纖交換機與用戶端設備，深耕北歐與日本市場。,http://www.ctcu.com.tw/,2026-05-11
3673.TW,TPK-KY,光電業,觸控模組,觸控技術先驅，提供大尺寸顯示觸控、奈米銀線技術及 3D 列印整合服務。,https://www.tpk.com/,2026-05-11
3675.TWO,德微,半導體,整流二極體,達爾 (Diodes) 集團成員，轉型高階車用、工控二極體及 SiC 功率元件封測。,http://www.eris.com.tw/,2026-05-11
3679.TW,新至陞,電子零組件,塑膠射出,專業雙色塑膠射出成型廠商，產品應用於高階耳機、電子菸與車載機構件。,http://www.synmosa.com.tw/,2026-05-11
3680.TWO,家登,半導體,載具設備,全球 EUV Pod (極紫外光光罩傳送盒) 領導商，為台積電先進製程重要夥伴。,https://www.gudeng.com/,2026-05-11
3684.TWO,榮昌,通訊網路,射頻天線,提供高階微波/毫米波天線及整合式網通戶外機箱，應用於 5G 及智慧電表。,http://www.grandtec.com.tw/,2026-05-11
3685.TWO,元創精密,車用零件,金屬沖壓,專業車身結構沖壓件與塑膠零件製造商，主要客戶為兩岸一線車廠。,http://www.u-m.com.tw/,2026-05-11
3686.TW,達能,綠能,太陽能,原矽晶圓製造商，目前轉型發展太陽能電站開發與能源管理相關業務實。,http://www.danotech.com.tw/,2026-05-11
3687.TWO,歐買尬,資訊服務,遊戲與支付,經營線上遊戲代理，並轉投資歐付寶、綠界科技，深耕數位支付與電子商務領域。,https://www.omg.com.tw/,2026-05-11
3689.TWO,湧德,電子零組件,連接器,專業整合型 RJ45 連接器廠，產品應用於網通設備、資料中心及高階伺服器。,http://www.udlsol.com/,2026-05-11
3691.TWO,碩禾,綠能,導電漿料,全球太陽能導電漿領導商，受惠於 N 型電池（TOPCon）導電漿需求增長。,http://www.giga-solar.com/,2026-05-11
3693.TWO,營邦,電腦週邊,伺服器機殼,專業雲端儲存與伺服器機殼供應商，提供 AI 伺服器整機設計與液冷散熱方案。,https://www.aicipc.com/,2026-05-11
3694.TW,海華,通訊網路,無線模組,專業無線通訊模組（WiFi/BT/IoT）商，產品廣泛應用於家電、NB 及工控。,http://www.azurewave.com/,2026-05-11
3701.TW,大眾控,電腦週邊,工業電腦,提供車用電子（HUD 抬頭顯示器）、工業電腦及電子代工（EMS）整合服務。,http://www.fic.com.tw/,2026-05-11
3702.TW,大聯大,電子通路,半導體通路,全球領先的半導體零組件通路商，旗下包含世平、品佳、詮鼎等指標型通路。,https://www.wpgholdings.com/,2026-05-11
3703.TW,欣陸,工程營造,土木建築,旗下擁有大陸工程、大陸建設及欣達環工，涵蓋大型公建、住宅開發及環保工程。,https://www.continental-holdings.com/,2026-05-11
3704.TW,合勤控,通訊網路,網通設備,旗下包含合勤科技（Zyxel）及兆勤，專注於寬頻接取、網安及 WiFi 解決方案。,https://www.unizyx.com/,2026-05-11
3705.TW,永信,生技醫療,製藥,國內學名藥領導商，產品線完整，並積極布局原料藥、動物藥及跨國製藥市場。,https://www.ysp.com.tw/,2026-05-11
3706.TW,神達,電腦週邊,伺服器,提供雲端運算伺服器（旗下神雲）、車用電子（Mio）及智慧城市物聯網方案。,https://www.mitac.com/,2026-05-11
3707.TWO,漢磊,半導體,晶圓代工,專注於化合物半導體（SiC/GaN）晶圓代工，為電動車與綠能電源管理之核心。,http://www.episil.com/,2026-05-11
3708.TW,上緯投控,綠能,風電材料,專業風力發電葉片用樹脂製造商，致力於可回收熱固材料及環保碳纖應用。,http://www.swancor.com/,2026-05-11
3709.TWO,鑫聯大投控,電子通路,軟硬體分銷,旗下聯強國際代理各品牌電腦零組件、資訊產品及商用軟體，深耕通路市場。,http://www.unimaster.com.tw/,2026-05-11
3710.TWO,連展投控,電子零組件,連接器,經營連接器、光電及無線通訊零件，並擴展至農業生技與智慧醫療領域。,http://www.acon.com.tw/,2026-05-11
3711.TW,日月光投控,半導體,封裝測試,全球半導體封測龍頭，提供先進封裝（FOCoS/SiP）及電子代工（EMS，旗下環旭）。,https://www.aseglobal.com/,2026-05-11
3712.TW,永崴投控,綠能,能源管理,旗下包含森崴能源，專注於離岸風電工程、太陽能、水力發電及售電業務。,http://www.powerwind.com.tw/,2026-05-11
3713.TWO,新晶投控,綠能,太陽能電站,專業太陽能系統整合商，從事電站投資營運、維護管理及綠電交易。,http://www.sunrising.com.tw/,2026-05-11
3714.TW,富采,光電業,LED 製造,晶電與隆達合併而成，專注於 Mini/Micro LED、感測及化合物半導體。,https://www.ennostar.com/,2026-05-11
3715.TW,定穎投控,電子零組件,PCB,專業高階印刷電路板廠，轉向車用 PCB 領域，受惠於電動車與自動駕駛需求。,http://www.dynamicpcb.com/,2026-05-11
3716.TW,中化控股,生技醫療,醫藥通路,整合中化製藥與通路，涵蓋人用藥品、保健食品、醫美產品及長照服務。,http://www.ccpc.com.tw/,2026-05-11
3717.TW,聯嘉投控,車用零件,車用 LED,專業 LED 車燈模組供應商，為特斯拉及多家美系車廠之關鍵供應鏈夥伴。,http://www.eoilighting.com/,2026-05-11
4102.TWO,永日,生技醫療,原料藥,永信集團旗下，生產消炎藥、心血管用藥等活性醫藥成份 (API)，深耕歐美市場。,http://www.yungzip.com.tw/,2026-05-11
4104.TW,佳醫,生技醫療,醫療通路,專業醫療耗材通路商，深耕血液透析（洗腎）、醫美、牙科設備及物流服務。,http://www.excelsior.com.tw/,2026-05-11
4105.TWO,東洋,生技醫療,特殊製藥,專注於微脂體、微球等高技術門檻藥品開發，產品涵蓋癌症、抗感染用藥。,http://www.tty.com.tw/,2026-05-11
4106.TW,雃博,生技醫療,醫療器材,經營自有品牌「Wellell」，專注於氣墊床、呼吸治療器等傷口照護解決方案。,https://www.wellell.com/tw,2026-05-11
4107.TWO,邦特,生技醫療,醫療耗材,專業血管內治療耗材廠，主要產品為血液透析迴路管、軟袋及外科引流管。,http://www.bioteq.com.tw/,2026-05-11
4108.TW,懷特,生技醫療,植物藥,致力於研發處方植物新藥，代表作為「懷特血寶」，用於改善癌症病患疲勞。,http://www.pharmaengine.com.tw/,2026-05-11
4109.TWO,加捷生醫,生技醫療,保健食品,專注於綠蜂膠、蜂王乳等天然保健食品開發，並提供機能性飲品。,http://www.bios-green.com.tw/,2026-05-11
4111.TWO,濟生,生技醫療,洗腎藥水,專業生理食鹽水及洗腎液製造商，產品涵蓋大容量注射劑與洗腎用藥。,http://www.cisen.com.tw/,2026-05-11
4113.TWO,聯上,工程營造,房地產開發,聯上集團旗下營建公司，專注於南台灣精品住宅與商業辦公大樓之開發。,http://www.len-sun.com.tw/,2026-05-11
4114.TWO,健喬,生技醫療,製藥與通路,透過併購策略建構完整劑型平台，專注於呼吸道、泌尿道及賀爾蒙藥品。,http://www.synmosa.com.tw/,2026-05-11
4116.TWO,明基醫,生技醫療,醫療設備,佳世達集團旗下，提供智慧手術室解決方案、超音波設備及牙科數位耗材。,https://www.benqmedicaltech.com/,2026-05-11
4119.TW,旭富,生技醫療,原料藥,國內 API 大廠，全球抗癲癇藥、憂鬱症藥及帕金森氏症藥品關鍵供應商。,http://www.sci-pharm.com.tw/,2026-05-11
4120.TWO,友華,生技醫療,醫藥行銷,代理全球新藥、保健食品及嬰幼兒奶粉（卡洛塔妮），並具備自有研發能力。,http://www.oep.com.tw/,2026-05-11
4121.TWO,優盛,生技醫療,醫療器材,經營「Rossmax」品牌，生產血壓計、耳溫槍及噴霧器，並跨足藥局通路。,http://www.rossmax.com/,2026-05-11
4123.TWO,晟德,生技醫療,投控與製藥,生技工業銀行定位，投資多家生技新藥公司，其核心事業為小兒水劑藥品。,http://www.centerlab.com.tw/,2026-05-11
4126.TWO,太醫,生技醫療,醫療耗材,專業密閉式抽痰管及醫療用氣體工程設備商，深耕高階拋棄式醫療耗材。,http://www.pahsco.com.tw/,2026-05-11
4127.TWO,天良,生技醫療,醫藥通路,提供成藥代理、品牌藥品分銷及電視購物保健產品推廣服務。,http://www.tianli.com.tw/,2026-05-11
4128.TWO,中天,生技醫療,新藥與通路,專注於生技新藥研發、保健食品（化療漾），並投資子公司合一、泉盛。,http://www.microbio.com.tw/,2026-05-11
4129.TWO,聯合,生技醫療,骨科植入物,亞洲首家通過美歐認證的人工關節製造商，專注於人工髖關節與膝關節開發。,http://www.unitedorthopedic.com/,2026-05-11
4130.TWO,健亞,生技醫療,新藥開發,專注於開發具市場利基的專利新藥與改良型新藥 (505b2)，涵蓋中樞神經系統。,http://www.genovate.com/,2026-05-11
4131.TWO,浩泰,生技醫療,生技投資,轉型經營生技相關業務，並投資具潛力之生物科技與醫療器材事業。,http://www.haotai.com.tw/,2026-05-11
4133.TW,亞諾法,生技醫療,抗體研發,全球最大的抗體生產商之一，提供科研用抗體、蛋白及各式生物檢測套組。,http://www.abnova.com/,2026-05-11
4137.TW,麗豐-KY,生技醫療,醫美護膚,經營「克麗緹娜」品牌，為亞洲連鎖美容沙龍龍頭，結合護膚產品開發與通路。,http://www.chlitina.com/,2026-05-11
4138.TWO,曜亞,生技醫療,醫美設備,佳醫集團旗下，代理全球頂尖醫美雷射儀器及針劑產品，深耕連鎖醫美診所。,http://www.dmkt.com.tw/,2026-05-11
4139.TWO,馬光-KY,生技醫療,中醫連鎖,經營新加坡及中國大陸的中醫連鎖門診，提供專業中醫診療與健康管理服務。,http://www.makuang.com.tw/,2026-05-11
4142.TW,國光生,生技醫療,疫苗製造,台灣唯一通過歐美認證的疫苗大廠，專注於流感疫苗、腸病毒疫苗及生物藥代工。,http://www.adimmune.com.tw/,2026-05-11
4147.TWO,中裕,生技醫療,愛滋新藥,專注於愛滋病長效抗體藥物 (Trogarzo) 之開發與全球授權，由何大一博士指導。,http://www.taiwanbiotech.com.tw/,2026-05-11
4148.TW,全宇生技-KY,生技醫療,生物肥料,專注於生物有機複合肥料研發，主要應用於馬來西亞及東南亞的油棕種植園。,http://www.allcosmos.com/,2026-05-11
4153.TWO,鈺緯,生技醫療,醫療顯示器,專業醫療影像顯示設備商，產品應用於放射、手術室及內視鏡等高階醫療場景。,http://www.divalabs.com/,2026-05-11
4154.TWO,樂威科-KY,生技醫療,生技新藥,致力於抗癌與抗病毒新藥研發，並積極開發具差異化競爭優勢的醫藥產品。,http://www.levico.com.tw/,2026-05-11
4155.TW,訊映,生技醫療,血糖監測,經營「OK Biotech」品牌，生產血糖測試儀及試片，外銷市場遍布全球。,http://www.okbiotech.com/,2026-05-11
4157.TWO,太景*-KY,生技醫療,新藥研發,專注於抗感染、抗腫瘤新藥開發，代表作為抗生素新藥「太捷信」(奈諾沙星)。,http://www.taigenbiotech.com.tw/,2026-05-11
4160.TWO,訊聯基因,生技醫療,基因檢測,訊聯集團旗下，專注於精準醫療、預防醫學及各類臨床基因與罕見疾病檢測。,https://www.ggene.com.tw/,2026-05-11
4161.TWO,聿新科,生技醫療,居家檢測,專注於多功能血糖計 (血糖/膽固醇/尿酸) 開發，並跨足天然保養材料業務。,http://www.bioptik.com.tw/,2026-05-11
4162.TWO,智擎,生技醫療,癌症新藥,採「虛擬研發」模式，代表作為胰臟癌新藥「安能得」(ONIVYDE)，具全球授權。,http://www.pharmaengine.com.tw/,2026-05-11
4163.TWO,鐿鈦,生技醫療,醫療手術器械,專業高階醫療手術用器械製造商，為嬌生 (J&J) 腹腔鏡微創手術零件之供應商。,http://www.intech-tw.com/,2026-05-11
4164.TW,承業醫,生技醫療,醫療設備租賃,專業放射腫瘤與影像醫學設備代理商，提供醫院大型醫療設備租賃與維保服務。,http://www.excelsior-medical.com.tw/,2026-05-11
4166.TWO,友霖,生技醫療,特殊劑型,友華集團旗下，具備專業藥廠與多元劑型平台，專注於中樞神經及罕見疾病藥物。,http://www.orientpharma.com/,2026-05-11
4167.TWO,松瑞藥,生技醫療,培南類抗生素,全球領先的培南類 (Carbapenem) 抗生素原料藥及製劑廠，深耕美、日市場。,http://www.scino-pharm.com.tw/,2026-05-11
4168.TWO,醣聯,生技醫療,醣抗體開發,專注於醣抗體開發平台，進行抗癌藥物與高價值生物相似藥 (Biosimilars) 研發。,http://www.glyconex.com.tw/,2026-05-11
4169.TW,泰宗,生技醫療,醫藥行銷與研發,具備豐富的醫藥通路行銷經驗，並開發植物新藥及非入侵式疾病檢測產品。,http://www.t-zone.com.tw/,2026-05-11
4171.TWO,瑞基,生技醫療,核酸檢測,以 POCKIT 品牌提供現場即時 PCR 檢測平台，應用於水產、畜產及寵物醫療。,http://www.rbiotech.com.tw/,2026-05-11
4173.TWO,久裕,生技醫療,醫藥物流,佳醫集團旗下，提供專業的醫藥分銷、第三方倉儲與冷鏈物流整合服務。,http://www.cych.com.tw/,2026-05-11
4174.TWO,浩鼎,生技醫療,主動免疫療法,專注於「Globo H」抗原平台之新藥開發，致力於廣譜抗癌免疫療法研究。,http://www.obiopharma.com/,2026-05-11
4175.TWO,杏一,生技醫療,醫療零售通路,國內醫療用品連鎖通路龍頭，據點遍布醫院院內與院區周邊，深耕銀髮長照。,http://www.medfirst.com.tw/,2026-05-11
4178.TW,永笙-KY,生技醫療,幹細胞庫,提供專業臍帶血及幹細胞儲存、檢測，並研發幹細胞治療與免疫細胞療法。,http://www.stemcyte.com.tw/,2026-05-11
4183.TWO,福永生技,生技醫療,血糖監測,專業居家醫療電子產品製造商，提供血糖儀、血壓計等 ODM/OEM 服務。,http://www.foracare.com.tw/,2026-05-11
4188.TWO,安克,生技醫療,AI 影像診斷,專注於超音波電腦輔助診斷 (CAD) 軟體，提供甲狀腺腫瘤與睡眠呼吸偵測。,http://www.amcad.com.tw/,2026-05-11
4190.TW,佐登-KY,生技醫療,醫美保養,經營「佐登妮絲」美容通路，結合生產基地與觀光園區，打造美妝保養生態系。,http://www.jourdeness.com.tw/,2026-05-11
4192.TWO,杏國,生技醫療,新藥研發,杏輝集團旗下，致力於抗癌與眼科新藥開發，代表作為 SB05PC 胰臟癌藥物。,http://www.syncorepharma.com/,2026-05-11
4198.TWO,欣大健康,生技醫療,生技器材,轉型經營生技器材分銷及醫療管理諮詢，提供醫療機構整合型服務。,http://www.shindabiotec.com/,2026-05-11
4205.TWO,中華食,食品工業,豆腐製造,國內豆腐市場領導品牌「中華豆腐」，產品包含各類豆製品、甜點與冷凍食品。,http://www.taiwan-ch.com.tw/,2026-05-11
4207.TWO,環泰,食品工業,澱粉糖類,專業液態葡萄糖、麥芽糖及果糖製造商，供應食品加工與飲料工業之原料。,http://www.htsugar.com.tw/,2026-05-11
4303.TWO,信立,化學工業,合成皮,專業環保型聚氨酯 (PU) 合成皮製造商，產品應用於運動鞋、家具與皮製品。,http://www.shinkong-pu.com.tw/,2026-05-11
4304.TWO,勝昱,化學工業,塗層材料,從事精密塗佈與膠膜加工，產品應用於光學背板、保護膜及特種膠帶。,http://www.sunyutec.com.tw/,2026-05-11
4305.TWO,世坤,化學工業,塑膠製品,專業 PVC 硬質板、膠布及各式包裝材料生產，供應工業與建築裝飾領域。,http://www.skpc.com.tw/,2026-05-11
4306.TW,炎洲,化學工業,膠帶與包裝,全球膠帶大廠，產品涵蓋 OPP 膠帶、工業膠帶，並跨足地產開發與旅館業。,https://www.yanzhou.com.tw/,2026-05-11
4401.TWO,東隆興,紡織纖維,尼龍加工絲,專業尼龍 66 加工絲供應商，專注於運動服、內衣及機能性織物之紗線開發。,http://www.tlf.com.tw/,2026-05-11
4402.TWO,郡都開發,營建工程,住宅開發,由傳統紡織轉型，現專注於高雄等南部地區的房地產開發與建案銷售。,http://www.chundu.com.tw/,2026-05-11
4406.TWO,新昕纖,紡織纖維,聚酯加工絲,生產聚酯加工絲及機能性纖維，產品應用於運動服飾及家用織物。,http://www.hsinko.com.tw/,2026-05-11
4413.TWO,飛寶企業,紡織纖維,成衣貿易,從事成衣貿易與品牌代理，主要供應歐美市場休閒與運動服飾。,http://www.fibest.com.tw/,2026-05-11
4414.TW,如興,紡織纖維,牛仔褲製造,全球知名牛仔褲 OEM/ODM 大廠，透過併購擴大規模，供應全球各大流行品牌。,http://www.rooch.com/,2026-05-11
4416.TWO,三圓,營建工程,都市更新,專注於台北市精華地段的大型都市更新與豪宅建案開發。,http://www.sanyuan.com.tw/,2026-05-11
4417.TWO,金洲,其他,漁網製造,全球最大漁網生產商之一，產品涵蓋各類圍網、陸用防護網及體育用網。,http://www.king-net.com/,2026-05-11
4419.TWO,皇家美食,觀光餐飲,連鎖餐飲,經營「漢堡王」在台連鎖業務及各類中西式餐飲品牌。,http://www.royalcuisine.com.tw/,2026-05-11
4420.TWO,光明,紡織纖維,加工絲,專業聚酯加工絲廠，提供差異化、機能性紗線，並投入資產開發與物業管理。,http://www.km-textile.com.tw/,2026-05-11
4426.TW,利勤,紡織纖維,3D 織物,專業 3D 織物 (Spacer Fabrics) 生產商，產品廣泛應用於全球知名球鞋與內衣。,http://www.lichiang.com.tw/,2026-05-11
4430.TWO,耀億,紡織纖維,複合纖維,生產長纖、短纖及特種工業纖維，產品應用於汽車內裝、環保耗材。,http://www.yaoi.com.tw/,2026-05-11
4432.TWO,銘旺實,紡織纖維,運動成衣,專業運動與休閒成衣代工商，主要客戶為歐美知名品牌與通路商。,http://www.mw.com.tw/,2026-05-11
4433.TWO,興采,紡織纖維,環保機能布,獨創 S.Café 咖啡紗技術，專注於環保休閒與運動機能性面料研發。,http://www.singtex.com/,2026-05-11
4438.TW,廣越,紡織纖維,羽絨服製造,全球羽絨服與機能服代工龍頭，為 The North Face、Nike、Adidas 等指定供應商。,http://www.grand-ocean.com.tw/,2026-05-11
4439.TW,冠星-KY,紡織纖維,針織布,專業針織布製造商，深耕柬埔寨、越南基地，為 Gap、Adidas 關鍵面料商。,http://www.top-star.com.tw/,2026-05-11
4440.TW,宜新實業,紡織纖維,彈性包覆紗,專注於高階彈性包覆紗及機能性環保紗線，應用於運動服及醫療用布。,http://www.e-shing.com.tw/,2026-05-11
4441.TW,振大環球,紡織纖維,成衣代工,提供成衣設計與製造服務，主要生產基地分佈於馬達加斯加與越南。,http://www.jen-tech.com.tw/,2026-05-11
4442.TWO,竣邦-KY,紡織纖維,機能布研發,專注於機能性面料的設計研發與資源整合，提供品牌客戶一站式供應鏈方案。,http://www.jb-tex.com.tw/,2026-05-11
4502.TWO,健信,電子零組件,輪圈製造,原為鋁合金輪圈大廠，現跨足汽車電子與新能源車相關零組件。,http://www.prowill.com.tw/,2026-05-11
4503.TWO,金雨,電機機械,自動販賣機,專業自動販賣機製造商，並擴展至儲能系統機櫃與 AI 伺服器機構件加工。,http://www.konyu.com.tw/,2026-05-11
4506.TWO,崇友,電機機械,電梯製造,國內電梯龍頭企業，擁有「中芝」品牌，涵蓋高速電梯及維修保養業務。,http://www.gfc.com.tw/,2026-05-11
4510.TWO,高鋒,電機機械,工具機,專業加工中心機製造商，產品應用於汽車、模具、航太及精密機械產業。,http://www.kaofoong.com.tw/,2026-05-11
4513.TWO,福裕,電機機械,磨床設備,台灣磨床領導品牌，產品包含磨床、車床及加工中心，近年跨足房地產開發。,http://www.chevalier.com.tw/,2026-05-11
4523.TWO,永彰,電機機械,車用空調,專業汽車空調與熱傳導系統供應商，並跨足儲能系統 (BMS) 與能源管理。,http://www.everready.com.tw/,2026-05-11
4526.TW,東台,電機機械,工具機與自動化,東台精機為工具機大廠，提供汽車、電子、航太業之自動化產線與加工設備。,http://www.tongtai.com.tw/,2026-05-11
4527.TWO,方土霖,電機機械,冷凍設備,專業中央空調系統及冷凍設備商，產品應用於工業降溫及大型建築空調。,http://www.king-sun.com.tw/,2026-05-11
4528.TWO,江興鍛,汽車零件,鍛造件,專業汽車傳動系統鍛造件供應商，主要客戶涵蓋國內外知名車系。,http://www.chiang-hsing.com.tw/,2026-05-11
4529.TWO,淳紳,其他,電動車開發,專注於電動車研發、設計與技術轉讓，致力於打造自有品牌新能源汽車。,http://www.thunderpower.com.tw/,2026-05-11
4530.TWO,宏易,其他,觀光旅遊,由精密模具轉型，目前主要業務為觀光飯店管理及精緻餐飲服務。,http://www.horng-yih.com.tw/,2026-05-11
4532.TW,瑞智,電機機械,壓縮機,全球迴轉式壓縮機主要供應商，產品廣泛應用於空調、乾衣機及除濕機。,http://www.rechi.com/,2026-05-11
4533.TWO,協易機,電機機械,沖壓設備,全球中大型伺服沖床領先廠商，服務於汽車、家電及綠色能源產業。,http://www.seyi.com/,2026-05-11
4534.TWO,慶騰,電機機械,粉末冶金,專業粉末冶金零組件廠，產品應用於工具機、汽車傳動零件及家電設備。,http://www.ching-teng.com.tw/,2026-05-11
4535.TWO,至興,汽車零件,精沖件,專業精沖零件製造商，專注於汽車座椅調整器、碟剎盤及傳動零組件。,http://www.fineblanking.com.tw/,2026-05-11
4536.TW,拓凱,其他,複合材料,全球高階碳纖維複合材料產品龍頭，涵蓋網球拍、自行車及航太/醫療零件。,http://www.topkey.com.tw/,2026-05-11
4538.TWO,大詠城,電機機械,鑄件,專業工具機大型鑄件製造商，供應國內外中高階工具機之結構本體。,http://www.tayunghome.com.tw/,2026-05-11
4540.TW,全球傳動,電機機械,線性傳動,生產滾珠螺桿、線性滑軌等自動化核心零組件，服務於工業機器人與半導體。,http://www.tbimotion.com.tw/,2026-05-11
4541.TWO,晟田,航太業,航太零件,專業航太發動機及起落架零件商，亦提供半導體真空設備加工服務。,http://www.magnate.com.tw/,2026-05-11
4542.TWO,科嶠,其他,烘烤設備,專業 PCB 與光電烘烤乾製程設備商，受惠於載板與半導體封裝擴產需求。,http://www.compeq.com.tw/,2026-05-11
4543.TWO,萬在,汽車零件,熱傳系統,專業汽車空調冷凝器、蒸發器製造商，積極布局電動車熱管理與充電樁散熱。,http://www.man-zai.com.tw/,2026-05-11
4545.TW,銘鈺,電子零組件,精密沖壓,提供硬碟音圈馬達 (VCM) 板片、微散熱件及自動化設備研發服務。,http://www.minyih.com.tw/,2026-05-11
4549.TWO,桓達,電機機械,感測器,專業物位、液位感測器製造商，產品廣泛應用於工業自動化及智慧糧倉。,http://www.fine-tek.com/,2026-05-11
4550.TWO,長佳,電機機械,機電工程,專業機電與空調工程承包商，並經營運動中心委外營運 (OT) 業務。,http://www.ccf.com.tw/,2026-05-11
4551.TW,智伸科,汽車零件,精密機械零件,專業精密金屬零件加工，應用於汽車缸內直噴、醫療器材及硬碟組件。,http://www.global-pm.com/,2026-05-11
4552.TW,力達-KY,電機機械,空氣壓縮機,全球空壓機主要製造商，產品涵蓋往復式、螺桿式及渦卷式空壓機。,http://www.aircompressor-ld.com/,2026-05-11
4554.TWO,橙的,汽車零件,TPMS,專注於無線胎壓偵測系統 (TPMS) 開發，深耕全球售後維修 (AM) 市場。,http://www.orange-electronic.com/,2026-05-11
4555.TW,氣立,電機機械,氣壓元件,經營「CHELIC」品牌，生產氣缸、電磁閥等氣動元件，服務自動化設備產業。,http://www.chelic.com/,2026-05-11
4556.TWO,旭然,其他,過濾設備,專業過濾系統商，提供工業用與半導體等級過濾耗材，應用於液體過濾。,http://www.filtrafine.com/,2026-05-11
4557.TW,永新-KY,汽車零件,剎車系統,亞太區剎車系統售後市場領導商，產品包含剎車總泵、分泵與卡鉗零件。,http://www.ysholding.com/,2026-05-11
4558.TWO,寶緯,電機機械,鋁擠型製品,專業鋁擠型設計製造，產品應用於工業機殼、建築鋁窗及半導體設備零件。,http://www.poway.com.tw/,2026-05-11
4560.TW,強信-KY,電機機械,縫紉機零件,全球工業縫紉機刀具及零件龍頭，產品應用於成衣、鞋類等紡織設備。,http://www.strongh.com.cn/,2026-05-11
4561.TWO,健椿,電機機械,精密主軸,專業精密主軸製造商，產品為 CNC 工具機、半導體與磨床之核心組件。,http://www.kenturn.com.tw/,2026-05-11
4562.TW,穎漢,電機機械,彎管機,專業彎管機械與自動化生產線供應商，服務於汽車、航太及家具產業。,http://www.ylm.com.tw/,2026-05-11
4563.TWO,百德,電機機械,工具機,專業五軸加工中心機製造商，產品定位高階，主要應用於航太與醫療領域。,http://www.quaser.com/,2026-05-11
4564.TW,元翎,其他,壓力容器,全球小鋼瓶 (奶油/汽水/安全氣囊用) 領導商，擁有精密冷鍛加工技術。,http://www.mosa.com.tw/,2026-05-11
4566.TW,時碩工業,汽車零件,精密機械零件,專注於汽車、航太及工業儀表零件加工，具備跨領域材料成型與量產能力。,http://www.shishuo.com/,2026-05-11
4568.TWO,科際精密,電機機械,微型泵閥,專業微型氣泵與電磁閥製造商，產品應用於醫療監測、汽車腰靠及家電。,http://www.koge.com/,2026-05-11
4569.TW,六方科-KY,電機機械,精密零件,專業精密金屬零件代工，涵蓋汽車、通訊及醫療，具備自動化生產規模。,http://www.sixmgroup.com/,2026-05-11
4571.TW,鈞興-KY,電機機械,精密齒輪,生產高精度齒輪、齒輪箱及電動工具齒輪組，應用於機器人及工業自動化。,http://www.khgears.com/,2026-05-11
4572.TW,駐龍,航太業,航太機身件,專業航太結構零件及組件製造商，為波音與空中巴士供應鏈成員。,http://www.drewloong.com.tw/,2026-05-11
4576.TW,大銀微系統,電機機械,線性馬達,上銀集團旗下，專注於線性馬達、精密運動控制元件及半導體設備組件。,http://www.hiwinmikro.tw/,2026-05-11
4577.TWO,達航科技,其他,PCB 鑽孔機,專業 PCB 機械鑽孔機設備商，並提供專業鑽孔代工與設備維修服務。,http://www.takt-tw.com/,2026-05-11
4580.TWO,捷流閥業,電機機械,工業閥門,專業蝶閥製造商，產品廣泛應用於石化、電子、能源及公共事業管路。,http://www.valuevalve.com/,2026-05-11
4581.TW,光隆精密-KY,汽車零件,商用車零件,專業商用車底盤及發動機零件加工，主要服務全球一線重型卡車品牌。,http://www.klmholding.com/,2026-05-11
4583.TW,台灣精銳,電機機械,減速機,全球精密行星減速機龍頭之一，並經營飯店業，產品應用於機器人手臂。,http://www.apexdyna.com/,2026-05-11
4584.TWO,君帆,電機機械,油壓缸,專業油氣壓缸及動力單元製造商，應用於輪胎機械、模具及基礎建設。,http://www.jf-fluid.com.tw/,2026-05-11
4585.TW,達明,電機機械,協作機器人,廣達集團旗下，全球協作型機器人領先品牌，以內建視覺系統為核心競爭力。,http://www.tm-robot.com/,2026-05-11
4588.TW,玖鼎電力,電機機械,智慧電表,專業智慧電表與電力監測設備商，受惠於台電電網更新與能源管理需求。,http://www.archmeter.com/,2026-05-11
4590.TW,富田-創,電機機械,電動車馬達,電動車驅動馬達核心供應商，長期與 Tesla 等國際車廠合作馬達研發。,http://www.fukuta-motor.com.tw/,2026-05-11
4609.TWO,唐鋒,家電,小家電,生產攪拌機、果汁機等廚房小家電，產品以外銷歐美市場為主。,http://www.tonfong.com.tw/,2026-05-11
4702.TWO,中美實,化學工業,染料化工,從事纖維染料及特用化學品生產，並轉型投資影視文化與生技事業。,http://www.union-chemical.com/,2026-05-11
4706.TWO,大恭,化學工業,顏料加工,專業有機顏料、色母及各式塑膠著色劑製造，應用於油漆及塑膠工業。,http://www.daikong.com.tw/,2026-05-11
4707.TWO,磐亞,化學工業,非離子界面活性劑,生產界面活性劑與聚酯加工助劑，隸屬長興集團，服務紡織與洗劑業。,http://www.pana-chem.com.tw/,2026-05-11
4711.TWO,永純,化學工業,合成樹脂,專業不飽和聚酯樹脂生產商，產品應用於玻璃纖維製品與塗料樹脂。,http://www.evermore-chem.com.tw/,2026-05-11
4714.TWO,永捷,化學工業,PU 樹脂,專業 PU 樹脂研發商，產品應用於合成皮、塗料，並開發可摺疊手機導電膜。,http://www.u-pica.com.tw/,2026-05-11
4716.TWO,大立,化學工業,合成樹脂,生產酚醛樹脂、尿素樹脂，供應電木板、接著劑及各式建材材料。,http://www.dali-chem.com.tw/,2026-05-11
4720.TW,德淵,化學工業,熱熔膠,全球熱熔膠 brand 供應商，產品廣泛應用於包裝、書刊裝訂與衛生用品。,http://www.texyear.com/,2026-05-11
4721.TWO,美琪瑪,化學工業,電池材料,專業 PTA 氧化觸媒及鋰電池正極材料原料 (硫酸鎳、硫酸鈷) 生產商。,http://www.mechema.com/,2026-05-11
4722.TW,國精化,化學工業,光固化材料,生產紫外線光固化樹脂 (UV 樹脂)，產品應用於電子塗裝、油墨及 3D 列印。,http://www.eternal-group.com.tw/,2026-05-11
4726.TWO,永昕,生技醫療,生物藥代工,專業生物藥 CDMO 公司，提供蛋白質藥物開發、臨床試驗及商業化生產。,http://www.mycenax.com.tw/,2026-05-11
4728.TWO,雙美,生技醫療,膠原蛋白,專業膠原蛋白植入劑研發商，產品應用於醫美微整形與牙科骨材。,http://www.sunmaxbiotech.com/,2026-05-11
4729.TWO,熒茂,電子零組件,觸控面板,生產軍用、醫療及工業級觸控面板，專注於具高度耐用性的特殊顯示模組。,http://www.highlight-tech.com.tw/,2026-05-11
4735.TWO,豪展,生技醫療,醫療器械,專業電子體溫計、血壓計製造商，以紅外線測溫技術為核心，提供 OEM/ODM 服務。,http://www.avita.com.tw/,2026-05-11
4736.TW,泰博,生技醫療,血糖監測,台灣血糖監測設備領導廠商，生產血糖機、試片及各類居家醫護產品。,http://www.taidoc.com/,2026-05-11
4737.TW,華廣,生技醫療,血糖監測,專注於高準確度血糖監測系統開發，以「瑞特 Rightest」品牌行銷全球。,http://www.bionime.com/,2026-05-11
4739.TW,康普,化學工業,電池材料,專業動力電池正極材料原料（硫酸鎳、硫酸鈷）商，深耕電動車供應鏈。,http://www.coremaxcorp.com/,2026-05-11
4741.TWO,泓瀚,化學工業,數位噴墨,專業數位噴印墨水研發商，產品應用於廣告噴繪、紡織及陶瓷印刷。,http://www.jetbest.com/,2026-05-11
4743.TWO,合一,生技醫療,新藥研發,專注於慢性傷口癒合新藥（速優索）及抗體藥物研發，屬中天集團。,http://www.onenessbio.com.tw/,2026-05-11
4744.TWO,皇將,電機機械,包裝設備,專業製藥包裝設備商，提供藥錠/膠囊數粒機及完整自動化瓶裝產線。,http://www.cve.com.tw/,2026-05-11
4745.TWO,合富-KY,生技醫療,醫療通路,提供大型臨床檢驗設備租賃及耗材供應服務，深耕兩岸醫療檢測市場。,http://www.hefuholding.com/,2026-05-11
4746.TW,台耀,生技醫療,原料藥,專業原料藥 (API) 製造商，並提供針劑 CDMO 服務，深耕維生素 D 衍生物。,http://www.formosapharma.com/,2026-05-11
4747.TWO,強生製藥,生技醫療,成藥製造,專注於特殊學名藥研發與生產，產品涵蓋呼吸道、消化道及心血管用藥。,http://www.johnson-pharma.com/,2026-05-11
4749.TWO,新應材,化學工業,半導體材料,專注於半導體與顯示器製程用特化材料，提供光阻劑及相關電子化學品。,http://www.sh-materials.com/,2026-05-11
4754.TWO,國碳科,化學工業,防火材料,專業防火材料製造商，產品應用於建築防火封堵、防火塗料及電纜防火。,http://www.incatech.com.tw/,2026-05-11
4755.TW,三福化,化學工業,特用化學,提供半導體、面板製程特化品及回收再生服務，並生產食品添加物。,http://www.sfchem.com.tw/,2026-05-11
4760.TWO,勤凱科技,電子零組件,導電漿料,專業被動元件導電漿料商，產品應用於 MLCC、電感及太陽能電池。,http://www.gredmann.com/,2026-05-11
4763.TW,材料*-KY,化學工業,絲束材料,全球絲束大廠，主要產品醋酸纖維絲束應用於香菸濾嘴及織物。,http://www.c-polymer.com/,2026-05-11
4764.TW,雙鍵,化學工業,特用化學,專業塑膠添加劑、光固化材料研發商，產品應用於化學加工及環保塗料。,http://www.dbc.com.tw/,2026-05-11
4766.TW,南寶,化學工業,接著劑,全球鞋用接著劑龍頭，提供全方位工業用膠、塗料及碳纖維複合材料。,http://www.nanpao.com.tw/,2026-05-11
4767.TWO,誠泰科技,化學工業,熱熔膠,專業環保型熱熔膠商，產品應用於包裝、書刊、鞋業及汽車組裝。,http://www.chemiseal.com.tw/,2026-05-11
4768.TWO,晶呈科技,化學工業,特種氣體,專業半導體製程用特種氣體供應商，擁有領先的氣體鋼瓶再生技術。,http://www.precisegases.com/,2026-05-11
4770.TW,上品,化學工業,氟素材料,全球半導體氟素設備與材料領導者，提供高純度化學品輸送與儲存方案。,http://www.all-pure.com/,2026-05-11
4771.TW,望隼,生技醫療,隱形眼鏡,專業隱形眼鏡 OEM/ODM 廠，專注於矽水膠產品與特殊花紋鏡片。,http://www.visco-tech.com.tw/,2026-05-11
4772.TWO,台特化,化學工業,特種氣體,專業半導體製程用特種氣體「矽乙烷」生產商，為台積電供應鏈成員。,http://www.ttsc.com.tw/,2026-05-11
4804.TWO,大略-KY,觀光餐飲,婚慶服務,曾經營婚紗攝影及婚宴服務，主要市場位於中國大陸，目前業務重整中。,http://www.dalue.com.cn/,2026-05-11
4806.TWO,桂田文創,文創產業,藝人經紀,跨足藝人經紀、演藝活動企劃及影視文化開發。,http://www.kuitian.com.tw/,2026-05-11
4807.TW,日成-KY,其他,珠寶飾品,專業流行飾品 OEM/ODM 廠，生產基地設於泰國，供應全球知名珠寶品牌。,http://www.regal-holding.com/,2026-05-11
4903.TWO,聯光通,通信網路,光纖纜線,從事光纖電纜及光通訊設備安裝，提供電信基礎建設服務。,http://www.ustc.com.tw/,2026-05-11
4904.TW,遠傳,通信網路,電信營運,台灣三大電信營運商之一，提供行動通訊、寬頻上網及數位加值服務。,http://www.fetnet.net/,2026-05-11
4905.TWO,台聯電,通信網路,網路設備,提供工業級交換機、光收發模組及物聯網通信方案。,http://www.taicom.com.tw/,2026-05-11
4906.TW,正文,通信網路,網通設備,專業網通設備 ODM 大廠，產品涵盖 Wi-Fi 路由器、5G 小型基地台。,http://www.gemteks.com/,2026-05-11
4907.TWO,富宇,營建工程,住宅開發,專注於中部地區的住宅大樓與建案開發，為台中知名建商之一。,http://www.fu-yu.com/,2026-05-11
4908.TWO,前鼎,通信網路,光收發模組,生產光纖通信用光收發組件，受惠於資料中心與 5G 基礎建設需求。,http://www.foci.com.tw/,2026-05-11
4909.TWO,新復興,通信網路,高頻微波板,專業高頻微波 PCB 製造商，應用於衛星通訊、基地台及軍用雷達。,http://www.newflex.com.tw/,2026-05-11
4911.TWO,德英,生技醫療,皮膚藥物,專注於皮膚外用藥、化妝品及抗癌新藥研發，利用植物萃取技術。,http://www.debiotech.com.tw/,2026-05-11
4912.TW,聯德控股-KY,電子零組件,精密沖壓,提供汽車、散熱及伺服器精密沖壓件，具備跨國生產基地佈局。,http://www.leadeastholding.com/,2026-05-11
4915.TW,致伸,電子零組件,電腦週邊,專業影像與電聲產品代工，涵蓋電腦週邊、智慧手機模組及車用電子。,http://www.primax.com.tw/,2026-05-11
4916.TW,事欣科,通信網路,工業電腦,提供博弈機台、航太及國防精密組件加工與系統整合服務。,http://www.parpro.com/,2026-05-11
4919.TW,新唐,半導體,微控制器,華邦電旗下，專業 MCU 及語音 IC 廠，併購松下半導體後強化車用領域。,http://www.nuvoton.com/,2026-05-11
4923.TWO,力士,半導體,功率元件,專業 MOSFET 研發與設計商，產品應用於筆電、手機及電源管理系統。,http://www.mosel.com.tw/,2026-05-11
4924.TWO,欣厚-KY,電子零組件,鍵盤組件,專業電腦鍵盤精密組件及射出成型加工，並跨足生技貿易領域。,http://www.shinho-corp.com/,2026-05-11
4927.TW,泰鼎-KY,電子零組件,多層電路板,專業 PCB 製造商，生產基地位於泰國，供應家電、通訊及車用板。,http://www.apex-pcf.com.tw/,2026-05-11
4930.TW,燦星網,電子零組件,貿易與服務,燦坤集團成員，負責集團電子零組件與電器產品的進出口貿易與後勤支援。,http://www.star-travel.com.tw/,2026-05-11
4931.TWO,新盛力,電子零組件,鋰電池組,提供高功率動力電池組、儲能系統及行動裝置備份電源解決方案。,http://www.stl-tech.com/,2026-05-11
4933.TWO,友輝,電子零組件,增亮膜,專業液晶顯示器背光模組光學膜（增亮膜）廠，深耕中大尺寸顯示應用。,http://www.ubright.com.tw/,2026-05-11
4934.TW,太極,光電業,太陽能電池,專業太陽能電池片製造商，生產基地位於越南，主要供應美國及國際市場。,http://www.tsecpv.com/,2026-05-11
4935.TW,茂林-KY,光電業,導光板,專業導光板與背光模組零件商，產品廣泛應用於筆電發光鍵盤及顯示器。,http://www.glt-global.com/,2026-05-11
4938.TW,和碩,電腦週邊,EMS 代工,台灣大型電子代工 (EMS) 廠，核心業務為智慧型手機、筆電及車用電子組裝。,http://www.pegatroncorp.com/,2026-05-11
4939.TWO,亞電,電子零組件,軟板基材,專業軟性銅箔基板 (FCCL) 製造商，供應軟性電路板產業所需之基礎材料。,http://www.asiamaterial.com/,2026-05-11
4942.TW,嘉彰,電子零組件,金屬沖壓,提供背光模組與液晶面板之金屬框架、遮光罩及各式精密沖壓組件。,http://www.cci-com.com.tw/,2026-05-11
4943.TW,康控-KY,電子零組件,精密機構件,專注於聲學元件及車用精密機構件，具備高難度射出成型與組裝技術。,http://www.concraft.com.tw/,2026-05-11
4946.TWO,辣椒,資訊服務,遊戲經營,經營線上遊戲代理與手機遊戲營運，並代理多款國際知名遊戲 IP。,http://www.wasabii.com.tw/,2026-05-11
4949.TW,有成精密,光電業,太陽能系統,提供太陽能光電系統整合服務，包括支架系統、模組銷售及電站運維。,http://www.winaico.com.tw/,2026-05-11
4950.TWO,金耘國際,其他,貿易批發,從事不鏽鋼、特殊鋼材及電子零件之國內外貿易與物流服務。,http://www.ginter.com.tw/,2026-05-11
4951.TWO,精拓科,半導體,IC 設計,專業工業控制與雲端運算相關 IC 設計，產品涵蓋橋接晶片與視訊處理。,http://www.fintek.com.tw/,2026-05-11
4952.TW,凌通,半導體,消費性 IC,專業 MCU 與多媒體 IC 設計商，產品應用於玩具、語音及無線充電。,http://www.generalplus.com/,2026-05-11
4953.TWO,緯軟,資訊服務,軟體委外,專業資訊委外服務 (ITO) 公司，為全球大型金融與科技業提供軟體人力開發。,http://www.wits.com/,2026-05-11
4956.TW,光鋐,光電業,LED 晶粒,專業 LED 磊晶片與晶粒廠，專注於不可見光 (IR/UV) 及高功率照明應用。,http://www.epileds.com.tw/,2026-05-11
4958.TW,臻鼎-KY,電子零組件,PCB 製造,全球 PCB 市佔率第一，提供軟板、硬板、載板等全方位電路板解決方案。,http://www.zdtco.com/,2026-05-11
4960.TW,誠美材,電子零組件,偏光板,專業液晶面板用偏光板製造商，供應手機、筆電及電視面板產業。,http://www.cmmt.com.tw/,2026-05-11
4961.TW,天鈺,半導體,驅動 IC,鴻海集團旗下，專業面板驅動 IC 及電源管理 IC 設計商。,http://www.fitipower.com/,2026-05-11
4966.TWO,譜瑞-KY,半導體,高速傳輸,全球高速傳輸介面晶片領導商，專注於 eDP、USB 及 PCIe 訊號轉換。,http://www.paradetech.com/,2026-05-11
4967.TW,十銓,電腦週邊,記憶體模組,經營「Team Group」品牌，提供記憶體模組、SSD 及行動儲存產品。,http://www.teamgroupinc.com/,2026-05-11
4968.TW,立積,半導體,射頻 IC,專業射頻前端晶片 (RFIC) 設計商，深耕 Wi-Fi FEM 與微波感測器。,http://www.richwave.com.tw/,2026-05-11
4971.TWO,IET-KY,半導體,磊晶片,專業化合物半導體 (砷化鎵/磷化銦) 磊晶廠，應用於高頻與雷射通訊。,http://www.intelliepi.com/,2026-05-11
4972.TWO,湯石照明,電子零組件,商業照明,專業商業照明燈具商，產品應用於博物館、飯店及高階零售空間。,http://www.tons.com.tw/,2026-05-11
4973.TWO,廣穎電通,電腦週邊,記憶體模組,經營「Silicon Power」品牌，外銷隨身碟、記憶卡及固態硬碟。,http://www.silicon-power.com/,2026-05-11
4974.TWO,亞泰,光電業,影像感測器,專業接觸式影像感測器 (CIS) 廠，主要應用於多功能事務機與掃描器。,http://www.asia-optical.com/,2026-05-11
4976.TW,佳凌,光電業,光學鏡頭,專業光學元件廠，產品應用於車載鏡頭、投影機及安控設備。,http://www.calin.com.tw/,2026-05-11
4977.TW,眾達-KY,通信網路,光收發模組,提供數據中心高速光收發模組，專注於 100G/400G 及 CPO 相關技術。,http://www.p-optics.com/,2026-05-11
4979.TWO,華星光,通信網路,光通訊組件,專業光通訊主動元件廠，產品包括雷射二極體與光收發次模組。,http://www.luxnetcorp.com.tw/,2026-05-11
4987.TWO,科誠,電子零組件,條碼印表機,經營「GoDEX」品牌，專業研發與製造各類工業用及桌面型條碼印表機。,http://www.godexintl.com/,2026-05-11
4989.TW,榮科,電子零組件,電解銅箔,專業 PCB 用電解銅箔製造商，深耕利基型應用與高階載板材料。,http://www.lcf-tw.com/,2026-05-11
4991.TWO,環宇-KY,半導體,磊晶代工,提供化合物半導體 (GaAs/GaN/InP) 晶圓代工，應用於 5G 及國防雷達。,http://www.gcsincorp.com/,2026-05-11
4994.TW,傳奇,資訊服務,遊戲開發,台灣知名遊戲開發商，以「聖境傳說」等自有 IP 經營 MMORPG 遊戲。,http://www.x-legend.com.tw/,2026-05-11
4995.TWO,晶達,電子零組件,工業顯示器,專業高亮度工業級顯示模組商，產品應用於數位看板、博弈及航海設備。,http://www.litemax.com/,2026-05-11
4999.TW,鑫禾,電子零組件,精密樞紐,專業筆記型電腦枢纽 (Hinge) 製造商，供應全球一線品牌廠。,http://www.synnex.com.tw/,2026-05-11
5007.TW,三星,鋼鐵工業,螺絲螺帽,全球最大車用螺帽製造商，以冷鍛技術為核心，深耕全球汽車供應鏈。,http://www.san-shing.com.tw/,2026-05-11
5009.TWO,榮剛,鋼鐵工業,特殊鋼,專業合金工具鋼及特殊鋼製造商，產品應用於航太、能源及油氣產業。,http://www.gmtc.com.tw/,2026-05-11
5011.TWO,久陽,鋼鐵工業,螺栓螺絲,生產各類工業級螺栓與碳鋼螺絲，並積極轉型投資環境維護業務。,http://www.ofco.com.tw/,2026-05-11
5013.TWO,強新,鋼鐵工業,線材加工,專業不鏽鋼線材加工及超潔淨 (EP) 管件，供應半導體氣體管路需求。,http://www.csit.com.tw/,2026-05-11
5014.TWO,建錩,鋼鐵工業,不鏽鋼板,專業不鏽鋼捲板裁剪配送與加工商，為兩岸不鏽鋼通路領導廠商。,http://www.jianchang.com.tw/,2026-05-11
5015.TWO,華祺,鋼鐵工業,不鏽鋼螺絲,全球最大不鏽鋼小螺絲供應商，產品廣泛應用於建築、交通與機械組裝。,http://www.wahchi.com.tw/,2026-05-11
5016.TWO,松和,鋼鐵工業,鋼線鋼纜,專業生產高碳鋼線、鍍鋅鋼線及鋼纜，供應自行車、雨刷及工業起重需求。,http://www.song-he.com.tw/,2026-05-11
5201.TWO,凱衛,資訊服務,證券軟體,提供證券、期貨交易系統開發與金融資訊服務解決方案。,http://www.kway.com.tw/,2026-05-11
5202.TWO,力新,資訊服務,軟體研發,專注於多媒體軟體、光學字元辨識 (OCR) 及物聯網雲端管理平台開發。,http://www.newsoft.com.tw/,2026-05-11
5203.TW,訊連,資訊服務,影音軟體,全球影音編修軟體領導商，代表作「威力導演」，並積極開發 AI 人臉辨識技術。,http://www.cyberlink.com/,2026-05-11
5205.TWO,中茂,其他,觀光娛樂,原為光碟機製造商，後轉型投入休閒產業營運與不動產開發業務。,http://www.chungmao.com.tw/,2026-05-11
5206.TWO,坤悅,建材營造,房地產開發,中台灣知名建商，深耕台中與彰化地區，以自建自售之中高階住宅為主。,http://www.kunyue.com.tw/,2026-05-11
5209.TWO,新鼎,資訊服務,系統整合,隸屬中鼎集團，專注於石化、交通及廠房之自動化監控與系統整合工程。,http://www.asi.com.tw/,2026-05-11
5210.TWO,寶碩,資訊服務,金融科技,提供證券投資分析軟體與理財規劃平台，服務對象涵蓋銀行與證券業。,http://www.apex.com.tw/,2026-05-11
5211.TWO,蒙恬,資訊服務,手寫辨識,專業開發手寫辨識、名片管理及 AI 語音輸入軟硬體解決方案。,http://www.penpower.com.tw/,2026-05-11
5212.TWO,凌網,資訊服務,電子書平台,提供政府電子政務系統開發及經營「HyRead」電子書平台，深耕圖書館市場。,http://www.hyweb.com.tw/,2026-05-11
5213.TWO,亞昕,建材營造,房地產開發,雙北知名建商，推案集中於林口與新莊，並跨足海外房地產與飯店經營。,http://www.yeashin.com.tw/,2026-05-11
5215.TW,科嘉-KY,電子零組件,薄膜開關,專業筆記型電腦鍵盤薄膜觸點開關 (MTS) 製造商，供應全球前五大鍵盤廠。,http://www.koja.com.tw/,2026-05-11
5220.TWO,萬達光電,電子零組件,觸控面板,提供高階工業及醫療用觸控螢幕，專注於高耐用性之電阻與電容觸控技術。,http://www.apexone.com.tw/,2026-05-11
5222.TW,全訊,通信網路,功率放大器,專業化合物半導體功率放大器廠，產品主要應用於國防雷達、導航及 5G 基站。,http://www.transcom.com.tw/,2026-05-11
5223.TWO,安力-KY,電子零組件,散熱機構件,提供筆電及伺服器精密金屬機構件，專注於風扇框架與屏蔽罩設計。,http://www.alin.com.cn/,2026-05-11
5225.TW,東科-KY,電子週邊,音響代工,全球最大影音揚聲器 (Soundbar) 代工廠，服務索尼、三星等全球家電品牌。,http://www.eastech.com/,2026-05-11
5227.TWO,立凱-KY,電子零組件,電池正極材料,專業磷酸鐵鋰 (LFP) 電池正極材料研發商，技術授權於歐美儲能與電動車市場。,http://www.aleees.com/,2026-05-11
5228.TWO,鈺鎧,電子零組件,被動元件,專業磁性元件製造商，生產各類電感、磁珠，應用於車用、通訊及工業控制。,http://www.yucai.com.tw/,2026-05-11
5230.TWO,雷笛克光學,光電業,LED 透鏡,專業 LED 二次光學透鏡設計商，產品應用於戶外路燈、商業與車用照明。,http://www.ledlink-optics.com/,2026-05-11
5234.TW,達興材料,化學工業,電子化學品,友達集團旗下，提供液晶面板、半導體及先進封裝所需之特用化學材料。,http://www.daxinmat.com/,2026-05-11
5236.TWO,凌陽創新,半導體,影像處理 IC,專業開發筆電網路攝影機 (Webcam) 影像處理晶片，市佔率位居全球領先。,http://www.sunplusit.com/,2026-05-11
5243.TW,乙盛-KY,電子零組件,精密模具,鴻海集團成員，生產電視框架、伺服器機殼及電動車精密金屬結構件。,http://www.esunon.com.tw/,2026-05-11
5244.TW,弘凱,光電業,LED 封裝,專業感測與光學封裝商，產品應用於筆電、電競週邊及車用氣氛燈。,http://www.brightekled.com/,2026-05-11
5245.TWO,智晶,光電業,PMOLED,專業被動式有機發光二極體 (PMOLED) 廠，深耕穿戴裝置及工控儀表應用。,http://www.wisechip.com.tw/,2026-05-11
5251.TWO,天鉞電,電子零組件,安全監控,提供智能家庭安防與無線數位影像監控產品，產品外銷歐美通路。,http://www.secufirst.com.tw/,2026-05-11
5258.TW,虹堡,通信網路,POS 終端機,全球支付終端機 (EFT-POS) 主要供應商，並提供自助支付與雲端管理平台。,http://www.castlestech.com/,2026-05-11
5263.TWO,智崴,觀光娛樂,體感設備,全球飛行劇院領導商，專注於體感模擬設備研發，為大型樂園提供解決方案。,http://www.brogent.com/,2026-05-11
5269.TW,祥碩,半導體,高速傳輸 IC,華碩集團旗下，專業高速序列傳輸介面晶片設計，為全球 USB/SATA 核心供應商。,http://www.asmedia.com.tw/,2026-05-11
5272.TWO,笙科,半導體,射頻 IC,專業射頻 (RF) 晶片設計，產品涵蓋衛星通訊、無線數據傳輸與物聯網。,http://www.a-moeba.com/,2026-05-11
5274.TWO,信驊,半導體,BMC 晶片,全球伺服器管理晶片 (BMC) 龍頭，市佔率極高，為資料中心核心組件。,http://www.aspeedtech.com/,2026-05-11
5276.TWO,達輝-KY,其他,偏光板材料,生產偏光板用三醋酸纖維薄膜 (TAC 膜)，為面板產業鏈之上游材料。,http://www.acegroup.com.tw/,2026-05-11
5278.TWO,尚凡*,資訊服務,社群交友,經營「愛情公寓」交友網站與多款社交 App，並擴展健康生技食品銷售。,http://www.sunfun.com.tw/,2026-05-11
5283.TW,禾聯碩,家電,品牌家電,經營「HERAN」品牌，主攻電視、冷氣及各式小家電，為本土家電通路龍頭。,http://www.heran.com.tw/,2026-05-11
5284.TW,jpp-KY,其他,精密鈑金,專業航太與醫療精密鈑金組件廠，深耕泰國市場並服務空巴等國際巨頭。,http://www.jpp.com.tw/,2026-05-11
5285.TW,界霖,電子零組件,導線架,專業功率半導體導線架製造商，產品應用於汽車、家電與能源管理系統。,http://www.sh-leadframe.com/,2026-05-11
5287.TWO,數字,資訊服務,電子商務,經營「591 房屋網」、「8591 寶物交易」等知名入口網站，為電商龍頭。,http://www.591.com.tw/,2026-05-11
5288.TW,豐祥-KY,汽車零件,精密組件,提供汽機車精密金屬組件及醫療器械零件，生產基地位於越南與東南亞。,http://www.eurocharm.com.tw/,2026-05-11
5289.TWO,宜鼎,電子零組件,工業級儲存,專業工業級 SSD 與記憶體模組商，深耕 AI 邊緣運算與強固型儲存應用。,http://www.innodisk.com/,2026-05-11
5291.TWO,邑昇,電子零組件,PCB 與照明,從事單雙面與多層電路板製造，並開發自有品牌 LED 自行車燈與電動單車。,http://www.e-sense.com.tw/,2026-05-11
5292.TW,華懋,電機機械,半導體設備,專業揮發性有機廢氣 (VOCs) 處理設備商，深耕半導體與面板產業之環保設施。,http://www.hua-mao.com.tw/,2026-05-11
5299.TWO,杰力,半導體,功率 MOSFET,專業 MOSFET 晶片設計公司，產品應用於筆電、電源管理與電池保護模組。,http://www.excelliancetmos.com/,2026-05-11
5301.TWO,寶得利,貿易百貨,觀光珠寶,從事觀光珠寶精品銷售，並跨足餐飲與連鎖飯店加盟營運業務。,http://www.baodeli.com.tw/,2026-05-11
5302.TWO,太欣,半導體,消費性 IC,專業開發數位相機、數位錄音與消費性多媒體晶片之 IC 設計公司。,http://www.syntek.com.tw/,2026-05-11
5306.TW,桂盟,汽車零件,鏈條製造,全球最大自行車鏈條製造商，產品涵蓋高階競賽、電動單車及工業用鏈條。,http://www.kmcchain.com/,2026-05-11
5309.TWO,系統電,電子零組件,電源管理,專注於無線胎壓偵測 (TPMS)、工業級能源管理系統與電動車動力組件。,http://www.sysgration.com/,2026-05-11
5310.TWO,天剛,資訊服務,系統整合,提供企業級資訊硬體代理、系統整合及雲端數據管理服務。,http://www.t-stars.com/,2026-05-11
5312.TWO,寶島科,其他,連鎖眼鏡,台灣眼鏡通路龍頭，經營「寶島眼鏡」等品牌，提供驗光、配鏡與視力保健。,http://www.formosa-optical.com.tw/,2026-05-11
5314.TWO,世紀*,半導體,影像感測,原為影像感測封測，後轉型投入能源工程與綠能相關技術開發。,http://www.myson.com.tw/,2026-05-11
5315.TWO,光聯,光電業,液晶顯示器,專業製造 STN/TFT 液晶顯示模組，應用於工控儀表、家用電器與醫療器材。,http://www.urt.com.tw/,2026-05-11
5321.TWO,美而快,電子商務,網路服飾,經營「PAZZO」、「MEIER.Q」等網購服飾品牌，為台灣成衣電商領導商。,http://www.mercci22.com/,2026-05-11
5324.TWO,士開,建材營造,房地產開發,仰德集團旗下，從事土地開發、住宅興建及資產管理相關業務。,http://www.skland.com.tw/,2026-05-11
5328.TWO,華容,電子零組件,電容器,專業生產塑膠薄膜電容器，產品應用於照明、家電、電源及工業通訊。,http://www.hjc.com.tw/,2026-05-11
5340.TWO,建榮,電子零組件,玻纖布,提供印刷電路板 (PCB) 之上游基材玻纖布，應用於筆電、伺服器與車電。,http://www.fcfc-gc.com.tw/,2026-05-11
5344.TWO,立衛,半導體,晶圓測試,提供專業晶圓測試與封裝服務，主要客戶涵蓋國內外各大 IC 設計公司。,http://www.lv-tech.com.tw/,2026-05-11
5345.TWO,馥鴻,電子零組件,安控設備,專業開發數位錄影機 (DVR) 與網路攝影機，提供智慧安防解決方案。,http://www.fuhoke.com/,2026-05-11
5347.TWO,世界,半導體,晶圓代工,台積電集團成員，全球八吋晶圓代工領導商，專注於電源管理與顯示驅動 IC。,http://www.vis.com.tw/,2026-05-11
5348.TWO,正能量智能,其他,智能方案,提供工業物聯網、智慧自動化方案與各類軟硬體整合技術服務。,http://www.powerenergy.com.tw/,2026-05-11
5351.TWO,鈺創,半導體,利基型記憶體,專業開發緩衝記憶體 (Buffer Memory) 與影像處理晶片，應用於 3D 感測與 VR。,http://www.etron.com.tw/,2026-05-11
5353.TWO,台林,通信網路,網路設備,專業通訊網路系統與工業級網路交換器製造，提供 OEM/ODM 代工服務。,http://www.tailyn.com.tw/,2026-05-11
5355.TWO,佳總,電子零組件,PCB,專業印刷電路板廠，產品應用於高階顯示器、筆電及汽車零組件。,http://www.jia-chung.com.tw/,2026-05-11
5356.TWO,協益,電子週邊,機構件,生產電子機構件、碳粉匣及塑膠射出零件，服務全球雷射印表機大廠。,http://www.sirtec.com/,2026-05-11
5364.TWO,力麗店,其他,觀光旅館,經營「力麗哲園」系列飯店，提供住宿、餐飲及休閒遊憩管理服務。,http://www.lealeahotel.com/,2026-05-11
5371.TWO,中光電,光電業,背光模組,全球背光模組與投影機領導廠商，積極投入影像識別、無人機與機器人開發。,http://www.coretronic.com/,2026-05-11
5381.TWO,光譜,通信網路,光通訊元件,生產光收發模組、雷射二極體，應用於光纖通訊、資料中心與網路基礎建設。,http://www.luxnetcorp.com.tw/,2026-05-11
5386.TWO,青雲,電子週邊,顯示卡,從事伺服器、工作站硬體銷售，並為技嘉顯示卡與板卡主要代理與開發商。,http://www.albatron.com.tw/,2026-05-11
5388.TW,中磊,通信網路,網通設備,全球電信端、寬頻網路設備龍頭，專注於 5G、小型基地台及物聯網設備。,http://www.sercomm.com/,2026-05-11
5392.TWO,能率,其他,投資管理,專業投資控股公司，版圖橫跨精密組件、光學零件與數位影視產業。,http://www.abi.com.tw/,2026-05-11
5398.TWO,慕康生醫,生技醫療,醫療器材,原為電子廠轉型，現從事連鎖藥妝通路營運與保健食品、醫材銷售。,http://www.mukang.com.tw/,2026-05-11
5403.TWO,中菲,資訊服務,金融軟體,專業開發銀行存匯、信託及金融自動化系統，服務範圍涵蓋大型行庫。,http://www.cbs.com.tw/,2026-05-11
5410.TWO,國眾,資訊服務,系統整合,提供企業資源規劃 (ERP)、雲端平台整合及資訊設備維修與租賃服務。,http://www.leosys.com/,2026-05-11
5425.TWO,台半,半導體,整流二極體,專業功率半導體廠，產品應用於車用電子、工控與能源管理系統。,http://www.tsannkuen.com/,2026-05-11
5426.TWO,振發,電子週邊,金屬機構件,專業鋁擠型散熱器與精密金屬機殼製造商，服務通訊與消費電子產業。,http://www.chenfaw.com.tw/,2026-05-11
5432.TWO,新門,電子零組件,PCB,提供各類單、雙面印刷電路板製造，應用於家電控制與消費性電子。,http://www.shinmen.com.tw/,2026-05-11
5434.TW,崇越,其他,半導體材料,專業半導體材料供應商，代理矽晶圓、光阻液，並投入廢水處理與環保工程。,http://www.topco-global.com/,2026-05-11
5438.TWO,東友,電子週邊,辦公設備,從事多功能事務機 (MFP) 與掃描器研發代工，並開發 3D 列印相關技術。,http://www.tecom.com.tw/,2026-05-11
5439.TWO,高技,電子零組件,厚銅 PCB,專業厚銅、多層電路板廠，產品應用於電力系統、車用充電樁與工業控制。,http://www.fs-pcb.com.tw/,2026-05-11
5443.TWO,均豪,電機機械,自動化設備,提供半導體、面板及封裝產業之自動化生產、檢測設備解決方案。,http://www.gpmcorp.com.tw/,2026-05-11
5450.TWO,南良,其他,紡織材料,專業研發機能性與工業用防護紡織品，產品應用於醫療、軍警與運動領域。,http://www.namliong.com.tw/,2026-05-11
5452.TWO,佶優,其他,塑膠材料,專業塑膠原物料與環保材料分銷，並研發抗靜電、導電等特用塑膠。,http://www.grctech.com.tw/,2026-05-11
